record_id,original_path,evidence_path,sha256,size_bytes,status
LOCAL-76f6f1a9aa4d2814,anhui_zsb_data/raw/.DS_Store,anhui_zsb_data/evidence/local_reconciliation/_system/cross_year/system_metadata/DOC-LOCAL-SYSTEM-cross_year-system_metadata-local-ffc660049884-76f6f1a9.bin,ffc660049884cee3dd6d8a45b171d0b115bf984d4127ebc4607eb066bf4fa098,6148,copied_local_only
LOCAL-be14ba08565326be,anhui_zsb_data/raw/2024/AHNU/DOC-AHNU-2024-LQ.html,anhui_zsb_data/evidence/local_reconciliation/schools/AHNU/2024/admission_min_score/DOC-AHNU-2024-admission_min_score-local-a73ba1616e39-be14ba08.html,a73ba1616e391653faa2cca7526e528916332ce8f6690f3346b53021cd24b3b5,22724,copied_local_only
LOCAL-c292ad4060cc9f06,anhui_zsb_data/raw/2024/AHNU/DOC-AHNU-2024-LQ_clean.txt,anhui_zsb_data/evidence/local_reconciliation/schools/AHNU/2024/admission_min_score/DOC-AHNU-2024-admission_min_score-local-fb3d1fcd4884-c292ad40.txt,fb3d1fcd4884acf1b1dae8bae017c1dc57d41353d3965bd8e421755589b8eb7e,2247,copied_local_only
LOCAL-554ae141c634896d,anhui_zsb_data/raw/2024/AHNU/DOC-AHNU-2024-LQ_metadata.json,anhui_zsb_data/evidence/local_reconciliation/schools/AHNU/2024/admission_min_score/DOC-AHNU-2024-admission_min_score-local-d3a8d22ee80d-554ae141.json,d3a8d22ee80dc8b2dc80ef91b93aaf6f376de7d12e80d91bf75dd7922cc6485d,325,copied_local_only
LOCAL-c9dcf2fbdc18f5ac,anhui_zsb_data/raw/2024/AHNU/DOC-AHNU-2024-ZC.html,anhui_zsb_data/evidence/local_reconciliation/schools/AHNU/2024/admission_policy/DOC-AHNU-2024-admission_policy-local-81810885b0c9-c9dcf2fb.html,81810885b0c9f6af09e084d74ed4a2dc7b86cecf07642517ca5c3c10eec024d7,22803,copied_local_only
LOCAL-5926176b8676fd2c,anhui_zsb_data/raw/2024/AHNU/DOC-AHNU-2024-ZC.pdf,anhui_zsb_data/evidence/local_reconciliation/schools/AHNU/2024/admission_policy/DOC-AHNU-2024-admission_policy-local-5a7be6f27857-5926176b.pdf,5a7be6f27857c803a34f22aad3fb4abd5a8c21699dd7eda15f06e611d8128159,302563,copied_local_only
LOCAL-3e6409944fb2a60a,anhui_zsb_data/raw/2024/AHNU/DOC-AHNU-2024-ZC_clean.txt,anhui_zsb_data/evidence/local_reconciliation/schools/AHNU/2024/admission_policy/DOC-AHNU-2024-admission_policy-local-70f05e0f1c65-3e640994.txt,70f05e0f1c65e987f142c8320e259724a733f267af8df44efa20b27d3281ad7b,21289,copied_local_only
LOCAL-ff9bd6e31feca9f2,anhui_zsb_data/raw/2024/AHNU/DOC-AHNU-2024-ZC_metadata.json,anhui_zsb_data/evidence/local_reconciliation/schools/AHNU/2024/admission_policy/DOC-AHNU-2024-admission_policy-local-57f7d4334aaa-ff9bd6e3.json,57f7d4334aaa7c7c8ef02201373f9413627bb35e51165b6a66cf9723b4c38ea4,436,copied_local_only
LOCAL-aab26ba2a11eb413,anhui_zsb_data/raw/2024/HFNU/DOC-HFNU-2024-LQ.html,anhui_zsb_data/evidence/pilot_a/HFNU/2024/DOC-HFNU-2024-LQ.html,5d7c3b001fdd413ef78c2627b655f66e4c807630ef5fef9a7931d7c8c56f41e8,48438,already_in_remote_evidence
LOCAL-fbf58fb2c53d2b33,anhui_zsb_data/raw/2024/HFNU/DOC-HFNU-2024-LQ_clean.txt,anhui_zsb_data/evidence/local_reconciliation/schools/HFNU/2024/admission_min_score/DOC-HFNU-2024-admission_min_score-local-00d22c7d6e30-fbf58fb2.txt,00d22c7d6e303fa8576867e898d458387acd80dbb583c8e6bccbaff282386734,4420,copied_local_only
LOCAL-bb6b7dd064ec1352,anhui_zsb_data/raw/2024/HFNU/DOC-HFNU-2024-LQ_metadata.json,anhui_zsb_data/evidence/local_reconciliation/schools/HFNU/2024/admission_min_score/DOC-HFNU-2024-admission_min_score-local-106423763b27-bb6b7dd0.json,106423763b2753bc2b03e8b9100680ac63ab7f3155a7d134b3c1ae7a8241c29b,571,copied_local_only
LOCAL-7adafe06b2695ca3,anhui_zsb_data/raw/2024/HFNU/DOC-HFNU-2024-ZC.html,anhui_zsb_data/evidence/full_raw_30_schools/HFNU/2024/admission_policy/DOC-HFNU-2024-admission_policy-b39d2faf06.html,287a0ad40dd786ed6ba0f85f735677232b1e636e90a1b0ab15a3949e348176a5,80553,already_in_remote_evidence
LOCAL-80340029359a042f,anhui_zsb_data/raw/2024/HFNU/DOC-HFNU-2024-ZC_clean.txt,anhui_zsb_data/evidence/local_reconciliation/schools/HFNU/2024/admission_policy/DOC-HFNU-2024-admission_policy-local-c72219a2ffb2-80340029.txt,c72219a2ffb237090b926017834725ddd4430a2a12e380bd582b04d6135bc194,34348,copied_local_only
LOCAL-d4959810bc9f7f7e,anhui_zsb_data/raw/2024/HFNU/DOC-HFNU-2024-ZC_metadata.json,anhui_zsb_data/evidence/local_reconciliation/schools/HFNU/2024/admission_policy/DOC-HFNU-2024-admission_policy-local-41a76a466272-d4959810.json,41a76a466272b2c1738ac018477a7ed4d4bb8760f33b135578158e6d6fcdb1d7,548,copied_local_only
LOCAL-a5e874afb5bec80c,anhui_zsb_data/raw/2025/AHNU/DOC-AHNU-2025-LQ.html,anhui_zsb_data/evidence/local_reconciliation/schools/AHNU/2025/admission_min_score/DOC-AHNU-2025-admission_min_score-local-2db86c4b8815-a5e874af.html,2db86c4b881573d9362ddf968514f9a6733b4d761a540e2f051dbfcfa3ba2e11,82053,copied_local_only
LOCAL-cd75880b5460ff3c,anhui_zsb_data/raw/2025/AHNU/DOC-AHNU-2025-LQ_clean.txt,anhui_zsb_data/evidence/local_reconciliation/schools/AHNU/2025/admission_min_score/DOC-AHNU-2025-admission_min_score-local-0df4b81e4b1d-cd75880b.txt,0df4b81e4b1d8dbb7c2a543c4cb8d75a636e4862739644b6ced6ef7823c2fb0d,3498,copied_local_only
LOCAL-35fe4e81d8824f7f,anhui_zsb_data/raw/2025/AHNU/DOC-AHNU-2025-LQ_metadata.json,anhui_zsb_data/evidence/local_reconciliation/schools/AHNU/2025/admission_min_score/DOC-AHNU-2025-admission_min_score-local-33fc2a726c31-35fe4e81.json,33fc2a726c315941562d1ffd3a5c17cd911cfdb024fb4efef38dfec9a2da7fb8,427,copied_local_only
LOCAL-6e548588985bd519,anhui_zsb_data/raw/2025/AHNU/DOC-AHNU-2025-ZC.html,anhui_zsb_data/evidence/full_raw_30_schools/AHNU/2025/admission_policy/DOC-AHNU-2025-admission_policy-cde2a88ae4.html,da01a355482a7611640526122370a13100f59a81c089b0670d0c182338953537,22057,already_in_remote_evidence
LOCAL-0d3b90a00dd88836,anhui_zsb_data/raw/2025/AHNU/DOC-AHNU-2025-ZC.pdf,anhui_zsb_data/evidence/local_reconciliation/schools/AHNU/2025/admission_policy/DOC-AHNU-2025-admission_policy-local-e81f38a851a2-0d3b90a0.pdf,e81f38a851a2cffe38342010db73827a819fae97e2d2fc7bac3243e8ab96c075,340053,copied_local_only
LOCAL-7fe2b7b535753e33,anhui_zsb_data/raw/2025/AHNU/DOC-AHNU-2025-ZC_clean.txt,anhui_zsb_data/evidence/local_reconciliation/schools/AHNU/2025/admission_policy/DOC-AHNU-2025-admission_policy-local-dca59b0403a4-7fe2b7b5.txt,dca59b0403a41a82613f8bc6270a77a4e937032c26ec1ec54d5f56cb5ba0efbf,20643,copied_local_only
LOCAL-f1cd0d522c9c0996,anhui_zsb_data/raw/2025/AHNU/DOC-AHNU-2025-ZC_metadata.json,anhui_zsb_data/evidence/local_reconciliation/schools/AHNU/2025/admission_policy/DOC-AHNU-2025-admission_policy-local-92c903742875-f1cd0d52.json,92c9037428752bcdc60f4a4b11938168e9f83ba67fa9a2437584422d3aa53635,516,copied_local_only
LOCAL-11fcb7b886292149,anhui_zsb_data/raw/2025/HFNU/DOC-HFNU-2025-LQ.html,anhui_zsb_data/evidence/pilot_a/HFNU/2025/DOC-HFNU-2025-LQ.html,af0d182d21e6daccf20fb8c9e6bbc2d261d858978bb665977299095974ad9bb7,117971,already_in_remote_evidence
LOCAL-4f994a9e5c6dae24,anhui_zsb_data/raw/2025/HFNU/DOC-HFNU-2025-LQ_clean.txt,anhui_zsb_data/evidence/local_reconciliation/schools/HFNU/2025/admission_min_score/DOC-HFNU-2025-admission_min_score-local-39d7231be6b3-4f994a9e.txt,39d7231be6b3d48852f1767dd52edc78ba156cee7b28f937583566f7fe1b4da0,4497,copied_local_only
LOCAL-1f31d5de1491fa0a,anhui_zsb_data/raw/2025/HFNU/DOC-HFNU-2025-LQ_metadata.json,anhui_zsb_data/evidence/local_reconciliation/schools/HFNU/2025/admission_min_score/DOC-HFNU-2025-admission_min_score-local-9c50430e838f-1f31d5de.json,9c50430e838f7370a09f50cee0dd216218a40db7a8040fde83cdbf615963065d,572,copied_local_only
LOCAL-50ce88f00f377e55,anhui_zsb_data/raw/2025/HFNU/DOC-HFNU-2025-ZC.pdf,anhui_zsb_data/evidence/local_reconciliation/schools/HFNU/2025/admission_policy/DOC-HFNU-2025-admission_policy-local-52259c218fdb-50ce88f0.pdf,52259c218fdb48295fb782c99244dbeb4af8efe237d8ddb63bf27f46af59168e,405194,remote_raw_promoted_to_evidence
LOCAL-0e767b7dc4192a80,anhui_zsb_data/raw/2025/HFNU/DOC-HFNU-2025-ZC_parsed.txt,anhui_zsb_data/evidence/local_reconciliation/schools/HFNU/2025/admission_policy/DOC-HFNU-2025-admission_policy-local-739172ebf887-0e767b7d.txt,739172ebf8877b594ef586e39f1969ebd7bc6c72c0135c113b37e344879182ab,42871,remote_raw_promoted_to_evidence
LOCAL-eaae9f167d8e0dad,anhui_zsb_data/raw/2026/AHNU/DOC-AHNU-2026-LQ.html,anhui_zsb_data/evidence/local_reconciliation/schools/AHNU/2026/admission_min_score/DOC-AHNU-2026-admission_min_score-local-ed4086cfb8dc-eaae9f16.html,ed4086cfb8dcce76ab39043f9210ffeec56d95d857980cb3c7cfb6b3be1d3cd1,28600,copied_local_only
LOCAL-1576b35fa13f53a5,anhui_zsb_data/raw/2026/AHNU/DOC-AHNU-2026-LQ_clean.txt,anhui_zsb_data/evidence/local_reconciliation/schools/AHNU/2026/admission_min_score/DOC-AHNU-2026-admission_min_score-local-9aaeafd7f95b-1576b35f.txt,9aaeafd7f95bd44eac95166b12037604c4913e22ddc4a9d257231ce30c514e58,2815,copied_local_only
LOCAL-44b625a9040f2a9f,anhui_zsb_data/raw/2026/AHNU/DOC-AHNU-2026-LQ_metadata.json,anhui_zsb_data/evidence/local_reconciliation/schools/AHNU/2026/admission_min_score/DOC-AHNU-2026-admission_min_score-local-06a8c8b2d1f9-44b625a9.json,06a8c8b2d1f98d2fb9731c7913bae0eaa0060ed27b8e3c9b61bb03f0c66848aa,325,copied_local_only
LOCAL-d04191759a44b572,anhui_zsb_data/raw/2026/AHNU/DOC-AHNU-2026-ZC.pdf,anhui_zsb_data/evidence/local_reconciliation/schools/AHNU/2026/admission_policy/DOC-AHNU-2026-admission_policy-local-57a3cb813929-d0419175.pdf,57a3cb813929396258edbd82b593b0d8ec9bdc7124321707dfea8c523eb02d0d,280342,copied_local_only
LOCAL-f913df68617f0f71,anhui_zsb_data/raw/2026/AHNU/DOC-AHNU-2026-ZC_clean.txt,anhui_zsb_data/evidence/local_reconciliation/schools/AHNU/2026/admission_policy/DOC-AHNU-2026-admission_policy-local-052fc0e44277-f913df68.txt,052fc0e44277dc1f1891a87a71a78fd0f45269fdeb01c5dda1fe5c4859341b6e,21418,copied_local_only
LOCAL-9fef38576808a2e3,anhui_zsb_data/raw/2026/AHNU/DOC-AHNU-2026-ZC_metadata.json,anhui_zsb_data/evidence/local_reconciliation/schools/AHNU/2026/admission_policy/DOC-AHNU-2026-admission_policy-local-09a39623bf71-9fef3857.json,09a39623bf71f1347263b03cddbd7025c332faa51384bb105b4a86517d3fcc81,436,copied_local_only
LOCAL-d37fd3c4f1c80cd6,anhui_zsb_data/raw/2026/HFNU/DOC-HFNU-2026-LQ.html,anhui_zsb_data/evidence/full_raw_30_schools/HFNU/2026/enrollment_plan/DOC-HFNU-2026-enrollment_plan-ba3a5e62ee.html,09f1d78c5d0e37bce0c33cfc023aca00867fab2d98f5353c34d164409839b48e,23355,already_in_remote_evidence
LOCAL-af74a3d52db9b736,anhui_zsb_data/raw/2026/HFNU/DOC-HFNU-2026-LQ.pdf,anhui_zsb_data/evidence/pilot_a/HFNU/2026/DOC-HFNU-2026-LQ-EMBEDDED.pdf,8cad381fc97ae7da6c6c77fdb014158333d04a4f32f027f5ba8d0991e7ff0cc5,98816,already_in_remote_evidence
LOCAL-55b36871a5826a6a,anhui_zsb_data/raw/2026/HFNU/DOC-HFNU-2026-LQ_clean.txt,anhui_zsb_data/evidence/local_reconciliation/schools/HFNU/2026/admission_min_score/DOC-HFNU-2026-admission_min_score-local-28376a5ec5b7-55b36871.txt,28376a5ec5b7af24b99656f3b315b1e8a6a735a2e271231d89a9a298e44fd822,2583,copied_local_only
LOCAL-b22290c0e79d3192,anhui_zsb_data/raw/2026/HFNU/DOC-HFNU-2026-LQ_metadata.json,anhui_zsb_data/evidence/local_reconciliation/schools/HFNU/2026/admission_min_score/DOC-HFNU-2026-admission_min_score-local-074ecb5fc3ea-b22290c0.json,074ecb5fc3ea983cdfe4e3b8f28d44e824a22cb42721b12f59dcd3e860cc86c2,637,copied_local_only
LOCAL-60b2868b92cce3b7,anhui_zsb_data/raw/2026/HFNU/DOC-HFNU-2026-ZC.pdf,anhui_zsb_data/evidence/local_reconciliation/schools/HFNU/2026/admission_policy/DOC-HFNU-2026-admission_policy-local-dc078db20386-60b2868b.pdf,dc078db203863ceaf67cab0ccd3ad89b88305753c3604709dd17f2b0c80d7a0d,460853,remote_raw_promoted_to_evidence
LOCAL-5da9a307c08f7232,anhui_zsb_data/raw_acquisition/institutions/majors/2026/合肥师范学院_专业课大纲.json,anhui_zsb_data/evidence/local_reconciliation/schools/HFNU/2026/exam_syllabus/DOC-HFNU-2026-exam_syllabus-local-591536ae2b18-5da9a307.json,591536ae2b18e90380e5fee9b14c1a27f93a48808509dd487ba1e26745a9285f,2258,copied_local_only
LOCAL-c1332f105e9cdd62,anhui_zsb_data/raw_acquisition/institutions/majors/2026/安徽三联学院_专业课大纲.json,anhui_zsb_data/evidence/local_reconciliation/schools/SLU/2026/exam_syllabus/DOC-SLU-2026-exam_syllabus-local-a945a50189f3-c1332f10.json,a945a50189f3e8454c94bc455b3d1c2e1c4144d1173f540e13f6223b8bef1f8a,1178,copied_local_only
LOCAL-138ac29090153731,anhui_zsb_data/raw_acquisition/institutions/majors/2026/安徽中医药大学_专业课大纲.json,anhui_zsb_data/evidence/local_reconciliation/schools/AHTCM/2026/exam_syllabus/DOC-AHTCM-2026-exam_syllabus-local-5a92b69cea65-138ac290.json,5a92b69cea652a226f488212ef67baf599972ad5d6c7767754125f01fca4a48e,2589,copied_local_only
LOCAL-27ad3ce44891529d,anhui_zsb_data/raw_acquisition/institutions/majors/2026/安徽信息工程学院_专业课大纲.json,anhui_zsb_data/evidence/local_reconciliation/schools/AIIT/2026/exam_syllabus/DOC-AIIT-2026-exam_syllabus-local-af138a7ea4f4-27ad3ce4.json,af138a7ea4f463468f198dd0ff585364715c04536a98bd8216c018604dfdc9a7,1875,copied_local_only
LOCAL-8c65e390eaf096df,anhui_zsb_data/raw_acquisition/institutions/majors/2026/安徽农业大学_园艺专业.json,anhui_zsb_data/evidence/local_reconciliation/schools/AHAU/2026/exam_syllabus/DOC-AHAU-2026-exam_syllabus-local-15abffea4968-8c65e390.json,15abffea4968b34244fc9fe73bfdd1a3be6a8a1f88c5efcfa0d498e7dedca0c8,2283,copied_local_only
LOCAL-aa496ffbc9fddf33,anhui_zsb_data/raw_acquisition/institutions/majors/2026/安徽医科大学_专业课大纲.json,anhui_zsb_data/evidence/local_reconciliation/schools/AHMU/2026/exam_syllabus/DOC-AHMU-2026-exam_syllabus-local-67d81e41c02a-aa496ffb.json,67d81e41c02a4d9b7a151f29424284d9124a406b2929fc0671798e278d8cc866,1941,copied_local_only
LOCAL-ab7cd8edc9e219df,anhui_zsb_data/raw_acquisition/institutions/majors/2026/安徽工业大学_机械设计制造及其自动化.json,anhui_zsb_data/evidence/local_reconciliation/schools/AHUT/2026/exam_syllabus/DOC-AHUT-2026-exam_syllabus-local-498c59f254b9-ab7cd8ed.json,498c59f254b95b62cc5732e116b70f7ae9d3ca9548948b79696b63154b916674,2062,copied_local_only
LOCAL-f1a4514380479acf,anhui_zsb_data/raw_acquisition/institutions/majors/2026/安徽师范大学_专业课大纲.json,anhui_zsb_data/evidence/local_reconciliation/schools/AHNU/2026/exam_syllabus/DOC-AHNU-2026-exam_syllabus-local-667cc6ffce88-f1a45143.json,667cc6ffce88153cab12fdc5d6059722012e8882532b793586cb8e3306dd7458,1389,copied_local_only
LOCAL-912199cda63599de,anhui_zsb_data/raw_acquisition/institutions/majors/2026/安徽建筑大学_专业课大纲.json,anhui_zsb_data/evidence/local_reconciliation/schools/AHJZU/2026/exam_syllabus/DOC-AHJZU-2026-exam_syllabus-local-807a9a2496f6-912199cd.json,807a9a2496f60b8108d627cfddaf9e68673afce7bd90110b88273f8b300f2d12,3815,copied_local_only
LOCAL-2a96f48715b3734b,anhui_zsb_data/raw_acquisition/institutions/majors/2026/安徽新华学院_专业课大纲.json,anhui_zsb_data/evidence/local_reconciliation/schools/AXHU/2026/exam_syllabus/DOC-AXHU-2026-exam_syllabus-local-a107fe5015d4-2a96f487.json,a107fe5015d40e9b7013d0e2c31e4ca061a77cda1eb53648be96c2a53637f2b0,2044,copied_local_only
LOCAL-9867bee2af750efe,anhui_zsb_data/raw_acquisition/institutions/majors/2026/安徽第二医学院_专业课大纲.json,anhui_zsb_data/evidence/local_reconciliation/schools/AHYZ/2026/exam_syllabus/DOC-AHYZ-2026-exam_syllabus-local-63a7524af9ba-9867bee2.json,63a7524af9ba9fcf4b998bc76ed4bb4dea438eb26c34a411dd4661052208fa98,3024,copied_local_only
LOCAL-1505e8fbc91c1a0e,anhui_zsb_data/raw_acquisition/institutions/majors/2026/安徽财经大学_专业课大纲.json,anhui_zsb_data/evidence/local_reconciliation/schools/AUFE/2026/exam_syllabus/DOC-AUFE-2026-exam_syllabus-local-a1eeb5458931-1505e8fb.json,a1eeb5458931d79e8af997e8d3ddf9e247a3259339f5f66ec619c26277a5ecf4,1619,copied_local_only
LOCAL-577cd0db651b9433,anhui_zsb_data/raw_acquisition/institutions/majors/2026/宿州学院_专业课大纲.json,anhui_zsb_data/evidence/local_reconciliation/schools/AHSZU/2026/exam_syllabus/DOC-AHSZU-2026-exam_syllabus-local-eaa0c319b3db-577cd0db.json,eaa0c319b3db568e2ee9fd593dbd58ab3da8fab24f9917b82fd5d7fd8c56a3a5,1201,copied_local_only
LOCAL-a3ba1a71d02d8c82,anhui_zsb_data/raw_acquisition/institutions/majors/2026/池州学院_专业课大纲.json,anhui_zsb_data/evidence/local_reconciliation/schools/CZU/2026/exam_syllabus/DOC-CZU-2026-exam_syllabus-local-0ce61ef62b86-a3ba1a71.json,0ce61ef62b86a4bd17633b9e99c66cc7aaabe98fffe56e07fa411c84f368fb32,3972,copied_local_only
LOCAL-24ea0a91a9d5c268,anhui_zsb_data/raw_acquisition/institutions/majors/2026/皖西学院_专业课大纲.json,anhui_zsb_data/evidence/local_reconciliation/schools/WXC/2026/exam_syllabus/DOC-WXC-2026-exam_syllabus-local-42ccb8fdb339-24ea0a91.json,42ccb8fdb339fb2fa99fe33e0504bacba75bd0c86b1742e8389bb1c60e500bac,5109,copied_local_only
LOCAL-af6f78a21ea95850,anhui_zsb_data/raw_acquisition/institutions/majors/2026/蚌埠医科大学_专业课大纲.json,anhui_zsb_data/evidence/local_reconciliation/schools/BBMU/2026/exam_syllabus/DOC-BBMU-2026-exam_syllabus-local-830abe138993-af6f78a2.json,830abe1389938e3449334b687975697be0cdd07c6622a8c9e760c2eab186f24f,2000,copied_local_only
LOCAL-b29bd0fb9b099c8b,anhui_zsb_data/raw_acquisition/institutions/majors/2026/铜陵学院_专业课大纲.json,anhui_zsb_data/evidence/local_reconciliation/schools/TLU/2026/exam_syllabus/DOC-TLU-2026-exam_syllabus-local-a3a86b3c95d6-b29bd0fb.json,a3a86b3c95d699cb829d2d1216cf569bc3a1f82f272a9c4ed200f170676d3ba4,1721,copied_local_only
LOCAL-c4947bf52a5bd378,anhui_zsb_data/raw_acquisition/institutions/majors/2026/阜阳理工学院_专业课大纲.json,anhui_zsb_data/evidence/local_reconciliation/schools/FYUT/2026/exam_syllabus/DOC-FYUT-2026-exam_syllabus-local-075873ca61c3-c4947bf5.json,075873ca61c3108084e794ac0e1d0f3d07e1905d8a3d72c1c6eceda3a1dec15a,1418,copied_local_only
LOCAL-05e718cc0d4fb8a3,anhui_zsb_data/raw_acquisition/institutions/majors/2026/黄山学院_专业课大纲.json,anhui_zsb_data/evidence/local_reconciliation/schools/HSU/2026/exam_syllabus/DOC-HSU-2026-exam_syllabus-local-e983a84497ce-05e718cc.json,e983a84497ceb0bf3fd4473e72b6676e45e8600861916c1828934899928535b1,2100,copied_local_only
LOCAL-abda5dd3644098c5,anhui_zsb_data/raw_acquisition/institutions/亳州学院/2025/2025_亳州学院_招生章程.htm,anhui_zsb_data/evidence/local_reconciliation/schools/BZU/2025/admission_policy/DOC-BZU-2025-admission_policy-local-3916b2fcc919-abda5dd3.htm,3916b2fcc91931c2d08b8a3949873f92b51d8e8226c2b070388432b435bb84ef,8520,copied_local_only
LOCAL-5b44004e763748d0,anhui_zsb_data/raw_acquisition/institutions/亳州学院/2025/2025_亳州学院_招生章程.pdf,anhui_zsb_data/evidence/local_reconciliation/schools/BZU/2025/admission_policy/DOC-BZU-2025-admission_policy-local-6fce500c0da8-5b44004e.pdf,6fce500c0da89eae386ac680c8aaefbc4c2331462ef431db18ac14149208c7d3,231702,copied_local_only
LOCAL-0fb312c20aadfdf8,anhui_zsb_data/raw_acquisition/institutions/亳州学院/2025/2025_亳州学院_招生章程_text.txt,anhui_zsb_data/evidence/local_reconciliation/schools/BZU/2025/admission_policy/DOC-BZU-2025-admission_policy-local-e456028c63ea-0fb312c2.txt,e456028c63ea56b18b4be3b4cda01e032dea94587fdd7b0e1958d932a6037b5b,1803,copied_local_only
LOCAL-49311b947c11a732,anhui_zsb_data/raw_acquisition/institutions/亳州学院/2026/2026_亳州学院_招生章程.htm,anhui_zsb_data/evidence/local_reconciliation/schools/BZU/2026/admission_policy/DOC-BZU-2026-admission_policy-local-028f8433e42c-49311b94.htm,028f8433e42ced6b0113b81f524a8585e0583e607f13c5ed7762fe3dc60327d8,8520,copied_local_only
LOCAL-48022dc67a606c65,anhui_zsb_data/raw_acquisition/institutions/亳州学院/2026/2026_亳州学院_招生章程.pdf,anhui_zsb_data/evidence/local_reconciliation/schools/BZU/2026/admission_policy/DOC-BZU-2026-admission_policy-local-caaca3215b5f-48022dc6.pdf,caaca3215b5fd0f563263345520218cf3e2b298afdfca275c1f30463986c33ef,231674,copied_local_only
LOCAL-d3122936dd6f1b9b,anhui_zsb_data/raw_acquisition/institutions/亳州学院/2026/2026_亳州学院_招生章程_text.txt,anhui_zsb_data/evidence/local_reconciliation/schools/BZU/2026/admission_policy/DOC-BZU-2026-admission_policy-local-587ac5115d28-d3122936.txt,587ac5115d2865344f897dbf7fa0564cc00fa25940a33365b4c25b99584ef21d,1803,copied_local_only
LOCAL-9b8d585d8e079bec,anhui_zsb_data/raw_acquisition/institutions/合肥城市学院/2024/2024_合肥城市学院_分专业招生计划.htm,anhui_zsb_data/evidence/local_reconciliation/schools/CUHF/2024/enrollment_plan/DOC-CUHF-2024-enrollment_plan-local-00658deb4754-9b8d585d.htm,00658deb4754998b662f6c6758e9fb9a314d1cf8e4a211925aa98fa9b16eb10f,61121,copied_local_only
LOCAL-b7de9ecc28628884,anhui_zsb_data/raw_acquisition/institutions/合肥城市学院/2025/2025_合肥城市学院_招生章程.htm,anhui_zsb_data/evidence/local_reconciliation/schools/CUHF/2025/admission_policy/DOC-CUHF-2025-admission_policy-local-49ab45168db5-b7de9ecc.htm,49ab45168db523bb9654267b1b45a5dfd93af9086e2fd229ba036c29f7fba4a9,8532,copied_local_only
LOCAL-c57fc15f8b1d70d5,anhui_zsb_data/raw_acquisition/institutions/合肥城市学院/2025/2025_合肥城市学院_招生章程.pdf,anhui_zsb_data/evidence/local_reconciliation/schools/CUHF/2025/admission_policy/DOC-CUHF-2025-admission_policy-local-cf03ac3003ab-c57fc15f.pdf,cf03ac3003aba82bc062bad1fb6b961f9f338cf61a221d3a757b638f2d160cf0,228498,copied_local_only
LOCAL-4494089b15c5c28d,anhui_zsb_data/raw_acquisition/institutions/合肥城市学院/2025/2025_合肥城市学院_招生章程_text.txt,anhui_zsb_data/evidence/local_reconciliation/schools/CUHF/2025/admission_policy/DOC-CUHF-2025-admission_policy-local-430a8579c294-4494089b.txt,430a8579c2940c9eebfec230d858bf57b1a8bcdf3a64c1c9bafe51c454a02ec0,1815,copied_local_only
LOCAL-fd684e75ed7055ee,anhui_zsb_data/raw_acquisition/institutions/合肥城市学院/2026/2026_合肥城市学院_招生章程.htm,anhui_zsb_data/evidence/local_reconciliation/schools/CUHF/2026/admission_policy/DOC-CUHF-2026-admission_policy-local-698070f43b33-fd684e75.htm,698070f43b339e414da34319c1f9f170122282e18db83ff9eb96deea736e2244,8532,copied_local_only
LOCAL-8b3297fa52eff89d,anhui_zsb_data/raw_acquisition/institutions/合肥城市学院/2026/2026_合肥城市学院_招生章程.pdf,anhui_zsb_data/evidence/local_reconciliation/schools/CUHF/2026/admission_policy/DOC-CUHF-2026-admission_policy-local-5e97c9af08c5-8b3297fa.pdf,5e97c9af08c55af77519981a0971ccf09ccfd5852046ba1e06b5490b751e2024,225774,copied_local_only
LOCAL-c7aed25d4e20e1a7,anhui_zsb_data/raw_acquisition/institutions/合肥城市学院/2026/2026_合肥城市学院_招生章程_text.txt,anhui_zsb_data/evidence/local_reconciliation/schools/CUHF/2026/admission_policy/DOC-CUHF-2026-admission_policy-local-130e30a4377c-c7aed25d.txt,130e30a4377c714355ecaf92948b8b06e23107d68f25a4ca4c22327db1f75642,1815,copied_local_only
LOCAL-4ddf9e3159403d41,anhui_zsb_data/raw_acquisition/institutions/合肥大学/2025/2025_合肥大学_招生章程.htm,anhui_zsb_data/evidence/local_reconciliation/schools/HFUU/2025/admission_policy/DOC-HFUU-2025-admission_policy-local-ff4fb9375398-4ddf9e31.htm,ff4fb93753987b43bcf29f1b4829d1952918ca7e509236632aabad8dd442f58e,8508,copied_local_only
LOCAL-fc45a151a730dd2d,anhui_zsb_data/raw_acquisition/institutions/合肥大学/2025/2025_合肥大学_招生章程.pdf,anhui_zsb_data/evidence/local_reconciliation/schools/HFUU/2025/admission_policy/DOC-HFUU-2025-admission_policy-local-d5cd1b03f936-fc45a151.pdf,d5cd1b03f936834b05bcee83355b92611578d6dc5789e5a2d006ce87260e6cd1,268004,copied_local_only
LOCAL-420b64364b8a3862,anhui_zsb_data/raw_acquisition/institutions/合肥大学/2025/2025_合肥大学_招生章程_text.txt,anhui_zsb_data/evidence/local_reconciliation/schools/HFUU/2025/admission_policy/DOC-HFUU-2025-admission_policy-local-605f1442ffeb-420b6436.txt,605f1442ffebc27c6c3b6b566fb1e5f62cbd3de04d7995421303422bb603b70c,1791,copied_local_only
LOCAL-278965d92188b642,anhui_zsb_data/raw_acquisition/institutions/合肥大学/2026/2026_合肥大学_招生章程.htm,anhui_zsb_data/evidence/local_reconciliation/schools/HFUU/2026/admission_policy/DOC-HFUU-2026-admission_policy-local-347cb7354005-278965d9.htm,347cb73540058a46eacc7f71f740521a17bfa6096f4162403cdc09ef7d202582,8508,copied_local_only
LOCAL-d7896557abf7ae13,anhui_zsb_data/raw_acquisition/institutions/合肥大学/2026/2026_合肥大学_招生章程.pdf,anhui_zsb_data/evidence/local_reconciliation/schools/HFUU/2026/admission_policy/DOC-HFUU-2026-admission_policy-local-2df698ac32a4-d7896557.pdf,2df698ac32a46adfd268797f68b8652479a10c025ec3fa316904fa3b90fc1f99,317702,copied_local_only
LOCAL-92df97fd1a75ada0,anhui_zsb_data/raw_acquisition/institutions/合肥大学/2026/2026_合肥大学_招生章程_text.txt,anhui_zsb_data/evidence/local_reconciliation/schools/HFUU/2026/admission_policy/DOC-HFUU-2026-admission_policy-local-45494cb8a1aa-92df97fd.txt,45494cb8a1aac5472e45d7ba1d5186c1d1dc54d60f3d7ad0be45b7bb5c6f4998,1791,copied_local_only
LOCAL-2d12bf89cf370235,anhui_zsb_data/raw_acquisition/institutions/合肥师范学院/2025/2025_合肥师范学院_招生章程.htm,anhui_zsb_data/evidence/local_reconciliation/schools/HFNU/2025/admission_policy/DOC-HFNU-2025-admission_policy-local-d6bda8aa9f70-2d12bf89.htm,d6bda8aa9f7008625dc1ee0abc03d7c51df18a9140c3737bb6ec1d77abec6188,8532,copied_local_only
LOCAL-5a2368972f348347,anhui_zsb_data/raw_acquisition/institutions/合肥师范学院/2025/2025_合肥师范学院_招生章程.pdf,anhui_zsb_data/evidence/local_reconciliation/schools/HFNU/2025/admission_policy/DOC-HFNU-2025-admission_policy-local-52259c218fdb-5a236897.pdf,52259c218fdb48295fb782c99244dbeb4af8efe237d8ddb63bf27f46af59168e,405194,remote_raw_promoted_to_evidence
LOCAL-cc4c62f91f0b12b1,anhui_zsb_data/raw_acquisition/institutions/合肥师范学院/2025/2025_合肥师范学院_招生章程_text.txt,anhui_zsb_data/evidence/local_reconciliation/schools/HFNU/2025/admission_policy/DOC-HFNU-2025-admission_policy-local-556fd0436e6c-cc4c62f9.txt,556fd0436e6cd3c046c11ceab24d6ad244a2e601d3ae47b840fa58c4807b338b,1815,copied_local_only
LOCAL-a7a27649a88e0c75,anhui_zsb_data/raw_acquisition/institutions/合肥师范学院/2026/2026_合肥师范学院_招生章程.htm,anhui_zsb_data/evidence/local_reconciliation/schools/HFNU/2026/admission_policy/DOC-HFNU-2026-admission_policy-local-efd77906a241-a7a27649.htm,efd77906a241d47ad8993ff158509f7f87aaa688ce42741b33f0729aba039805,8532,copied_local_only
LOCAL-892afa42b9f1113d,anhui_zsb_data/raw_acquisition/institutions/合肥师范学院/2026/2026_合肥师范学院_招生章程.pdf,anhui_zsb_data/evidence/local_reconciliation/schools/HFNU/2026/admission_policy/DOC-HFNU-2026-admission_policy-local-dc078db20386-892afa42.pdf,dc078db203863ceaf67cab0ccd3ad89b88305753c3604709dd17f2b0c80d7a0d,460853,remote_raw_promoted_to_evidence
LOCAL-2d922c8046d22f23,anhui_zsb_data/raw_acquisition/institutions/合肥师范学院/2026/2026_合肥师范学院_招生章程_text.txt,anhui_zsb_data/evidence/local_reconciliation/schools/HFNU/2026/admission_policy/DOC-HFNU-2026-admission_policy-local-18f116d60825-2d922c80.txt,18f116d608252780ac821a77a5d2fe69427351549f21b15266ec2d5420aa6d89,1815,copied_local_only
LOCAL-9132131d9ac74166,anhui_zsb_data/raw_acquisition/institutions/合肥经济学院/2025/2025_合肥经济学院_招生章程.htm,anhui_zsb_data/evidence/local_reconciliation/schools/HFUE/2025/admission_policy/DOC-HFUE-2025-admission_policy-local-a1432e1031a4-9132131d.htm,a1432e1031a4e3ab7501f2a63896c1378e49f5daadf23bf34420b45a96ac5b05,8532,copied_local_only
LOCAL-df39bcc7c47baa96,anhui_zsb_data/raw_acquisition/institutions/合肥经济学院/2025/2025_合肥经济学院_招生章程.pdf,anhui_zsb_data/evidence/local_reconciliation/schools/HFUE/2025/admission_policy/DOC-HFUE-2025-admission_policy-local-4477c42b39dd-df39bcc7.pdf,4477c42b39dd71f602e31a6dc394ae555951bcc586a2f4f7d8aca304e440fccf,673795,copied_local_only
LOCAL-f6557b80df58484d,anhui_zsb_data/raw_acquisition/institutions/合肥经济学院/2025/2025_合肥经济学院_招生章程_text.txt,anhui_zsb_data/evidence/local_reconciliation/schools/HFUE/2025/admission_policy/DOC-HFUE-2025-admission_policy-local-8019d10e900a-f6557b80.txt,8019d10e900a5bf7e17200b6ed3fb7baca27a015c23135773e3de0ce6f996c1b,1815,copied_local_only
LOCAL-8d560d20fa637f36,anhui_zsb_data/raw_acquisition/institutions/合肥经济学院/2026/2026_合肥经济学院_招生章程.htm,anhui_zsb_data/evidence/local_reconciliation/schools/HFUE/2026/admission_policy/DOC-HFUE-2026-admission_policy-local-f8239a5577ac-8d560d20.htm,f8239a5577ac0cb66c1078f44a2ec7e8346fc6288b69aa8890c4d576147cf50e,8532,copied_local_only
LOCAL-74f3bee3a7491a32,anhui_zsb_data/raw_acquisition/institutions/合肥经济学院/2026/2026_合肥经济学院_招生章程.pdf,anhui_zsb_data/evidence/local_reconciliation/schools/HFUE/2026/admission_policy/DOC-HFUE-2026-admission_policy-local-d9e47f1fa269-74f3bee3.pdf,d9e47f1fa269c5354b7d2a9d646da90043e7f67ac3f9b60f822b77e1badfadfe,305946,copied_local_only
LOCAL-853fc39ecf8c4f7e,anhui_zsb_data/raw_acquisition/institutions/合肥经济学院/2026/2026_合肥经济学院_招生章程_text.txt,anhui_zsb_data/evidence/local_reconciliation/schools/HFUE/2026/admission_policy/DOC-HFUE-2026-admission_policy-local-4e7012c5e786-853fc39e.txt,4e7012c5e786d69f001dcfd8b324a76f952371d02d9ef646cbdf6130af059116,1815,copied_local_only
LOCAL-827ea84a2e0f9232,anhui_zsb_data/raw_acquisition/institutions/安庆师范大学/2025/2025_安庆师范大学_招生章程.htm,anhui_zsb_data/evidence/local_reconciliation/schools/AQNU/2025/admission_policy/DOC-AQNU-2025-admission_policy-local-c593b83982d3-827ea84a.htm,c593b83982d39e1a7334248fc598d021a17ad0794fd2e7466d9f8dfb94688a53,8555,copied_local_only
LOCAL-b6eb44902d2d2acd,anhui_zsb_data/raw_acquisition/institutions/安庆师范大学/2025/2025_安庆师范大学_招生章程.pdf,anhui_zsb_data/evidence/local_reconciliation/schools/AQNU/2025/admission_policy/DOC-AQNU-2025-admission_policy-local-212408bc76ee-b6eb4490.pdf,212408bc76ee6478b2bdf8449b032051de71d2efa08597613db9666645b82b0d,382227,copied_local_only
LOCAL-7c1c3bf68a0e79c2,anhui_zsb_data/raw_acquisition/institutions/安庆师范大学/2025/2025_安庆师范大学_招生章程_text.txt,anhui_zsb_data/evidence/local_reconciliation/schools/AQNU/2025/admission_policy/DOC-AQNU-2025-admission_policy-local-cd59f9ce6722-7c1c3bf6.txt,cd59f9ce6722ae7d87d933a34691b0d062a09adfe09f31b3f4292d83034d01c4,1839,copied_local_only
LOCAL-9cad7811250ec16f,anhui_zsb_data/raw_acquisition/institutions/安庆师范大学/2026/2026_安庆师范大学_招生章程.htm,anhui_zsb_data/evidence/local_reconciliation/schools/AQNU/2026/admission_policy/DOC-AQNU-2026-admission_policy-local-5bd6ab6b2423-9cad7811.htm,5bd6ab6b24238ab528e9df1cf59ceb584b88c555344f96cc2918b470a92c0940,8556,copied_local_only
LOCAL-37dc890de15f442b,anhui_zsb_data/raw_acquisition/institutions/安庆师范大学/2026/2026_安庆师范大学_招生章程.pdf,anhui_zsb_data/evidence/local_reconciliation/schools/AQNU/2026/admission_policy/DOC-AQNU-2026-admission_policy-local-beca50c35c8d-37dc890d.pdf,beca50c35c8d65c1565bf576d338323ba757aa43ceee7e11d91e13ddb1768f23,244134,copied_local_only
LOCAL-f77e892ba20683d3,anhui_zsb_data/raw_acquisition/institutions/安庆师范大学/2026/2026_安庆师范大学_招生章程_text.txt,anhui_zsb_data/evidence/local_reconciliation/schools/AQNU/2026/admission_policy/DOC-AQNU-2026-admission_policy-local-a7aa88444bcf-f77e892b.txt,a7aa88444bcf26c6ad10addee634b3262c399148604eb6c7c69693f0703ea3d4,1839,copied_local_only
LOCAL-b8c48b8c72ef1c62,anhui_zsb_data/raw_acquisition/institutions/安徽三联学院/2025/2025_安徽三联学院_招生章程.htm,anhui_zsb_data/evidence/local_reconciliation/schools/SLU/2025/admission_policy/DOC-SLU-2025-admission_policy-local-be19a736ab1a-b8c48b8c.htm,be19a736ab1af8dbd94ffbbf09985902c4057fbca1914a013d87f6cbcf8a64a7,8556,copied_local_only
LOCAL-446fbff3d2c60211,anhui_zsb_data/raw_acquisition/institutions/安徽三联学院/2025/2025_安徽三联学院_招生章程.pdf,anhui_zsb_data/evidence/local_reconciliation/schools/SLU/2025/admission_policy/DOC-SLU-2025-admission_policy-local-3ffce446bdbb-446fbff3.pdf,3ffce446bdbb6c4cd1568edc092cde72c1ffe94af68b3a39510dd9ad8c88f8a0,493448,copied_local_only
LOCAL-e98a4c2ae304c7ec,anhui_zsb_data/raw_acquisition/institutions/安徽三联学院/2025/2025_安徽三联学院_招生章程_text.txt,anhui_zsb_data/evidence/local_reconciliation/schools/SLU/2025/admission_policy/DOC-SLU-2025-admission_policy-local-10add132cbde-e98a4c2a.txt,10add132cbde981d96a0e8744e90998fd145c6cdbf032cb4e295ba939ab4140b,1839,copied_local_only
LOCAL-eb0766919b1f27cf,anhui_zsb_data/raw_acquisition/institutions/安徽三联学院/2026/2026_安徽三联学院_招生章程.htm,anhui_zsb_data/evidence/local_reconciliation/schools/SLU/2026/admission_policy/DOC-SLU-2026-admission_policy-local-c89398037e18-eb076691.htm,c89398037e18670d1ebb7735604fdf6ed9f979ba231ebb91b670219bba51c3c6,8556,copied_local_only
LOCAL-8571d065a9e3cd46,anhui_zsb_data/raw_acquisition/institutions/安徽三联学院/2026/2026_安徽三联学院_招生章程.pdf,anhui_zsb_data/evidence/local_reconciliation/schools/SLU/2026/admission_policy/DOC-SLU-2026-admission_policy-local-2edfd4832245-8571d065.pdf,2edfd4832245d9259b51f16edd1708289b451fc78e36f509faf8a5ea59321b65,239489,copied_local_only
LOCAL-4ff048de25b76d80,anhui_zsb_data/raw_acquisition/institutions/安徽三联学院/2026/2026_安徽三联学院_招生章程_text.txt,anhui_zsb_data/evidence/local_reconciliation/schools/SLU/2026/admission_policy/DOC-SLU-2026-admission_policy-local-b902e25cd515-4ff048de.txt,b902e25cd51558c1291521fa132cafcf2cb5b3f52a38e2dd00c5cc5e0938c2cb,1839,copied_local_only
LOCAL-4e32a5f1cc1ce4e7,anhui_zsb_data/raw_acquisition/institutions/安徽中医药大学/2025/2025_安徽中医药大学_招生章程.htm,anhui_zsb_data/evidence/local_reconciliation/schools/AHTCM/2025/admission_policy/DOC-AHTCM-2025-admission_policy-local-19be38c736ec-4e32a5f1.htm,19be38c736ec03686e0ac7fa4b487178e6eb416c153cd90144e032b68fa72a2f,8562,copied_local_only
LOCAL-bf0d8b87e7a33687,anhui_zsb_data/raw_acquisition/institutions/安徽中医药大学/2025/2025_安徽中医药大学_招生章程.pdf,anhui_zsb_data/evidence/local_reconciliation/schools/AHTCM/2025/admission_policy/DOC-AHTCM-2025-admission_policy-local-51a740a49c46-bf0d8b87.pdf,51a740a49c46c2874261fdc943ec3293e27e605095a4e6ca52dfa704cf98eac5,369631,copied_local_only
LOCAL-5cccb103edb4b0a8,anhui_zsb_data/raw_acquisition/institutions/安徽中医药大学/2025/2025_安徽中医药大学_招生章程_text.txt,anhui_zsb_data/evidence/local_reconciliation/schools/AHTCM/2025/admission_policy/DOC-AHTCM-2025-admission_policy-local-b01547945937-5cccb103.txt,b015479459372fa6a4396ecc5aa31f36f80071470feba53b751dd2d17c668750,1845,copied_local_only
LOCAL-ced768591b506199,anhui_zsb_data/raw_acquisition/institutions/安徽中医药大学/2026/2026_安徽中医药大学_招生章程.htm,anhui_zsb_data/evidence/local_reconciliation/schools/AHTCM/2026/admission_policy/DOC-AHTCM-2026-admission_policy-local-9ef749326723-ced76859.htm,9ef749326723b1faedc227b3cdcb9be476969254268db4c7c5ee9285055621d3,8562,copied_local_only
LOCAL-4330d491c5008cab,anhui_zsb_data/raw_acquisition/institutions/安徽中医药大学/2026/2026_安徽中医药大学_招生章程.pdf,anhui_zsb_data/evidence/local_reconciliation/schools/AHTCM/2026/admission_policy/DOC-AHTCM-2026-admission_policy-local-161101a02faa-4330d491.pdf,161101a02faa8b16301f7a7d5bca66aed96aec12dc656c32d9ceb1ca1783de8b,387211,copied_local_only
LOCAL-d03583a3fe805eb2,anhui_zsb_data/raw_acquisition/institutions/安徽中医药大学/2026/2026_安徽中医药大学_招生章程_text.txt,anhui_zsb_data/evidence/local_reconciliation/schools/AHTCM/2026/admission_policy/DOC-AHTCM-2026-admission_policy-local-4ae6760e3986-d03583a3.txt,4ae6760e3986132ff44fb3d4e8a8dc623e5d7933630d6381ab60f173f9314833,1845,copied_local_only
LOCAL-0e5478ddb84cae76,anhui_zsb_data/raw_acquisition/institutions/安徽信息工程学院/2025/2025_安徽信息工程学院_招生章程.htm,anhui_zsb_data/evidence/local_reconciliation/schools/AIIT/2025/admission_policy/DOC-AIIT-2025-admission_policy-local-acdab97635b1-0e5478dd.htm,acdab97635b1f4b40ce60588fc0b859ac0961b61726bac7d60bc5126122e9230,8580,copied_local_only
LOCAL-aedd7246b154b605,anhui_zsb_data/raw_acquisition/institutions/安徽信息工程学院/2025/2025_安徽信息工程学院_招生章程.pdf,anhui_zsb_data/evidence/local_reconciliation/schools/AIIT/2025/admission_policy/DOC-AIIT-2025-admission_policy-local-bb17919ba66d-aedd7246.pdf,bb17919ba66d908b571f8d1779e2ea6c333a361295590a3c02bdd43db77e0331,183121,copied_local_only
LOCAL-7349f1242a073aa2,anhui_zsb_data/raw_acquisition/institutions/安徽信息工程学院/2025/2025_安徽信息工程学院_招生章程_text.txt,anhui_zsb_data/evidence/local_reconciliation/schools/AIIT/2025/admission_policy/DOC-AIIT-2025-admission_policy-local-887fea22e147-7349f124.txt,887fea22e14744119785f6f3a5db9b493697d12c81e70641ad86bf097d560a48,1863,copied_local_only
LOCAL-4cad066faf7c327c,anhui_zsb_data/raw_acquisition/institutions/安徽信息工程学院/2026/2026_安徽信息工程学院_招生章程.htm,anhui_zsb_data/evidence/local_reconciliation/schools/AIIT/2026/admission_policy/DOC-AIIT-2026-admission_policy-local-836a7a9bcb1d-4cad066f.htm,836a7a9bcb1d0610a1cbd724a8c56adbb14101220ad5d5d476730a49e92c65c9,148591,copied_local_only
LOCAL-998d0be792ea77ff,anhui_zsb_data/raw_acquisition/institutions/安徽农业大学/2025/2025_安徽农业大学_招生章程.htm,anhui_zsb_data/evidence/local_reconciliation/schools/AHAU/2025/admission_policy/DOC-AHAU-2025-admission_policy-local-19b822cf49e2-998d0be7.htm,19b822cf49e205840f0c541b43eb2cc43c7324623e96cc560b79b94399513cf2,8544,copied_local_only
LOCAL-f2df59096d37fcdb,anhui_zsb_data/raw_acquisition/institutions/安徽农业大学/2025/2025_安徽农业大学_招生章程.pdf,anhui_zsb_data/evidence/local_reconciliation/schools/AHAU/2025/admission_policy/DOC-AHAU-2025-admission_policy-local-313cb4628548-f2df5909.pdf,313cb4628548792ccbb3e9eaf0de46fae009b83502da9187f348341f7eb0efe0,279543,copied_local_only
LOCAL-f372fff06d528e89,anhui_zsb_data/raw_acquisition/institutions/安徽农业大学/2025/2025_安徽农业大学_招生章程_text.txt,anhui_zsb_data/evidence/local_reconciliation/schools/AHAU/2025/admission_policy/DOC-AHAU-2025-admission_policy-local-833bf03b70ef-f372fff0.txt,833bf03b70efa82cab93da022a2777e8e1dc3c1d7fe7eab2d55e7448e00c9bd0,1827,copied_local_only
LOCAL-30d5f34ce84a143f,anhui_zsb_data/raw_acquisition/institutions/安徽农业大学/2026/2026_安徽农业大学_招生章程.htm,anhui_zsb_data/evidence/local_reconciliation/schools/AHAU/2026/admission_policy/DOC-AHAU-2026-admission_policy-local-0a0190b4af62-30d5f34c.htm,0a0190b4af62f5d8515ae6bc7db283f23979f64910bf55d047fb27d144ca6c7d,8544,copied_local_only
LOCAL-5e3a53c33080a4ab,anhui_zsb_data/raw_acquisition/institutions/安徽农业大学/2026/2026_安徽农业大学_招生章程.pdf,anhui_zsb_data/evidence/local_reconciliation/schools/AHAU/2026/admission_policy/DOC-AHAU-2026-admission_policy-local-df6754995449-5e3a53c3.pdf,df6754995449e517ab67840c8818cf74f8db5a4e528b2cc9a2c6db96fa0953f0,262593,copied_local_only
LOCAL-f1bfb32ae9c881f2,anhui_zsb_data/raw_acquisition/institutions/安徽农业大学/2026/2026_安徽农业大学_招生章程_text.txt,anhui_zsb_data/evidence/local_reconciliation/schools/AHAU/2026/admission_policy/DOC-AHAU-2026-admission_policy-local-a5314f9f6480-f1bfb32a.txt,a5314f9f6480ed4b4d6aa205a16ae8ecd61a9c4d85029b735517687c4c4f10eb,1827,copied_local_only
LOCAL-36432c57a50bafaa,anhui_zsb_data/raw_acquisition/institutions/安徽医科大学/2025/2025_安徽医科大学_招生章程.htm,anhui_zsb_data/evidence/local_reconciliation/schools/AHMU/2025/admission_policy/DOC-AHMU-2025-admission_policy-local-36638941e4ee-36432c57.htm,36638941e4eeb730c19061952e1048d1bf093db4a91e4fc1c871e7c54e24942d,8543,copied_local_only
LOCAL-b9ae0dc943b21655,anhui_zsb_data/raw_acquisition/institutions/安徽医科大学/2025/2025_安徽医科大学_招生章程.pdf,anhui_zsb_data/evidence/local_reconciliation/schools/AHMU/2025/admission_policy/DOC-AHMU-2025-admission_policy-local-564786a98738-b9ae0dc9.pdf,564786a9873857601515827ae1ad14d9b035f581975a5a6d9ea6fcf93a28a83f,409726,copied_local_only
LOCAL-8d66bcd901ac1340,anhui_zsb_data/raw_acquisition/institutions/安徽医科大学/2025/2025_安徽医科大学_招生章程_text.txt,anhui_zsb_data/evidence/local_reconciliation/schools/AHMU/2025/admission_policy/DOC-AHMU-2025-admission_policy-local-6a8f90b54b52-8d66bcd9.txt,6a8f90b54b52418c72fe68b4199076afeb60c6b48a2d58207305ee75437775a6,1827,copied_local_only
LOCAL-434425959b203c8f,anhui_zsb_data/raw_acquisition/institutions/安徽医科大学/2026/2026_安徽医科大学_招生章程.htm,anhui_zsb_data/evidence/local_reconciliation/schools/AHMU/2026/admission_policy/DOC-AHMU-2026-admission_policy-local-a28b40c5fe24-43442595.htm,a28b40c5fe242b2f124b0ae6826045a6eb2000285f226b1f53f2c266072372a1,8546,copied_local_only
LOCAL-e4f0df78c638dd23,anhui_zsb_data/raw_acquisition/institutions/安徽医科大学/2026/2026_安徽医科大学_招生章程.pdf,anhui_zsb_data/evidence/local_reconciliation/schools/AHMU/2026/admission_policy/DOC-AHMU-2026-admission_policy-local-0cb553b6afe1-e4f0df78.pdf,0cb553b6afe10b85cd0f7bcf4205ce3d8b69ed745c7b24a9187dfedf1dd52b1a,521949,copied_local_only
LOCAL-a07fe43ffe051644,anhui_zsb_data/raw_acquisition/institutions/安徽医科大学/2026/2026_安徽医科大学_招生章程_text.txt,anhui_zsb_data/evidence/local_reconciliation/schools/AHMU/2026/admission_policy/DOC-AHMU-2026-admission_policy-local-74aa0fc66ea3-a07fe43f.txt,74aa0fc66ea35460e7f2d092ba9260e0bfb3a4bc5b3066440a6ba34fa9c555d0,1827,copied_local_only
LOCAL-b6a105aa2d3709b8,anhui_zsb_data/raw_acquisition/institutions/安徽医科大学临床医学院/2025/2025_安徽医科大学临床医学院_招生章程.htm,anhui_zsb_data/evidence/local_reconciliation/schools/AYCC/2025/admission_policy/DOC-AYCC-2025-admission_policy-local-869836df2a7f-b6a105aa.htm,869836df2a7ff6b25df426eaf43e5747e39a36cb1c2e5f4fe30af97418ed3af1,8585,copied_local_only
LOCAL-4337c77f715aac76,anhui_zsb_data/raw_acquisition/institutions/安徽医科大学临床医学院/2025/2025_安徽医科大学临床医学院_招生章程.pdf,anhui_zsb_data/evidence/local_reconciliation/schools/AYCC/2025/admission_policy/DOC-AYCC-2025-admission_policy-local-b8fb6a8eae7f-4337c77f.pdf,b8fb6a8eae7f36f1bcd4efb56790f0831c712db09dbb391fd08dc88314d58cc2,235977,copied_local_only
LOCAL-e177b384c997d7e9,anhui_zsb_data/raw_acquisition/institutions/安徽医科大学临床医学院/2025/2025_安徽医科大学临床医学院_招生章程_text.txt,anhui_zsb_data/evidence/local_reconciliation/schools/AYCC/2025/admission_policy/DOC-AYCC-2025-admission_policy-local-e313e628a834-e177b384.txt,e313e628a83495e8e2d1b167a006bf556fe9ecf118cdef89ec77511d3d584463,1869,copied_local_only
LOCAL-e9c0ed6c1319a6dc,anhui_zsb_data/raw_acquisition/institutions/安徽医科大学临床医学院/2026/2026_安徽医科大学临床医学院_招生章程.htm,anhui_zsb_data/evidence/local_reconciliation/schools/AYCC/2026/admission_policy/DOC-AYCC-2026-admission_policy-local-ae1dfb5774d1-e9c0ed6c.htm,ae1dfb5774d1955fa5f07cc24ca7d0df10307868ad66d428259999de66679a2d,8586,copied_local_only
LOCAL-44a8fdf2b0531e88,anhui_zsb_data/raw_acquisition/institutions/安徽医科大学临床医学院/2026/2026_安徽医科大学临床医学院_招生章程.pdf,anhui_zsb_data/evidence/local_reconciliation/schools/AYCC/2026/admission_policy/DOC-AYCC-2026-admission_policy-local-f0ed622cc732-44a8fdf2.pdf,f0ed622cc732e9a5f369df89226727c8a8903c32f946525fc496d564fdf31926,237473,copied_local_only
LOCAL-636dc9c3860d9888,anhui_zsb_data/raw_acquisition/institutions/安徽医科大学临床医学院/2026/2026_安徽医科大学临床医学院_招生章程_text.txt,anhui_zsb_data/evidence/local_reconciliation/schools/AYCC/2026/admission_policy/DOC-AYCC-2026-admission_policy-local-9bdfd64e2d7c-636dc9c3.txt,9bdfd64e2d7cdae46270b11f4e6be7f31db0eb1460b61bb23b019bbf9f9145d3,1869,copied_local_only
LOCAL-e2918f8a51bf2137,anhui_zsb_data/raw_acquisition/institutions/安徽外国语学院/2025/2025_安徽外国语学院_招生章程.htm,anhui_zsb_data/evidence/local_reconciliation/schools/AISU/2025/admission_policy/DOC-AISU-2025-admission_policy-local-db9a01363d1c-e2918f8a.htm,db9a01363d1ca42d0298b4624fe43a7bf1836f7aa5071faa3e8b9d783624d185,8565,copied_local_only
LOCAL-e362079f8c92c740,anhui_zsb_data/raw_acquisition/institutions/安徽外国语学院/2025/2025_安徽外国语学院_招生章程.pdf,anhui_zsb_data/evidence/local_reconciliation/schools/AISU/2025/admission_policy/DOC-AISU-2025-admission_policy-local-b0b7e7f2832d-e362079f.pdf,b0b7e7f2832d7bac14f625b90e07ec4422c59fc4359b548266ba9ca0f36fc804,274775,copied_local_only
LOCAL-8c40ca1685a17f08,anhui_zsb_data/raw_acquisition/institutions/安徽外国语学院/2025/2025_安徽外国语学院_招生章程_text.txt,anhui_zsb_data/evidence/local_reconciliation/schools/AISU/2025/admission_policy/DOC-AISU-2025-admission_policy-local-a3c7c2ecba8f-8c40ca16.txt,a3c7c2ecba8f0b575d6f9ef6ed26438cc8fe65767d68a03ff913bcecf2c938aa,1848,copied_local_only
LOCAL-51616c4fa1a9eb7b,anhui_zsb_data/raw_acquisition/institutions/安徽外国语学院/2026/2026_安徽外国语学院_招生章程.htm,anhui_zsb_data/evidence/local_reconciliation/schools/AISU/2026/admission_policy/DOC-AISU-2026-admission_policy-local-e36b1f19aa5d-51616c4f.htm,e36b1f19aa5dfcb3f145f8251c415e5f884ac7912161358a17c23a302916ec01,8565,copied_local_only
LOCAL-1b7e009b6ee6a802,anhui_zsb_data/raw_acquisition/institutions/安徽外国语学院/2026/2026_安徽外国语学院_招生章程.pdf,anhui_zsb_data/evidence/local_reconciliation/schools/AISU/2026/admission_policy/DOC-AISU-2026-admission_policy-local-a52bdfb62275-1b7e009b.pdf,a52bdfb62275a38b9fc45c8a7d3f2e375fb79c058ab70085bab7f5d15839096f,273634,copied_local_only
LOCAL-ad0b7d3277a0dc78,anhui_zsb_data/raw_acquisition/institutions/安徽外国语学院/2026/2026_安徽外国语学院_招生章程_text.txt,anhui_zsb_data/evidence/local_reconciliation/schools/AISU/2026/admission_policy/DOC-AISU-2026-admission_policy-local-902434849151-ad0b7d32.txt,902434849151457e82f0389aabb66445af891fdcd48bf6593bc88115a26825bd,1848,copied_local_only
LOCAL-3784e2c9e07fedd4,anhui_zsb_data/raw_acquisition/institutions/安徽工业大学/2024/2024_安徽工业大学_录取分数线.htm,anhui_zsb_data/evidence/local_reconciliation/schools/AHUT/2024/admission_min_score/DOC-AHUT-2024-admission_min_score-local-ef24673a47b0-3784e2c9.htm,ef24673a47b0ffec012cd26764a6158430e389dc1b561707efe587bf9ec078a6,106425,copied_local_only
LOCAL-5c8dde01d6907392,anhui_zsb_data/raw_acquisition/institutions/安徽工业大学/2025/2025_安徽工业大学_录取分数线.htm,anhui_zsb_data/evidence/local_reconciliation/schools/AHUT/2025/admission_min_score/DOC-AHUT-2025-admission_min_score-local-336ed1155111-5c8dde01.htm,336ed1155111be9ebaefb3340f2d876876bee6bba81554c23366573d2bd6619b,110880,copied_local_only
LOCAL-a70b1778788f240a,anhui_zsb_data/raw_acquisition/institutions/安徽工业大学/2025/2025_安徽工业大学_招生章程.htm,anhui_zsb_data/evidence/local_reconciliation/schools/AHUT/2025/admission_policy/DOC-AHUT-2025-admission_policy-local-12277f89c656-a70b1778.htm,12277f89c656c75e0af449a66c84bf88e484d986936e8a5718c3ab79ee8d6e6e,8544,copied_local_only
LOCAL-215c520e4bfde848,anhui_zsb_data/raw_acquisition/institutions/安徽工业大学/2025/2025_安徽工业大学_招生章程.pdf,anhui_zsb_data/evidence/local_reconciliation/schools/AHUT/2025/admission_policy/DOC-AHUT-2025-admission_policy-local-91dbaab1831a-215c520e.pdf,91dbaab1831a31657b241e85a28523b919866eb83aa5b053e0a8c90419a6a312,329641,copied_local_only
LOCAL-cc53e8aaae5a1d6a,anhui_zsb_data/raw_acquisition/institutions/安徽工业大学/2025/2025_安徽工业大学_招生章程_text.txt,anhui_zsb_data/evidence/local_reconciliation/schools/AHUT/2025/admission_policy/DOC-AHUT-2025-admission_policy-local-a0a234e55040-cc53e8aa.txt,a0a234e55040b6d19002e2d3d29d87a412a7ac3a72256a8f7cd881a3143c26cb,1827,copied_local_only
LOCAL-21bbc0eaf041a991,anhui_zsb_data/raw_acquisition/institutions/安徽工业大学/2026/2026_安徽工业大学_招生章程.htm,anhui_zsb_data/evidence/local_reconciliation/schools/AHUT/2026/admission_policy/DOC-AHUT-2026-admission_policy-local-ec3655bba0ea-21bbc0ea.htm,ec3655bba0eaf832113192637a8bf8e84ab1d2f862882f2a353cca0cae93cea2,8544,copied_local_only
LOCAL-42d1d47fce9efa96,anhui_zsb_data/raw_acquisition/institutions/安徽工业大学/2026/2026_安徽工业大学_招生章程.pdf,anhui_zsb_data/evidence/local_reconciliation/schools/AHUT/2026/admission_policy/DOC-AHUT-2026-admission_policy-local-e90c76b01ef0-42d1d47f.pdf,e90c76b01ef0b383dbd21f492a7682e6454c37d92b87c7becad954369b0d729e,334154,copied_local_only
LOCAL-729cedf0b04cbab7,anhui_zsb_data/raw_acquisition/institutions/安徽工业大学/2026/2026_安徽工业大学_招生章程_text.txt,anhui_zsb_data/evidence/local_reconciliation/schools/AHUT/2026/admission_policy/DOC-AHUT-2026-admission_policy-local-751a2eaeb9a6-729cedf0.txt,751a2eaeb9a6adae6c57e1ce0194e8c28279bd8549470f66a32edbb96577e193,1827,copied_local_only
LOCAL-56c3e9c49b8cf210,anhui_zsb_data/raw_acquisition/institutions/安徽师范大学/2025/2025_安徽师范大学_招生章程.htm,anhui_zsb_data/evidence/local_reconciliation/schools/AHNU/2025/admission_policy/DOC-AHNU-2025-admission_policy-local-2a64a777701f-56c3e9c4.htm,2a64a777701f1c784bc741070a92ddef4498b337f9e16fb13e09ccb3cb32b0d2,8556,copied_local_only
LOCAL-a11e760bb5c31935,anhui_zsb_data/raw_acquisition/institutions/安徽师范大学/2025/2025_安徽师范大学_招生章程.pdf,anhui_zsb_data/evidence/local_reconciliation/schools/AHNU/2025/admission_policy/DOC-AHNU-2025-admission_policy-local-e81f38a851a2-a11e760b.pdf,e81f38a851a2cffe38342010db73827a819fae97e2d2fc7bac3243e8ab96c075,340053,copied_local_only
LOCAL-e240e640679ac392,anhui_zsb_data/raw_acquisition/institutions/安徽师范大学/2025/2025_安徽师范大学_招生章程_text.txt,anhui_zsb_data/evidence/local_reconciliation/schools/AHNU/2025/admission_policy/DOC-AHNU-2025-admission_policy-local-cd59f9ce6722-e240e640.txt,cd59f9ce6722ae7d87d933a34691b0d062a09adfe09f31b3f4292d83034d01c4,1839,copied_local_only
LOCAL-2da4a59f586ab27c,anhui_zsb_data/raw_acquisition/institutions/安徽师范大学/2026/2026_安徽师范大学_招生章程.htm,anhui_zsb_data/evidence/local_reconciliation/schools/AHNU/2026/admission_policy/DOC-AHNU-2026-admission_policy-local-68775bb2853f-2da4a59f.htm,68775bb2853f1cef689ed7d66d05010b6073b1e6a8cc50039411582e73512dc1,8556,copied_local_only
LOCAL-b2c5ac0b6053f4d5,anhui_zsb_data/raw_acquisition/institutions/安徽师范大学/2026/2026_安徽师范大学_招生章程.pdf,anhui_zsb_data/evidence/local_reconciliation/schools/AHNU/2026/admission_policy/DOC-AHNU-2026-admission_policy-local-57a3cb813929-b2c5ac0b.pdf,57a3cb813929396258edbd82b593b0d8ec9bdc7124321707dfea8c523eb02d0d,280342,copied_local_only
LOCAL-f8891c43fbca2738,anhui_zsb_data/raw_acquisition/institutions/安徽师范大学/2026/2026_安徽师范大学_招生章程_text.txt,anhui_zsb_data/evidence/local_reconciliation/schools/AHNU/2026/admission_policy/DOC-AHNU-2026-admission_policy-local-a7aa88444bcf-f8891c43.txt,a7aa88444bcf26c6ad10addee634b3262c399148604eb6c7c69693f0703ea3d4,1839,copied_local_only
LOCAL-13af9f814839f23e,anhui_zsb_data/raw_acquisition/institutions/安徽建筑大学/2025/2025_安徽建筑大学_招生章程.htm,anhui_zsb_data/evidence/local_reconciliation/schools/AHJZU/2025/admission_policy/DOC-AHJZU-2025-admission_policy-local-a7cd8df05fea-13af9f81.htm,a7cd8df05feada1b8edba4d19d424b1f93da33f7d9943f7c32c5707c8719bdf9,8556,copied_local_only
LOCAL-d9669e0a66b77804,anhui_zsb_data/raw_acquisition/institutions/安徽建筑大学/2025/2025_安徽建筑大学_招生章程.pdf,anhui_zsb_data/evidence/local_reconciliation/schools/AHJZU/2025/admission_policy/DOC-AHJZU-2025-admission_policy-local-b55a3d293b05-d9669e0a.pdf,b55a3d293b05e5c0921aa01e2bc22522206adf6817b3382de3767a04c4e7f430,238163,copied_local_only
LOCAL-0dd0378cc0bd1ea5,anhui_zsb_data/raw_acquisition/institutions/安徽建筑大学/2025/2025_安徽建筑大学_招生章程_text.txt,anhui_zsb_data/evidence/local_reconciliation/schools/AHJZU/2025/admission_policy/DOC-AHJZU-2025-admission_policy-local-a37030012f56-0dd0378c.txt,a37030012f56b6c56eb29fa69897739bb76524f00c49343580c1f65dafe45c16,1839,copied_local_only
LOCAL-70fa9c8208650b91,anhui_zsb_data/raw_acquisition/institutions/安徽建筑大学/2026/2026_安徽建筑大学_招生章程.htm,anhui_zsb_data/evidence/local_reconciliation/schools/AHJZU/2026/admission_policy/DOC-AHJZU-2026-admission_policy-local-8b567355f6c4-70fa9c82.htm,8b567355f6c414de76292402f455b20fef7637762c8855aae49df0c6265521da,8556,copied_local_only
LOCAL-27a4a7279ab5c838,anhui_zsb_data/raw_acquisition/institutions/安徽建筑大学/2026/2026_安徽建筑大学_招生章程.pdf,anhui_zsb_data/evidence/local_reconciliation/schools/AHJZU/2026/admission_policy/DOC-AHJZU-2026-admission_policy-local-bf5aa3019578-27a4a727.pdf,bf5aa301957814ac40ce59e84c755a97243ad4e5f41bc698f17e405060e10084,444074,copied_local_only
LOCAL-dd6283aefcb23fba,anhui_zsb_data/raw_acquisition/institutions/安徽建筑大学/2026/2026_安徽建筑大学_招生章程_text.txt,anhui_zsb_data/evidence/local_reconciliation/schools/AHJZU/2026/admission_policy/DOC-AHJZU-2026-admission_policy-local-0ef28b747871-dd6283ae.txt,0ef28b7478714fa4628a30dbfa95822feee9eb9110e1ddb588eb07c4b3c4e519,1839,copied_local_only
LOCAL-5bd320f98a89d8a8,anhui_zsb_data/raw_acquisition/institutions/安徽文达信息工程学院/2025/2025_安徽文达信息工程学院_招生章程.htm,anhui_zsb_data/evidence/local_reconciliation/schools/WDU/2025/admission_policy/DOC-WDU-2025-admission_policy-local-029957dcee01-5bd320f9.htm,029957dcee0184e9f64cfc310fb8c2ea07a063c098f790760dda622e03f0d9f4,8604,copied_local_only
LOCAL-79b6d3765b021efc,anhui_zsb_data/raw_acquisition/institutions/安徽文达信息工程学院/2025/2025_安徽文达信息工程学院_招生章程.pdf,anhui_zsb_data/evidence/local_reconciliation/schools/WDU/2025/admission_policy/DOC-WDU-2025-admission_policy-local-39f08ca1e248-79b6d376.pdf,39f08ca1e248bdea9a22b24920f6bc77bcbc237cb2ebe45578c2ef4f635ca28e,246797,copied_local_only
LOCAL-d243f17199da833e,anhui_zsb_data/raw_acquisition/institutions/安徽文达信息工程学院/2025/2025_安徽文达信息工程学院_招生章程_text.txt,anhui_zsb_data/evidence/local_reconciliation/schools/WDU/2025/admission_policy/DOC-WDU-2025-admission_policy-local-9f50b297a0aa-d243f171.txt,9f50b297a0aa57474c14b60641a88b215794aa5480147ef44f063341fd0a210c,1887,copied_local_only
LOCAL-841e80d7678a5ff9,anhui_zsb_data/raw_acquisition/institutions/安徽文达信息工程学院/2026/2026_安徽文达信息工程学院_招生章程.htm,anhui_zsb_data/evidence/local_reconciliation/schools/WDU/2026/admission_policy/DOC-WDU-2026-admission_policy-local-926f403dd002-841e80d7.htm,926f403dd0025e2e3a37ce972255229f7fde6388fbc9488fbaf65d8e324e9778,8604,copied_local_only
LOCAL-7ebf3a118af28b8c,anhui_zsb_data/raw_acquisition/institutions/安徽文达信息工程学院/2026/2026_安徽文达信息工程学院_招生章程.pdf,anhui_zsb_data/evidence/local_reconciliation/schools/WDU/2026/admission_policy/DOC-WDU-2026-admission_policy-local-2bcbf2a16225-7ebf3a11.pdf,2bcbf2a162257bdd20a8c4fdc4e2bbf6de6464737d91d5340fb97af427ea985e,206894,copied_local_only
LOCAL-cda34ca16dd4924d,anhui_zsb_data/raw_acquisition/institutions/安徽文达信息工程学院/2026/2026_安徽文达信息工程学院_招生章程_text.txt,anhui_zsb_data/evidence/local_reconciliation/schools/WDU/2026/admission_policy/DOC-WDU-2026-admission_policy-local-14637be85c09-cda34ca1.txt,14637be85c09c3acd56ee2e08e6ff7c3f6e72c77d2a133cd730c65e76801a98f,1887,copied_local_only
LOCAL-aa5cf45b262901e1,anhui_zsb_data/raw_acquisition/institutions/安徽新华学院/2025/2025_安徽新华学院_招生章程.htm,anhui_zsb_data/evidence/local_reconciliation/schools/AXHU/2025/admission_policy/DOC-AXHU-2025-admission_policy-local-332d32ec364d-aa5cf45b.htm,332d32ec364d52e700ea3a014eee590a4f11f231a17278bf60592889b766690a,8544,copied_local_only
LOCAL-6e74ef7fda76166d,anhui_zsb_data/raw_acquisition/institutions/安徽新华学院/2025/2025_安徽新华学院_招生章程.pdf,anhui_zsb_data/evidence/local_reconciliation/schools/AXHU/2025/admission_policy/DOC-AXHU-2025-admission_policy-local-998ad820d9b0-6e74ef7f.pdf,998ad820d9b0236a0fb8c8d2136c49de8ad0791fb150ea93b5e4cf847082944a,241518,copied_local_only
LOCAL-b8dd8460f55acb85,anhui_zsb_data/raw_acquisition/institutions/安徽新华学院/2025/2025_安徽新华学院_招生章程_text.txt,anhui_zsb_data/evidence/local_reconciliation/schools/AXHU/2025/admission_policy/DOC-AXHU-2025-admission_policy-local-912abd8271bd-b8dd8460.txt,912abd8271bd29101ea65023ff128fc82d966ff7913e0cb54b7f2edb14e9f163,1827,copied_local_only
LOCAL-88dbc043192dac07,anhui_zsb_data/raw_acquisition/institutions/安徽新华学院/2026/2026_安徽新华学院_招生章程.htm,anhui_zsb_data/evidence/local_reconciliation/schools/AXHU/2026/admission_policy/DOC-AXHU-2026-admission_policy-local-398247235351-88dbc043.htm,3982472353518727c8d246fd539e627cb4a413e3c52d35b7f0b9cace50b0ccb3,8544,copied_local_only
LOCAL-b49886a1df2131f8,anhui_zsb_data/raw_acquisition/institutions/安徽新华学院/2026/2026_安徽新华学院_招生章程.pdf,anhui_zsb_data/evidence/full_raw_30_schools/AXHU/2026/admission_policy/DOC-AXHU-2026-admission_policy-aa5cbdba47.pdf,25699e94559ade7c4a677514998069d1cc904464bcca04e706645fa0862712a4,241957,already_in_remote_evidence
LOCAL-8696374fcc3a78b0,anhui_zsb_data/raw_acquisition/institutions/安徽新华学院/2026/2026_安徽新华学院_招生章程_text.txt,anhui_zsb_data/evidence/local_reconciliation/schools/AXHU/2026/admission_policy/DOC-AXHU-2026-admission_policy-local-bcda9b357eb8-8696374f.txt,bcda9b357eb8c9c33ce8e59cfc6d28aa719e7ac9f27c97b72d0a0d7c14ee18f1,1827,copied_local_only
LOCAL-ba4061135a8efcfc,anhui_zsb_data/raw_acquisition/institutions/安徽新华学院/2026/2026_安徽新华学院_考试大纲.htm,anhui_zsb_data/evidence/local_reconciliation/schools/AXHU/2026/exam_syllabus/DOC-AXHU-2026-exam_syllabus-local-f8adcdd4fcc2-ba406113.htm,f8adcdd4fcc2218d8d8b8866d188a38e2184bef36a169de40d244d625b44c12c,15771,copied_local_only
LOCAL-3ffab0320f92f929,anhui_zsb_data/raw_acquisition/institutions/安徽理工大学/2025/2025_安徽理工大学_招生章程.htm,anhui_zsb_data/evidence/local_reconciliation/schools/AUST/2025/admission_policy/DOC-AUST-2025-admission_policy-local-bf29782a5085-3ffab032.htm,bf29782a5085b829a8d76bc985a4d6d046f2bb0dbc86498dbbe91c70d8aecc3a,8568,copied_local_only
LOCAL-a8ef506c645df4cf,anhui_zsb_data/raw_acquisition/institutions/安徽理工大学/2025/2025_安徽理工大学_招生章程.pdf,anhui_zsb_data/evidence/local_reconciliation/schools/AUST/2025/admission_policy/DOC-AUST-2025-admission_policy-local-a04ba286780f-a8ef506c.pdf,a04ba286780fe70d7613f46e1172675dfecdc5150ea5f1489f0f70888bf9b05a,190392,copied_local_only
LOCAL-09b50eeb9c94b74f,anhui_zsb_data/raw_acquisition/institutions/安徽理工大学/2025/2025_安徽理工大学_招生章程_text.txt,anhui_zsb_data/evidence/local_reconciliation/schools/AUST/2025/admission_policy/DOC-AUST-2025-admission_policy-local-47e970d223c7-09b50eeb.txt,47e970d223c76bc03757a4f5b6d8ab4627c4b854aecc9171688aacca4020c4f9,1851,copied_local_only
LOCAL-9e338455c26fcb33,anhui_zsb_data/raw_acquisition/institutions/安徽科技工程大学/2025/2025_安徽科技工程大学_招生章程.htm,anhui_zsb_data/evidence/local_reconciliation/schools/AHSTU/2025/admission_policy/DOC-AHSTU-2025-admission_policy-local-53c285f7daf0-9e338455.htm,53c285f7daf07adb390f0a5a687aa980a1ebc028904721348bd8f18b1383f590,8532,copied_local_only
LOCAL-af357dcf8ec93faa,anhui_zsb_data/raw_acquisition/institutions/安徽科技工程大学/2025/2025_安徽科技工程大学_招生章程.pdf,anhui_zsb_data/evidence/local_reconciliation/schools/AHSTU/2025/admission_policy/DOC-AHSTU-2025-admission_policy-local-98f08cbd736f-af357dcf.pdf,98f08cbd736fde57f0e5113bc77aa2508fb337a02823faa101034ea7d39e2220,637261,copied_local_only
LOCAL-59ace0cef71eaf25,anhui_zsb_data/raw_acquisition/institutions/安徽科技工程大学/2025/2025_安徽科技工程大学_招生章程_text.txt,anhui_zsb_data/evidence/local_reconciliation/schools/AHSTU/2025/admission_policy/DOC-AHSTU-2025-admission_policy-local-7513ecafaf8e-59ace0ce.txt,7513ecafaf8eb4ea62d5a43c194d3b342dcc34e5d307d86d67b00dd371df84e5,1815,copied_local_only
LOCAL-42a7e50dcb659d7e,anhui_zsb_data/raw_acquisition/institutions/安徽科技工程大学/2026/2026_安徽科技工程大学_招生章程.htm,anhui_zsb_data/evidence/local_reconciliation/schools/AHSTU/2026/admission_policy/DOC-AHSTU-2026-admission_policy-local-9b2690546080-42a7e50d.htm,9b2690546080f0e7f8ad1a91d9178732ec414de5c12ca59679c8aa09941babdc,8568,copied_local_only
LOCAL-2538dbb753f736e0,anhui_zsb_data/raw_acquisition/institutions/安徽科技工程大学/2026/2026_安徽科技工程大学_招生章程.pdf,anhui_zsb_data/evidence/local_reconciliation/schools/AHSTU/2026/admission_policy/DOC-AHSTU-2026-admission_policy-local-e7b39d5f7de2-2538dbb7.pdf,e7b39d5f7de2ca4d4c9f2f019ea53cd222344f3633b95d3ec0707973e930f211,639208,copied_local_only
LOCAL-9b6db66b87e8d2d5,anhui_zsb_data/raw_acquisition/institutions/安徽科技工程大学/2026/2026_安徽科技工程大学_招生章程_text.txt,anhui_zsb_data/evidence/local_reconciliation/schools/AHSTU/2026/admission_policy/DOC-AHSTU-2026-admission_policy-local-d9e39ec1be0d-9b6db66b.txt,d9e39ec1be0d712e34653da2765888d68c727717f307e617a48a70a6d8229ae6,1851,copied_local_only
LOCAL-42835130e00cbcda,anhui_zsb_data/raw_acquisition/institutions/安徽第二医学院/2026/2026_安徽第二医学院_招生章程.htm,anhui_zsb_data/evidence/local_reconciliation/schools/AHYZ/2026/admission_policy/DOC-AHYZ-2026-admission_policy-local-5317692db480-42835130.htm,5317692db4805fa8a1bbec32620154bb76c61735263d6432b4a0ee931e80cad8,8538,copied_local_only
LOCAL-a5f721345a1944ba,anhui_zsb_data/raw_acquisition/institutions/安徽第二医学院/2026/2026_安徽第二医学院_招生章程.pdf,anhui_zsb_data/evidence/local_reconciliation/schools/AHYZ/2026/admission_policy/DOC-AHYZ-2026-admission_policy-local-9fc758215b63-a5f72134.pdf,9fc758215b6328646d22dd83b0d4b1d7a8ffd34f405efad2a091ea948f909f8f,344775,copied_local_only
LOCAL-a55f41a349a76c58,anhui_zsb_data/raw_acquisition/institutions/安徽第二医学院/2026/2026_安徽第二医学院_招生章程_text.txt,anhui_zsb_data/evidence/local_reconciliation/schools/AHYZ/2026/admission_policy/DOC-AHYZ-2026-admission_policy-local-43d1a11a3ab4-a55f41a3.txt,43d1a11a3ab4c3e2134fb01d46db94cda9ad129646d1fc9b49399d98f428cb3c,1821,copied_local_only
LOCAL-28d9371b7d083124,anhui_zsb_data/raw_acquisition/institutions/安徽职业技术大学/2026/2026_安徽职业技术大学_招生章程.htm,anhui_zsb_data/evidence/local_reconciliation/schools/UTA/2026/admission_policy/DOC-UTA-2026-admission_policy-local-e65dfb706fa0-28d9371b.htm,e65dfb706fa05fcfde54c66d60b3a50d8a3cc2543268b660e545677f41c7eb45,8580,copied_local_only
LOCAL-0a72bbd49615f6cf,anhui_zsb_data/raw_acquisition/institutions/安徽职业技术大学/2026/2026_安徽职业技术大学_招生章程.pdf,anhui_zsb_data/evidence/local_reconciliation/schools/UTA/2026/admission_policy/DOC-UTA-2026-admission_policy-local-015d6f6bafbe-0a72bbd4.pdf,015d6f6bafbed1290bbf2ae0cb57acf00edcb9f2507d8cc52e1234dc9ad8e227,2589414,copied_local_only
LOCAL-1237f45f8d39a747,anhui_zsb_data/raw_acquisition/institutions/安徽职业技术大学/2026/2026_安徽职业技术大学_招生章程_text.txt,anhui_zsb_data/evidence/local_reconciliation/schools/UTA/2026/admission_policy/DOC-UTA-2026-admission_policy-local-a122ffd50cb4-1237f45f.txt,a122ffd50cb449509c69ad0a9e4ddf70057e6d05414effe02ca441b90787fed1,1863,copied_local_only
LOCAL-ae99f3353081b63e,anhui_zsb_data/raw_acquisition/institutions/安徽艺术学院/2025/2025_安徽艺术学院_招生章程.htm,anhui_zsb_data/evidence/local_reconciliation/schools/AHUA/2025/admission_policy/DOC-AHUA-2025-admission_policy-local-891323ec3bdd-ae99f335.htm,891323ec3bdd7ded64d333a2050e38595b810c99a651d73d54d7b948f1fd32ce,8556,copied_local_only
LOCAL-6d3218354d94ac92,anhui_zsb_data/raw_acquisition/institutions/安徽艺术学院/2025/2025_安徽艺术学院_招生章程.pdf,anhui_zsb_data/evidence/local_reconciliation/schools/AHUA/2025/admission_policy/DOC-AHUA-2025-admission_policy-local-7163fd14aae0-6d321835.pdf,7163fd14aae0c9c8e131ccfcd439750252ab194b1d4c346835a4e664cba5ce21,201430,copied_local_only
LOCAL-f0fc3055d3046e06,anhui_zsb_data/raw_acquisition/institutions/安徽艺术学院/2025/2025_安徽艺术学院_招生章程_text.txt,anhui_zsb_data/evidence/local_reconciliation/schools/AHUA/2025/admission_policy/DOC-AHUA-2025-admission_policy-local-10add132cbde-f0fc3055.txt,10add132cbde981d96a0e8744e90998fd145c6cdbf032cb4e295ba939ab4140b,1839,copied_local_only
LOCAL-f0450f3ae32e02f6,anhui_zsb_data/raw_acquisition/institutions/安徽艺术学院/2026/2026_安徽艺术学院_招生章程.htm,anhui_zsb_data/evidence/local_reconciliation/schools/AHUA/2026/admission_policy/DOC-AHUA-2026-admission_policy-local-252628cab84b-f0450f3a.htm,252628cab84b013e72787d9583d94d658f845bb5b59ddd1c6045747a8b638fbd,8556,copied_local_only
LOCAL-a1b4f233feedf73f,anhui_zsb_data/raw_acquisition/institutions/安徽艺术学院/2026/2026_安徽艺术学院_招生章程.pdf,anhui_zsb_data/evidence/local_reconciliation/schools/AHUA/2026/admission_policy/DOC-AHUA-2026-admission_policy-local-3eb40ab345d2-a1b4f233.pdf,3eb40ab345d2165c158896ae8d904746e0831a36fc7be74d4b8b9d5948c40ff9,205590,copied_local_only
LOCAL-cc896628b0e077ce,anhui_zsb_data/raw_acquisition/institutions/安徽艺术学院/2026/2026_安徽艺术学院_招生章程_text.txt,anhui_zsb_data/evidence/local_reconciliation/schools/AHUA/2026/admission_policy/DOC-AHUA-2026-admission_policy-local-b902e25cd515-cc896628.txt,b902e25cd51558c1291521fa132cafcf2cb5b3f52a38e2dd00c5cc5e0938c2cb,1839,copied_local_only
LOCAL-ba6e6070ad0e808e,anhui_zsb_data/raw_acquisition/institutions/安徽财经大学/2026/2026_安徽财经大学_招生章程.htm,anhui_zsb_data/evidence/local_reconciliation/schools/AUFE/2026/admission_policy/DOC-AUFE-2026-admission_policy-local-363fa169fb7b-ba6e6070.htm,363fa169fb7b5a8ef3932ea5b47ca8065ca98f668795f9fa98203e4c3d99b685,8544,copied_local_only
LOCAL-324a05d35621160f,anhui_zsb_data/raw_acquisition/institutions/安徽财经大学/2026/2026_安徽财经大学_招生章程.pdf,anhui_zsb_data/evidence/local_reconciliation/schools/AUFE/2026/admission_policy/DOC-AUFE-2026-admission_policy-local-eb1d763fda38-324a05d3.pdf,eb1d763fda38460eae5104c919cfc9055ec1bea6d8cea9b239a7cc6027926a77,231193,copied_local_only
LOCAL-37b86785c62dcc50,anhui_zsb_data/raw_acquisition/institutions/安徽财经大学/2026/2026_安徽财经大学_招生章程_text.txt,anhui_zsb_data/evidence/local_reconciliation/schools/AUFE/2026/admission_policy/DOC-AUFE-2026-admission_policy-local-e929e0943fad-37b86785.txt,e929e0943fad97e21ed37f55e8ac7c438ff94edbbe2e46eae05b8f2b6f08cbf9,1827,copied_local_only
LOCAL-334268b94c00bf6c,anhui_zsb_data/raw_acquisition/institutions/宿州学院/2025/2025_宿州学院_招生章程.htm,anhui_zsb_data/evidence/local_reconciliation/schools/AHSZU/2025/admission_policy/DOC-AHSZU-2025-admission_policy-local-d1bbf596c207-334268b9.htm,d1bbf596c2070b2e215eac76c7a8223a4327a0f382a2fc2b658b7127160f2c32,8518,copied_local_only
LOCAL-2767d9f02b00a37e,anhui_zsb_data/raw_acquisition/institutions/宿州学院/2025/2025_宿州学院_招生章程.pdf,anhui_zsb_data/evidence/local_reconciliation/schools/AHSZU/2025/admission_policy/DOC-AHSZU-2025-admission_policy-local-b38fd862ad78-2767d9f0.pdf,b38fd862ad78f64f9955f526de264ab9b39a6919349c447da0f9e2c93ad9ae95,278332,copied_local_only
LOCAL-d4da04c683ed6a94,anhui_zsb_data/raw_acquisition/institutions/宿州学院/2025/2025_宿州学院_招生章程_text.txt,anhui_zsb_data/evidence/local_reconciliation/schools/AHSZU/2025/admission_policy/DOC-AHSZU-2025-admission_policy-local-e456028c63ea-d4da04c6.txt,e456028c63ea56b18b4be3b4cda01e032dea94587fdd7b0e1958d932a6037b5b,1803,copied_local_only
LOCAL-2cd3f77dda8e0828,anhui_zsb_data/raw_acquisition/institutions/宿州学院/2026/2026_宿州学院_招生章程.htm,anhui_zsb_data/evidence/local_reconciliation/schools/AHSZU/2026/admission_policy/DOC-AHSZU-2026-admission_policy-local-f73367df3f91-2cd3f77d.htm,f73367df3f91911aad23e10d02703e597130f03b0eeaafb64300118da56dcdb6,8519,copied_local_only
LOCAL-fcf837a44b0ab78b,anhui_zsb_data/raw_acquisition/institutions/宿州学院/2026/2026_宿州学院_招生章程.pdf,anhui_zsb_data/evidence/local_reconciliation/schools/AHSZU/2026/admission_policy/DOC-AHSZU-2026-admission_policy-local-f74885c13c48-fcf837a4.pdf,f74885c13c485d04cdfe000a018ba48f079bac84a0080daed7f727c5052c3894,270087,copied_local_only
LOCAL-281b4da3e8fb6b2a,anhui_zsb_data/raw_acquisition/institutions/宿州学院/2026/2026_宿州学院_招生章程_text.txt,anhui_zsb_data/evidence/local_reconciliation/schools/AHSZU/2026/admission_policy/DOC-AHSZU-2026-admission_policy-local-587ac5115d28-281b4da3.txt,587ac5115d2865344f897dbf7fa0564cc00fa25940a33365b4c25b99584ef21d,1803,copied_local_only
LOCAL-f75934629a7f18cd,anhui_zsb_data/raw_acquisition/institutions/巢湖学院/2025/2025_巢湖学院_招生章程.htm,anhui_zsb_data/evidence/local_reconciliation/schools/CHU/2025/admission_policy/DOC-CHU-2025-admission_policy-local-b15e07c14941-f7593462.htm,b15e07c149414e4018f3b9c13746c28f3ad13504d35d5c66450343297384efb3,8521,copied_local_only
LOCAL-fb2861e5a35515c6,anhui_zsb_data/raw_acquisition/institutions/巢湖学院/2025/2025_巢湖学院_招生章程.pdf,anhui_zsb_data/evidence/local_reconciliation/schools/CHU/2025/admission_policy/DOC-CHU-2025-admission_policy-local-c0c47a2b8a56-fb2861e5.pdf,c0c47a2b8a565996bcf43bd1cb5816ec05399165e734c7d07a56469d1f4881cf,361658,copied_local_only
LOCAL-2e475cc17dd6f17f,anhui_zsb_data/raw_acquisition/institutions/巢湖学院/2025/2025_巢湖学院_招生章程_text.txt,anhui_zsb_data/evidence/local_reconciliation/schools/CHU/2025/admission_policy/DOC-CHU-2025-admission_policy-local-c20a5f5887ba-2e475cc1.txt,c20a5f5887bad620564b79229e29fd099e1d7d09bb512b6213388bcbadf85abe,1804,copied_local_only
LOCAL-c133abd29fe8465b,anhui_zsb_data/raw_acquisition/institutions/巢湖学院/2026/2026_巢湖学院_招生章程.htm,anhui_zsb_data/evidence/local_reconciliation/schools/CHU/2026/admission_policy/DOC-CHU-2026-admission_policy-local-fb048f998527-c133abd2.htm,fb048f99852713884ca897390ec2337b2fe616cd47ffee6c56cf25c70f5eedf2,8520,copied_local_only
LOCAL-48b800d490a063bf,anhui_zsb_data/raw_acquisition/institutions/巢湖学院/2026/2026_巢湖学院_招生章程.pdf,anhui_zsb_data/evidence/local_reconciliation/schools/CHU/2026/admission_policy/DOC-CHU-2026-admission_policy-local-c5fa61319ef4-48b800d4.pdf,c5fa61319ef42381708db283e2a9f8f8d6964164c60943e25157b44a96e005b4,363253,copied_local_only
LOCAL-ee9d182f0bcfa2b9,anhui_zsb_data/raw_acquisition/institutions/巢湖学院/2026/2026_巢湖学院_招生章程_text.txt,anhui_zsb_data/evidence/local_reconciliation/schools/CHU/2026/admission_policy/DOC-CHU-2026-admission_policy-local-587ac5115d28-ee9d182f.txt,587ac5115d2865344f897dbf7fa0564cc00fa25940a33365b4c25b99584ef21d,1803,copied_local_only
LOCAL-1edf22e35a1a8969,anhui_zsb_data/raw_acquisition/institutions/池州学院/2025/2025_池州学院_招生章程.htm,anhui_zsb_data/evidence/local_reconciliation/schools/CZU/2025/admission_policy/DOC-CZU-2025-admission_policy-local-368a0347566b-1edf22e3.htm,368a0347566b454765ad771f40d8972aaffbe744c8084fd7f61a6a4e4a5988f4,8520,copied_local_only
LOCAL-8e730cfa754dddaa,anhui_zsb_data/raw_acquisition/institutions/池州学院/2025/2025_池州学院_招生章程.pdf,anhui_zsb_data/evidence/full_raw_30_schools/CZU/2024/other/DOC-CZU-2024-other_official_notice-7ecfbf1ae5.pdf,3f0bebcbd39b096af17bcea850366a518a9d5c1ab5f775be8add2d91fe50bf0e,187764,already_in_remote_evidence
LOCAL-86cd0b3685907b78,anhui_zsb_data/raw_acquisition/institutions/池州学院/2025/2025_池州学院_招生章程_text.txt,anhui_zsb_data/evidence/local_reconciliation/schools/CZU/2025/admission_policy/DOC-CZU-2025-admission_policy-local-e456028c63ea-86cd0b36.txt,e456028c63ea56b18b4be3b4cda01e032dea94587fdd7b0e1958d932a6037b5b,1803,copied_local_only
LOCAL-b76fd2808c5c3d88,anhui_zsb_data/raw_acquisition/institutions/池州学院/2026/2026_池州学院_招生方案.htm,anhui_zsb_data/evidence/local_reconciliation/schools/CZU/2026/admission_policy/DOC-CZU-2026-admission_policy-local-a7e15771b5a5-b76fd280.htm,a7e15771b5a56cc96fb94d5e73ed1ec5bce65d27d7efff648ebfd417aa38990d,77535,copied_local_only
LOCAL-4631d500f0b380e4,anhui_zsb_data/raw_acquisition/institutions/池州学院/2026/2026_池州学院_招生章程.pdf,anhui_zsb_data/evidence/full_raw_30_schools/CZU/2024/other/DOC-CZU-2024-other_official_notice-310cab35fb.pdf,8e5cc7504afef96ff5624a41c62b3ca0f06cdedfc9a611dc1e0188a5601beadb,190834,already_in_remote_evidence
LOCAL-669e70e362b120fb,anhui_zsb_data/raw_acquisition/institutions/淮北理工学院/2025/2025_淮北理工学院_招生章程.htm,anhui_zsb_data/evidence/local_reconciliation/schools/HBLG/2025/admission_policy/DOC-HBLG-2025-admission_policy-local-521dfc0fd96f-669e70e3.htm,521dfc0fd96f13ddefaf0cc818e8ed0762ad9791a766b0ecbefff1b77b4d4d74,8556,copied_local_only
LOCAL-6cd6ba81e596de1e,anhui_zsb_data/raw_acquisition/institutions/淮北理工学院/2025/2025_淮北理工学院_招生章程.pdf,anhui_zsb_data/evidence/full_raw_30_schools/HBLG/2025/admission_policy/AST-HBLG-2025-admission_policy-4e112f215bd9.pdf,6c9b18a00d55a809230ad63653b17ef537ea3ed972157232a78cb7c1ad2cd554,313881,already_in_remote_evidence
LOCAL-edff02a8d2313d39,anhui_zsb_data/raw_acquisition/institutions/淮北理工学院/2025/2025_淮北理工学院_招生章程_text.txt,anhui_zsb_data/evidence/local_reconciliation/schools/HBLG/2025/admission_policy/DOC-HBLG-2025-admission_policy-local-10add132cbde-edff02a8.txt,10add132cbde981d96a0e8744e90998fd145c6cdbf032cb4e295ba939ab4140b,1839,copied_local_only
LOCAL-ede372041f4fb0a0,anhui_zsb_data/raw_acquisition/institutions/淮北理工学院/2026/2026_淮北理工学院_招生章程.htm,anhui_zsb_data/evidence/local_reconciliation/schools/HBLG/2026/admission_policy/DOC-HBLG-2026-admission_policy-local-ce54691e08f3-ede37204.htm,ce54691e08f3829936038f155850a965411e58e6d883cacbd69caecd5cfce841,8556,copied_local_only
LOCAL-77074f53c3bbc228,anhui_zsb_data/raw_acquisition/institutions/淮北理工学院/2026/2026_淮北理工学院_招生章程.pdf,anhui_zsb_data/evidence/local_reconciliation/schools/HBLG/2026/admission_policy/DOC-HBLG-2026-admission_policy-local-68081a8ffad7-77074f53.pdf,68081a8ffad7b3805743a3b1954a375b3d80712ab8fe164a7120b7ac6845c287,317908,copied_local_only
LOCAL-701b853ed770f286,anhui_zsb_data/raw_acquisition/institutions/淮北理工学院/2026/2026_淮北理工学院_招生章程_text.txt,anhui_zsb_data/evidence/local_reconciliation/schools/HBLG/2026/admission_policy/DOC-HBLG-2026-admission_policy-local-b902e25cd515-701b853e.txt,b902e25cd51558c1291521fa132cafcf2cb5b3f52a38e2dd00c5cc5e0938c2cb,1839,copied_local_only
LOCAL-5104dd019d18102e,anhui_zsb_data/raw_acquisition/institutions/淮南师范学院/2025/2025_淮南师范学院_招生章程.htm,anhui_zsb_data/evidence/local_reconciliation/schools/HNNU/2025/admission_policy/DOC-HNNU-2025-admission_policy-local-0298ff47db8c-5104dd01.htm,0298ff47db8c44edd5f6d9b001e5922e70ff3cdb1c5f0abb6430576033223578,8544,copied_local_only
LOCAL-177549dda36991fe,anhui_zsb_data/raw_acquisition/institutions/淮南师范学院/2025/2025_淮南师范学院_招生章程.pdf,anhui_zsb_data/evidence/local_reconciliation/schools/HNNU/2025/admission_policy/DOC-HNNU-2025-admission_policy-local-5e144d87927e-177549dd.pdf,5e144d87927e77a3d791e518298d15d7a4b4350c3a47329882ab672ce112192c,177907,copied_local_only
LOCAL-1fd3ad6d83d77bf2,anhui_zsb_data/raw_acquisition/institutions/淮南师范学院/2025/2025_淮南师范学院_招生章程_text.txt,anhui_zsb_data/evidence/local_reconciliation/schools/HNNU/2025/admission_policy/DOC-HNNU-2025-admission_policy-local-957f4b33ba62-1fd3ad6d.txt,957f4b33ba627261964bc1f0082217052c1b5d3439afb4749b725c102069e8a2,1827,copied_local_only
LOCAL-d40f008cf5ee6c9a,anhui_zsb_data/raw_acquisition/institutions/淮南师范学院/2026/2026_淮南师范学院_招生章程.htm,anhui_zsb_data/evidence/local_reconciliation/schools/HNNU/2026/admission_policy/DOC-HNNU-2026-admission_policy-local-34a98125923c-d40f008c.htm,34a98125923ccd72cb778daae3876bcd56238147a81dda3896aac03ac4221c09,8544,copied_local_only
LOCAL-6cb9f372de86a13a,anhui_zsb_data/raw_acquisition/institutions/淮南师范学院/2026/2026_淮南师范学院_招生章程.pdf,anhui_zsb_data/evidence/local_reconciliation/schools/HNNU/2026/admission_policy/DOC-HNNU-2026-admission_policy-local-87255416bf57-6cb9f372.pdf,87255416bf57efa22b26970c2a5186c5a38eb50ee25494478b32a39f05761ad6,298087,copied_local_only
LOCAL-9913e26758b0144a,anhui_zsb_data/raw_acquisition/institutions/淮南师范学院/2026/2026_淮南师范学院_招生章程_text.txt,anhui_zsb_data/evidence/local_reconciliation/schools/HNNU/2026/admission_policy/DOC-HNNU-2026-admission_policy-local-0fa59a7172a9-9913e267.txt,0fa59a7172a92c892de6592076c05a5f7ab071f8d090d8380f6203744b880203,1827,copied_local_only
LOCAL-91da83e50cda42ae,anhui_zsb_data/raw_acquisition/institutions/滁州学院/2025/2025_滁州学院_招生章程.htm,anhui_zsb_data/evidence/local_reconciliation/schools/CHZU/2025/admission_policy/DOC-CHZU-2025-admission_policy-local-15202dff3246-91da83e5.htm,15202dff324615d900dd69f82541819cb8dfd27f56720022530c85c87a38972d,8520,copied_local_only
LOCAL-23197217d5c13b8a,anhui_zsb_data/raw_acquisition/institutions/滁州学院/2025/2025_滁州学院_招生章程.pdf,anhui_zsb_data/evidence/full_raw_30_schools/CHZU/2025/admission_policy/DOC-CHZU-2025-admission_policy-1f4a61fbfd.pdf,060a4465dd5e87a7703ed411a0228a19388aba7759e094c6bfbcee1462f553c0,248277,already_in_remote_evidence
LOCAL-91e3c99e1b4c9a21,anhui_zsb_data/raw_acquisition/institutions/滁州学院/2025/2025_滁州学院_招生章程_text.txt,anhui_zsb_data/evidence/local_reconciliation/schools/CHZU/2025/admission_policy/DOC-CHZU-2025-admission_policy-local-e456028c63ea-91e3c99e.txt,e456028c63ea56b18b4be3b4cda01e032dea94587fdd7b0e1958d932a6037b5b,1803,copied_local_only
LOCAL-77a72c2caa474733,anhui_zsb_data/raw_acquisition/institutions/滁州学院/2026/2026_滁州学院_招生章程.htm,anhui_zsb_data/evidence/local_reconciliation/schools/CHZU/2026/admission_policy/DOC-CHZU-2026-admission_policy-local-418c3ed2eab1-77a72c2c.htm,418c3ed2eab12f053ab2d96fa4560ef39efa42648432ef10c5e93f3c6bce7450,8520,copied_local_only
LOCAL-3ea2ba4b1f437f43,anhui_zsb_data/raw_acquisition/institutions/滁州学院/2026/2026_滁州学院_招生章程.pdf,anhui_zsb_data/evidence/local_reconciliation/schools/CHZU/2026/admission_policy/DOC-CHZU-2026-admission_policy-local-b1fb0b12d88d-3ea2ba4b.pdf,b1fb0b12d88d7cb3792f944ecc7d8fdc21abce50bbb4e3b568d2626dbabf65a5,251074,copied_local_only
LOCAL-62a2c5d6a5d8e3bc,anhui_zsb_data/raw_acquisition/institutions/滁州学院/2026/2026_滁州学院_招生章程_text.txt,anhui_zsb_data/evidence/local_reconciliation/schools/CHZU/2026/admission_policy/DOC-CHZU-2026-admission_policy-local-587ac5115d28-62a2c5d6.txt,587ac5115d2865344f897dbf7fa0564cc00fa25940a33365b4c25b99584ef21d,1803,copied_local_only
LOCAL-4a7c1e503f113e91,anhui_zsb_data/raw_acquisition/institutions/皖南医学院/2025/2025_皖南医学院_录取分数线.htm,anhui_zsb_data/evidence/local_reconciliation/schools/WNMC/2025/admission_min_score/DOC-WNMC-2025-admission_min_score-local-855d1286756b-4a7c1e50.htm,855d1286756b03310220464358996be047a78ecbdadb37363c442a18fbc5d3ba,23747,copied_local_only
LOCAL-8f9e80196e4e6d81,anhui_zsb_data/raw_acquisition/institutions/皖南医科大学/2025/2025_皖南医科大学_招生章程.htm,anhui_zsb_data/evidence/local_reconciliation/schools/WNMC/2025/admission_policy/DOC-WNMC-2025-admission_policy-local-2bacd8d48135-8f9e8019.htm,2bacd8d4813525f3d0bfc393e9dab8580c859ab3cf2e539caafd859dd30de468,8526,copied_local_only
LOCAL-929b5a33ababbeda,anhui_zsb_data/raw_acquisition/institutions/皖南医科大学/2025/2025_皖南医科大学_招生章程.pdf,anhui_zsb_data/evidence/local_reconciliation/schools/WNMC/2025/admission_policy/DOC-WNMC-2025-admission_policy-local-a0ea00792969-929b5a33.pdf,a0ea00792969da29176b0afab5a4965fa08a96962a7633d579c9e5e61bbee2ed,203966,copied_local_only
LOCAL-1ee33f39dfa71dd1,anhui_zsb_data/raw_acquisition/institutions/皖南医科大学/2025/2025_皖南医科大学_招生章程_text.txt,anhui_zsb_data/evidence/local_reconciliation/schools/WNMC/2025/admission_policy/DOC-WNMC-2025-admission_policy-local-7ebe844c3473-1ee33f39.txt,7ebe844c34739c5541e08e7c88cc8376f87720e9917e6aa487b6f633c22724b7,1809,copied_local_only
LOCAL-95c2f00659cbce83,anhui_zsb_data/raw_acquisition/institutions/皖南医科大学/2026/2026_皖南医科大学_招生章程.htm,anhui_zsb_data/evidence/local_reconciliation/schools/WNMC/2026/admission_policy/DOC-WNMC-2026-admission_policy-local-40a02cd4e289-95c2f006.htm,40a02cd4e289c6887be99a8e5db2f35e2148c6664ea92a87752685cdd3dfaefa,8544,copied_local_only
LOCAL-39a51e56d958ef68,anhui_zsb_data/raw_acquisition/institutions/皖南医科大学/2026/2026_皖南医科大学_招生章程.pdf,anhui_zsb_data/evidence/local_reconciliation/schools/WNMC/2026/admission_policy/DOC-WNMC-2026-admission_policy-local-f6df4cc9cc4f-39a51e56.pdf,f6df4cc9cc4f1a16e68f920726f32501262126ea2eb73760698630759d175904,202655,copied_local_only
LOCAL-ce738854681081a6,anhui_zsb_data/raw_acquisition/institutions/皖南医科大学/2026/2026_皖南医科大学_招生章程_text.txt,anhui_zsb_data/evidence/local_reconciliation/schools/WNMC/2026/admission_policy/DOC-WNMC-2026-admission_policy-local-74aa0fc66ea3-ce738854.txt,74aa0fc66ea35460e7f2d092ba9260e0bfb3a4bc5b3066440a6ba34fa9c555d0,1827,copied_local_only
LOCAL-1fd80f10787c19a6,anhui_zsb_data/raw_acquisition/institutions/皖江工学院/2025/2025_皖江工学院_招生章程.htm,anhui_zsb_data/evidence/local_reconciliation/schools/WJIT/2025/admission_policy/DOC-WJIT-2025-admission_policy-local-bf30bf81f0ed-1fd80f10.htm,bf30bf81f0ed254bc254ab77f893e613c9f1ceb0a94091d2b46c0c827329bae7,8520,copied_local_only
LOCAL-412ce9fa68e93d6b,anhui_zsb_data/raw_acquisition/institutions/皖江工学院/2025/2025_皖江工学院_招生章程.pdf,anhui_zsb_data/evidence/local_reconciliation/schools/WJIT/2025/admission_policy/DOC-WJIT-2025-admission_policy-local-7c85dd80a6e3-412ce9fa.pdf,7c85dd80a6e35841c0f7a1f4ccd30c1c0f6a59655e7e85a12138238abe05b25a,229817,copied_local_only
LOCAL-e496d2013d7dfe8a,anhui_zsb_data/raw_acquisition/institutions/皖江工学院/2025/2025_皖江工学院_招生章程_text.txt,anhui_zsb_data/evidence/local_reconciliation/schools/WJIT/2025/admission_policy/DOC-WJIT-2025-admission_policy-local-14ff8e0aa315-e496d201.txt,14ff8e0aa31570167afe4425d6e206512030ac18fc485d4751219d2eb529e929,1803,copied_local_only
LOCAL-7ad0f58d4386659b,anhui_zsb_data/raw_acquisition/institutions/皖江工学院/2026/2026_皖江工学院_招生章程.htm,anhui_zsb_data/evidence/local_reconciliation/schools/WJIT/2026/admission_policy/DOC-WJIT-2026-admission_policy-local-e407e22d2475-7ad0f58d.htm,e407e22d24755ada6c4a06975f30c1078b4fe99216bbfaf1a9c68430108f11d1,8520,copied_local_only
LOCAL-041363b3664b3fe3,anhui_zsb_data/raw_acquisition/institutions/皖江工学院/2026/2026_皖江工学院_招生章程.pdf,anhui_zsb_data/evidence/local_reconciliation/schools/WJIT/2026/admission_policy/DOC-WJIT-2026-admission_policy-local-6bd28dae2c43-041363b3.pdf,6bd28dae2c439030764f1acfcc2ae048c760693aa526899c0274898b36a91189,241292,copied_local_only
LOCAL-b105f8528d79153b,anhui_zsb_data/raw_acquisition/institutions/皖江工学院/2026/2026_皖江工学院_招生章程_text.txt,anhui_zsb_data/evidence/local_reconciliation/schools/WJIT/2026/admission_policy/DOC-WJIT-2026-admission_policy-local-1e5afc02b3c7-b105f852.txt,1e5afc02b3c799eb9325115c2dca6c908dbf5a4bae5b38b8f12d14593276a0cc,1803,copied_local_only
LOCAL-89355f5abf5f3a81,anhui_zsb_data/raw_acquisition/institutions/皖西学院/2025/2025_皖西学院_招生章程.htm,anhui_zsb_data/evidence/local_reconciliation/schools/WXC/2025/admission_policy/DOC-WXC-2025-admission_policy-local-652a54c3292e-89355f5a.htm,652a54c3292ee1eac21be10bdd710adecbff7381f58e48f55b5dbe179df66240,8526,copied_local_only
LOCAL-64e14caa52af0946,anhui_zsb_data/raw_acquisition/institutions/皖西学院/2025/2025_皖西学院_招生章程.pdf,anhui_zsb_data/evidence/local_reconciliation/schools/WXC/2025/admission_policy/DOC-WXC-2025-admission_policy-local-7cbee30776a5-64e14caa.pdf,7cbee30776a5647432340cb92eeb31da090f866c78114e1bf33da4c007e37fbd,421966,copied_local_only
LOCAL-f1fbc1b14e566740,anhui_zsb_data/raw_acquisition/institutions/皖西学院/2025/2025_皖西学院_招生章程_text.txt,anhui_zsb_data/evidence/local_reconciliation/schools/WXC/2025/admission_policy/DOC-WXC-2025-admission_policy-local-e456028c63ea-f1fbc1b1.txt,e456028c63ea56b18b4be3b4cda01e032dea94587fdd7b0e1958d932a6037b5b,1803,copied_local_only
LOCAL-cf69c84e935194bb,anhui_zsb_data/raw_acquisition/institutions/皖西学院/2026/2026_皖西学院_招生章程.htm,anhui_zsb_data/evidence/local_reconciliation/schools/WXC/2026/admission_policy/DOC-WXC-2026-admission_policy-local-c2ced8beaf11-cf69c84e.htm,c2ced8beaf11b75aab0ac6cb76b3c8b1fecb119442596e151d714c1921f69b24,8520,copied_local_only
LOCAL-e2dbfbe38f629181,anhui_zsb_data/raw_acquisition/institutions/皖西学院/2026/2026_皖西学院_招生章程.pdf,anhui_zsb_data/evidence/local_reconciliation/schools/WXC/2026/admission_policy/DOC-WXC-2026-admission_policy-local-4986b2d51fb1-e2dbfbe3.pdf,4986b2d51fb170a8ecc1a7c2c29d5c6d208cf562b730a7c1091a8d868d8f9091,329025,copied_local_only
LOCAL-1e37447cc2576215,anhui_zsb_data/raw_acquisition/institutions/皖西学院/2026/2026_皖西学院_招生章程_text.txt,anhui_zsb_data/evidence/local_reconciliation/schools/WXC/2026/admission_policy/DOC-WXC-2026-admission_policy-local-587ac5115d28-1e37447c.txt,587ac5115d2865344f897dbf7fa0564cc00fa25940a33365b4c25b99584ef21d,1803,copied_local_only
LOCAL-a5e15435fb291018,anhui_zsb_data/raw_acquisition/institutions/芜湖学院/2025/2025_芜湖学院_招生章程.htm,anhui_zsb_data/evidence/local_reconciliation/schools/UWH/2025/admission_policy/DOC-UWH-2025-admission_policy-local-9264b8da498b-a5e15435.htm,9264b8da498bd599e49e521389f9d5a630b1f9f01cff7b1a8babbfdd519d10af,8508,copied_local_only
LOCAL-8dc9b67bdf348990,anhui_zsb_data/raw_acquisition/institutions/芜湖学院/2025/2025_芜湖学院_招生章程.pdf,anhui_zsb_data/evidence/local_reconciliation/schools/UWH/2025/admission_policy/DOC-UWH-2025-admission_policy-local-9b6468b363cc-8dc9b67b.pdf,9b6468b363ccd57ce7c7fb6eafa36e9c501fb49d0cd72731814034b6afaa58ce,267528,copied_local_only
LOCAL-508a2fdd6d579af0,anhui_zsb_data/raw_acquisition/institutions/芜湖学院/2025/2025_芜湖学院_招生章程_text.txt,anhui_zsb_data/evidence/local_reconciliation/schools/UWH/2025/admission_policy/DOC-UWH-2025-admission_policy-local-d9fe57dce8ca-508a2fdd.txt,d9fe57dce8ca721841536d143cc0657b9334d69ba95e816c345b1b807de5c502,1791,copied_local_only
LOCAL-09c6faa840607c87,anhui_zsb_data/raw_acquisition/institutions/芜湖学院/2026/2026_芜湖学院_招生章程.htm,anhui_zsb_data/evidence/local_reconciliation/schools/UWH/2026/admission_policy/DOC-UWH-2026-admission_policy-local-51d06bd3dabe-09c6faa8.htm,51d06bd3dabe29f88bc35a84821c24285de5ce4beb97a30ca756dbed1fe23c48,8508,copied_local_only
LOCAL-5d92cd692bcb1d62,anhui_zsb_data/raw_acquisition/institutions/芜湖学院/2026/2026_芜湖学院_招生章程.pdf,anhui_zsb_data/evidence/local_reconciliation/schools/UWH/2026/admission_policy/DOC-UWH-2026-admission_policy-local-b22fcc6d9192-5d92cd69.pdf,b22fcc6d9192d5553223d309e170d6809e0aef08a3f07c53cdb0f58ba20b04fa,296589,copied_local_only
LOCAL-93513369f3015ce9,anhui_zsb_data/raw_acquisition/institutions/芜湖学院/2026/2026_芜湖学院_招生章程_text.txt,anhui_zsb_data/evidence/local_reconciliation/schools/UWH/2026/admission_policy/DOC-UWH-2026-admission_policy-local-1faf14940532-93513369.txt,1faf149405329f0ecd3e6a16404b900e432f79073d8c8ea093080129b81a592b,1791,copied_local_only
LOCAL-a8ae63ec0a8f9598,anhui_zsb_data/raw_acquisition/institutions/芜湖职业技术大学/2026/2026_芜湖职业技术大学_招生章程.htm,anhui_zsb_data/evidence/local_reconciliation/schools/WHIT/2026/admission_policy/DOC-WHIT-2026-admission_policy-local-dc2b14c9fcf8-a8ae63ec.htm,dc2b14c9fcf8994fa81c4ae224ec5c4962c07516f0cfcf84d1128cc7deef2da0,8568,copied_local_only
LOCAL-c5b46596d3254f46,anhui_zsb_data/raw_acquisition/institutions/芜湖职业技术大学/2026/2026_芜湖职业技术大学_招生章程.pdf,anhui_zsb_data/evidence/local_reconciliation/schools/WHIT/2026/admission_policy/DOC-WHIT-2026-admission_policy-local-fd789c95aadf-c5b46596.pdf,fd789c95aadf0f4fb7bf9f30571bea9e2135f6d7fbca7fbe5bee08adb902fdfb,314466,copied_local_only
LOCAL-198c7b2b89dd5bfa,anhui_zsb_data/raw_acquisition/institutions/芜湖职业技术大学/2026/2026_芜湖职业技术大学_招生章程_text.txt,anhui_zsb_data/evidence/local_reconciliation/schools/WHIT/2026/admission_policy/DOC-WHIT-2026-admission_policy-local-dee2ae751e17-198c7b2b.txt,dee2ae751e170b25c5d0815bec7d7eeab4367039d10187d31ecad9493a62e770,1851,copied_local_only
LOCAL-36922294166fb7cf,anhui_zsb_data/raw_acquisition/institutions/蚌埠医科大学/2025/2025_蚌埠医科大学_招生章程.htm,anhui_zsb_data/evidence/local_reconciliation/schools/BBMU/2025/admission_policy/DOC-BBMU-2025-admission_policy-local-b90a05fbc84e-36922294.htm,b90a05fbc84e59885a9ddc2e8ab461215e04236f10c4a31fc6c99101ca6a7921,8544,copied_local_only
LOCAL-de613a939a0f4b5c,anhui_zsb_data/raw_acquisition/institutions/蚌埠医科大学/2025/2025_蚌埠医科大学_招生章程.pdf,anhui_zsb_data/evidence/local_reconciliation/schools/BBMU/2025/admission_policy/DOC-BBMU-2025-admission_policy-local-9a2e6d5523d3-de613a93.pdf,9a2e6d5523d38f13a9727b72d31c89315c124c7470b1d8c7e85da5631f85d07e,175688,copied_local_only
LOCAL-e5d9c912bc145efd,anhui_zsb_data/raw_acquisition/institutions/蚌埠医科大学/2025/2025_蚌埠医科大学_招生章程_text.txt,anhui_zsb_data/evidence/local_reconciliation/schools/BBMU/2025/admission_policy/DOC-BBMU-2025-admission_policy-local-6a8f90b54b52-e5d9c912.txt,6a8f90b54b52418c72fe68b4199076afeb60c6b48a2d58207305ee75437775a6,1827,copied_local_only
LOCAL-27cfca2b9b775538,anhui_zsb_data/raw_acquisition/institutions/蚌埠医科大学/2026/2026_蚌埠医科大学_招生章程.htm,anhui_zsb_data/evidence/local_reconciliation/schools/BBMU/2026/admission_policy/DOC-BBMU-2026-admission_policy-local-e016df622ccf-27cfca2b.htm,e016df622ccf818d2a943f7e25ccff720157410382432e80addc49233a9d3140,8543,copied_local_only
LOCAL-f3d7c05a1e1fa1f5,anhui_zsb_data/raw_acquisition/institutions/蚌埠医科大学/2026/2026_蚌埠医科大学_招生章程.pdf,anhui_zsb_data/evidence/local_reconciliation/schools/BBMU/2026/admission_policy/DOC-BBMU-2026-admission_policy-local-064f7e3efdf7-f3d7c05a.pdf,064f7e3efdf7258d20b8d21cc7a21a6b161e108b4bbf409761760c15ac1970a7,176510,copied_local_only
LOCAL-3982632bace2e166,anhui_zsb_data/raw_acquisition/institutions/蚌埠医科大学/2026/2026_蚌埠医科大学_招生章程_text.txt,anhui_zsb_data/evidence/local_reconciliation/schools/BBMU/2026/admission_policy/DOC-BBMU-2026-admission_policy-local-74aa0fc66ea3-3982632b.txt,74aa0fc66ea35460e7f2d092ba9260e0bfb3a4bc5b3066440a6ba34fa9c555d0,1827,copied_local_only
LOCAL-1a7d16ea45649efa,anhui_zsb_data/raw_acquisition/institutions/蚌埠学院/2025/2025_蚌埠学院_招生章程.htm,anhui_zsb_data/evidence/local_reconciliation/schools/BBC/2025/admission_policy/DOC-BBC-2025-admission_policy-local-9351c864f431-1a7d16ea.htm,9351c864f4312da9a622aa090cf152d53e84d22ab1da715b71843f76595065a9,8520,copied_local_only
LOCAL-434996734465f89e,anhui_zsb_data/raw_acquisition/institutions/蚌埠学院/2025/2025_蚌埠学院_招生章程.pdf,anhui_zsb_data/evidence/local_reconciliation/schools/BBC/2025/admission_policy/DOC-BBC-2025-admission_policy-local-dc84c71c0a61-43499673.pdf,dc84c71c0a6131060750861b690d3d05f3eb73a07e75e3b7990e1a618b6e8f92,230352,copied_local_only
LOCAL-81d5d1e3e8bd0cda,anhui_zsb_data/raw_acquisition/institutions/蚌埠学院/2025/2025_蚌埠学院_招生章程_text.txt,anhui_zsb_data/evidence/local_reconciliation/schools/BBC/2025/admission_policy/DOC-BBC-2025-admission_policy-local-e456028c63ea-81d5d1e3.txt,e456028c63ea56b18b4be3b4cda01e032dea94587fdd7b0e1958d932a6037b5b,1803,copied_local_only
LOCAL-16b9bb06105f9f6c,anhui_zsb_data/raw_acquisition/institutions/蚌埠学院/2026/2026_蚌埠学院_招生章程.htm,anhui_zsb_data/evidence/local_reconciliation/schools/BBC/2026/admission_policy/DOC-BBC-2026-admission_policy-local-a9c9b3401425-16b9bb06.htm,a9c9b3401425e20e98b1fb0125e959d52071063ff76591bb18adaa6197e7d07d,8519,copied_local_only
LOCAL-7b9c6b06bf0108c4,anhui_zsb_data/raw_acquisition/institutions/蚌埠学院/2026/2026_蚌埠学院_招生章程.pdf,anhui_zsb_data/evidence/local_reconciliation/schools/BBC/2026/admission_policy/DOC-BBC-2026-admission_policy-local-a1675f44cc9f-7b9c6b06.pdf,a1675f44cc9f899de28250e25bc05d41ec8d304c905826229b78bf81385c28d8,232193,copied_local_only
LOCAL-df91702e6ec7fca1,anhui_zsb_data/raw_acquisition/institutions/蚌埠学院/2026/2026_蚌埠学院_招生章程_text.txt,anhui_zsb_data/evidence/local_reconciliation/schools/BBC/2026/admission_policy/DOC-BBC-2026-admission_policy-local-587ac5115d28-df91702e.txt,587ac5115d2865344f897dbf7fa0564cc00fa25940a33365b4c25b99584ef21d,1803,copied_local_only
LOCAL-6230b2944b5a5306,anhui_zsb_data/raw_acquisition/institutions/蚌埠工商学院/2025/2025_蚌埠工商学院_招生章程.htm,anhui_zsb_data/evidence/local_reconciliation/schools/BCTB/2025/admission_policy/DOC-BCTB-2025-admission_policy-local-622120d6dee6-6230b294.htm,622120d6dee6743ec3bfc5daac6a2e9c812e80908ab4221dbd43c5404d3fc483,8556,copied_local_only
LOCAL-ebd0f531a6b74b35,anhui_zsb_data/raw_acquisition/institutions/蚌埠工商学院/2025/2025_蚌埠工商学院_招生章程.pdf,anhui_zsb_data/evidence/full_raw_30_schools/BCTB/2025/admission_policy/DOC-BCTB-2025-admission_policy-4e8330f4fa.pdf,b1b2e5936c53864c25485ce1da4fbc99b0f65e7cdcc146b036336325fe097fd1,271364,already_in_remote_evidence
LOCAL-ca1c04ca6748b75f,anhui_zsb_data/raw_acquisition/institutions/蚌埠工商学院/2025/2025_蚌埠工商学院_招生章程_text.txt,anhui_zsb_data/evidence/local_reconciliation/schools/BCTB/2025/admission_policy/DOC-BCTB-2025-admission_policy-local-10add132cbde-ca1c04ca.txt,10add132cbde981d96a0e8744e90998fd145c6cdbf032cb4e295ba939ab4140b,1839,copied_local_only
LOCAL-a33c2af04a8e112e,anhui_zsb_data/raw_acquisition/institutions/蚌埠工商学院/2026/2026_蚌埠工商学院_招生章程.htm,anhui_zsb_data/evidence/local_reconciliation/schools/BCTB/2026/admission_policy/DOC-BCTB-2026-admission_policy-local-8b40a643acaa-a33c2af0.htm,8b40a643acaa17b917bff8319f5e63a0b3be30467893be52723b0f3b836f644c,8556,copied_local_only
LOCAL-9976cea8ac6441be,anhui_zsb_data/raw_acquisition/institutions/蚌埠工商学院/2026/2026_蚌埠工商学院_招生章程.pdf,anhui_zsb_data/evidence/full_raw_30_schools/BCTB/2026/admission_policy/DOC-BCTB-2026-admission_policy-2128117762.pdf,456b8f5a4fd032740da89adbf65a45e1eb44efb354870f80915a12d5ee25004c,255329,already_in_remote_evidence
LOCAL-77040ffaa9d5ede2,anhui_zsb_data/raw_acquisition/institutions/蚌埠工商学院/2026/2026_蚌埠工商学院_招生章程_text.txt,anhui_zsb_data/evidence/local_reconciliation/schools/BCTB/2026/admission_policy/DOC-BCTB-2026-admission_policy-local-b902e25cd515-77040ffa.txt,b902e25cd51558c1291521fa132cafcf2cb5b3f52a38e2dd00c5cc5e0938c2cb,1839,copied_local_only
LOCAL-88fd7618835eb4e1,anhui_zsb_data/raw_acquisition/institutions/铜陵学院/2025/2025_铜陵学院_招生章程.htm,anhui_zsb_data/evidence/local_reconciliation/schools/TLU/2025/admission_policy/DOC-TLU-2025-admission_policy-local-03e0dd66010b-88fd7618.htm,03e0dd66010bbbf05b82d6bf7f798e89f8812a469ee364c00e830076a71dc351,8508,copied_local_only
LOCAL-988e7e048421370e,anhui_zsb_data/raw_acquisition/institutions/铜陵学院/2025/2025_铜陵学院_招生章程.pdf,anhui_zsb_data/evidence/full_raw_30_schools/TLU/2025/admission_policy/DOC-TLU-2025-admission_policy-f41f548f50.pdf,10f16d14195e4c22173fcf0d6c2339fc3d4004066504c0fefc24d795b47b9d30,265484,already_in_remote_evidence
LOCAL-e048f77e5c3b921d,anhui_zsb_data/raw_acquisition/institutions/铜陵学院/2025/2025_铜陵学院_招生章程_text.txt,anhui_zsb_data/evidence/local_reconciliation/schools/TLU/2025/admission_policy/DOC-TLU-2025-admission_policy-local-97c7477a447b-e048f77e.txt,97c7477a447be712f0db9654bdcfa51b6e0b6149547e65e98277a1bac428f45d,1791,copied_local_only
LOCAL-ce81a17ec435ccc1,anhui_zsb_data/raw_acquisition/institutions/铜陵学院/2026/2026_铜陵学院_招生方案.htm,anhui_zsb_data/evidence/local_reconciliation/schools/TLU/2026/admission_policy/DOC-TLU-2026-admission_policy-local-bc7c5d4b919f-ce81a17e.htm,bc7c5d4b919f41d9fe423a77da8a7ea64ab6d32ed166626ca3013ff5c750920b,42915,copied_local_only
LOCAL-ca0bd7ab0135fafc,anhui_zsb_data/raw_acquisition/institutions/铜陵学院/2026/2026_铜陵学院_招生章程.htm,anhui_zsb_data/evidence/local_reconciliation/schools/TLU/2026/admission_policy/DOC-TLU-2026-admission_policy-local-bd982bf4a0ea-ca0bd7ab.htm,bd982bf4a0ea9117a3d8fd2a6ffa513ca89841103cdd3a30e8ca6d0f9872a1ad,8508,copied_local_only
LOCAL-b14281a94211ea2d,anhui_zsb_data/raw_acquisition/institutions/铜陵学院/2026/2026_铜陵学院_招生章程.pdf,anhui_zsb_data/evidence/full_raw_30_schools/TLU/2026/admission_policy/DOC-TLU-2026-admission_policy-9ffafaaa9b.pdf,eb923f99b52b527b3639b32f6247c7d6f1fed20621b5b22b73bfc6e377b55e40,264629,already_in_remote_evidence
LOCAL-ba940f4bb629e7f2,anhui_zsb_data/raw_acquisition/institutions/铜陵学院/2026/2026_铜陵学院_招生章程_text.txt,anhui_zsb_data/evidence/local_reconciliation/schools/TLU/2026/admission_policy/DOC-TLU-2026-admission_policy-local-ded2adf9fdb2-ba940f4b.txt,ded2adf9fdb2871ec9baba89e51a54f2f263ba3095b79a921989bace6a29c7eb,1791,copied_local_only
LOCAL-43cfea0aa837dc80,anhui_zsb_data/raw_acquisition/institutions/阜阳师范大学/2025/2025_阜阳师范大学_招生章程.htm,anhui_zsb_data/evidence/local_reconciliation/schools/FYNU/2025/admission_policy/DOC-FYNU-2025-admission_policy-local-28ef5546bea6-43cfea0a.htm,28ef5546bea6f0cf7d21d9ebf57bb05766d9c590248edf6ed092ae79de194353,8556,copied_local_only
LOCAL-3b5e4abdae44502f,anhui_zsb_data/raw_acquisition/institutions/阜阳师范大学/2025/2025_阜阳师范大学_招生章程.pdf,anhui_zsb_data/evidence/local_reconciliation/schools/FYNU/2025/admission_policy/DOC-FYNU-2025-admission_policy-local-d26dd84f9c6b-3b5e4abd.pdf,d26dd84f9c6b745d0006f2a610d123ba262fc06834050d256f880f736dd0b258,177647,copied_local_only
LOCAL-07498dee350d6355,anhui_zsb_data/raw_acquisition/institutions/阜阳师范大学/2025/2025_阜阳师范大学_招生章程_text.txt,anhui_zsb_data/evidence/local_reconciliation/schools/FYNU/2025/admission_policy/DOC-FYNU-2025-admission_policy-local-cd59f9ce6722-07498dee.txt,cd59f9ce6722ae7d87d933a34691b0d062a09adfe09f31b3f4292d83034d01c4,1839,copied_local_only
LOCAL-97349162a95676de,anhui_zsb_data/raw_acquisition/institutions/阜阳师范大学/2026/2026_阜阳师范大学_招生章程.pdf,anhui_zsb_data/evidence/local_reconciliation/schools/FYNU/2026/admission_policy/DOC-FYNU-2026-admission_policy-local-a69622bdc57c-97349162.pdf,a69622bdc57c9c0ab068f38325a0ba07e590cd4a4ba2702c33e60c9c9dee3cb7,311593,copied_local_only
LOCAL-5911f21e2a1518d1,anhui_zsb_data/raw_acquisition/institutions/阜阳理工学院/2025/2025_阜阳理工学院_招生章程.htm,anhui_zsb_data/evidence/local_reconciliation/schools/FYUT/2025/admission_policy/DOC-FYUT-2025-admission_policy-local-abe5dd913ca0-5911f21e.htm,abe5dd913ca071927655a627c91763074ef7a65767b03407dc3dcba50074b09c,8556,copied_local_only
LOCAL-265c10e09f84656d,anhui_zsb_data/raw_acquisition/institutions/阜阳理工学院/2025/2025_阜阳理工学院_招生章程.pdf,anhui_zsb_data/evidence/local_reconciliation/schools/FYUT/2025/admission_policy/DOC-FYUT-2025-admission_policy-local-9e061f42c89c-265c10e0.pdf,9e061f42c89cb9383dec9d0484fc3b9a0da8e0aeaf528a6437313e4d77493fcf,202843,copied_local_only
LOCAL-afa4a9a686505e0e,anhui_zsb_data/raw_acquisition/institutions/阜阳理工学院/2025/2025_阜阳理工学院_招生章程_text.txt,anhui_zsb_data/evidence/local_reconciliation/schools/FYUT/2025/admission_policy/DOC-FYUT-2025-admission_policy-local-10add132cbde-afa4a9a6.txt,10add132cbde981d96a0e8744e90998fd145c6cdbf032cb4e295ba939ab4140b,1839,copied_local_only
LOCAL-fa1e171288c8cc7e,anhui_zsb_data/raw_acquisition/institutions/阜阳理工学院/2026/2026_阜阳理工学院_招生章程.htm,anhui_zsb_data/evidence/local_reconciliation/schools/FYUT/2026/admission_policy/DOC-FYUT-2026-admission_policy-local-d80014ca51fa-fa1e1712.htm,d80014ca51fa9679d1137812bcf5ef7e34afee1813d2577d88e5d1b6826795cd,45352,copied_local_only
LOCAL-e36f4115ac654278,anhui_zsb_data/raw_acquisition/institutions/马鞍山学院/2025/2025_马鞍山学院_招生章程.htm,anhui_zsb_data/evidence/local_reconciliation/schools/MASU/2025/admission_policy/DOC-MASU-2025-admission_policy-local-0bb275145230-e36f4115.htm,0bb275145230737e6c49a288d70c51f19b34ac14ec297380d23000482dec44ed,8526,copied_local_only
LOCAL-25528972731b4fb0,anhui_zsb_data/raw_acquisition/institutions/马鞍山学院/2025/2025_马鞍山学院_招生章程.pdf,anhui_zsb_data/evidence/local_reconciliation/schools/MASU/2025/admission_policy/DOC-MASU-2025-admission_policy-local-58dc56496d7a-25528972.pdf,58dc56496d7ad4b17dc5af85a272ad6938c598b50d29dc56e91fd6f679d02cbc,200152,copied_local_only
LOCAL-98ab5740eac9775d,anhui_zsb_data/raw_acquisition/institutions/马鞍山学院/2025/2025_马鞍山学院_招生章程_text.txt,anhui_zsb_data/evidence/local_reconciliation/schools/MASU/2025/admission_policy/DOC-MASU-2025-admission_policy-local-751f11cc95e3-98ab5740.txt,751f11cc95e3300a1eeaba2dcf7d7ac9fa3caaa032590e76288da5b99f1b140b,1809,copied_local_only
LOCAL-cb79e49a1c41a986,anhui_zsb_data/raw_acquisition/institutions/马鞍山学院/2026/2026_马鞍山学院_招生章程.htm,anhui_zsb_data/evidence/local_reconciliation/schools/MASU/2026/admission_policy/DOC-MASU-2026-admission_policy-local-72d66919bd00-cb79e49a.htm,72d66919bd00f28e03bf70cda132a3f403f9ea540a5a0c30023ef2fc1d4f4daa,8526,copied_local_only
LOCAL-1b11beeb5a763ab2,anhui_zsb_data/raw_acquisition/institutions/马鞍山学院/2026/2026_马鞍山学院_招生章程.pdf,anhui_zsb_data/evidence/local_reconciliation/schools/MASU/2026/admission_policy/DOC-MASU-2026-admission_policy-local-12b8dca5fa3c-1b11beeb.pdf,12b8dca5fa3c88c4d0d034ae28926fc1909fd56ccb5e461da8ce5d73e4464003,204253,copied_local_only
LOCAL-287f0a5c289172d3,anhui_zsb_data/raw_acquisition/institutions/马鞍山学院/2026/2026_马鞍山学院_招生章程_text.txt,anhui_zsb_data/evidence/local_reconciliation/schools/MASU/2026/admission_policy/DOC-MASU-2026-admission_policy-local-1c495ff75582-287f0a5c.txt,1c495ff75582e121b2a1c73fe618132518ad612e070730a44f311a6e200aa44b,1809,copied_local_only
LOCAL-f40d598ef6557ff9,anhui_zsb_data/raw_acquisition/institutions/黄山学院/2025/2025_黄山学院_招生章程.htm,anhui_zsb_data/evidence/local_reconciliation/schools/HSU/2025/admission_policy/DOC-HSU-2025-admission_policy-local-b7155eb04091-f40d598e.htm,b7155eb04091470a33e848ada05a7021ee010a42c4e3399d67c3cbfc7a48a7c7,8508,copied_local_only
LOCAL-3359fb4df4e0018b,anhui_zsb_data/raw_acquisition/institutions/黄山学院/2025/2025_黄山学院_招生章程.pdf,anhui_zsb_data/evidence/local_reconciliation/schools/HSU/2025/admission_policy/DOC-HSU-2025-admission_policy-local-aa94d0b9a54a-3359fb4d.pdf,aa94d0b9a54a80e483457db690d887b7b0c9ffea512b9eeea119a2b6b87f2533,344638,copied_local_only
LOCAL-b5941d7816db047c,anhui_zsb_data/raw_acquisition/institutions/黄山学院/2025/2025_黄山学院_招生章程_text.txt,anhui_zsb_data/evidence/local_reconciliation/schools/HSU/2025/admission_policy/DOC-HSU-2025-admission_policy-local-ebaf400705d4-b5941d78.txt,ebaf400705d47c415829a0605d95654e5f6a3e604bbc4c9765a1bee44917d80f,1791,copied_local_only
LOCAL-db8cd72c5b23a244,anhui_zsb_data/raw_acquisition/institutions/黄山学院/2026/2026_黄山学院_招生章程.htm,anhui_zsb_data/evidence/local_reconciliation/schools/HSU/2026/admission_policy/DOC-HSU-2026-admission_policy-local-5c4898e50df6-db8cd72c.htm,5c4898e50df64a386bac286cdb3ed3967a7b0ea3f01b24c388b997bc1b035426,8508,copied_local_only
LOCAL-e603efd954e477be,anhui_zsb_data/raw_acquisition/institutions/黄山学院/2026/2026_黄山学院_招生章程.pdf,anhui_zsb_data/evidence/full_raw_30_schools/HSU/2024/admission_policy/DOC-HSU-2024-admission_policy-2d1a9f4800.pdf,d2e76671829a3aa93392f8bf45a382738ea46612ec6e73790a837fb5e4c6752a,327622,already_in_remote_evidence
LOCAL-e2ae78ca1119bb86,anhui_zsb_data/raw_acquisition/institutions/黄山学院/2026/2026_黄山学院_招生章程_text.txt,anhui_zsb_data/evidence/local_reconciliation/schools/HSU/2026/admission_policy/DOC-HSU-2026-admission_policy-local-4b2456deffd5-e2ae78ca.txt,4b2456deffd5bc16aa79247468f566d29f5324eea050eb4ffa2fac37bf9c9b0b,1791,copied_local_only
LOCAL-e080849f09180fb7,anhui_zsb_data/raw_acquisition/provincial/2024/2024_安徽专升本报名和考试公告.htm,anhui_zsb_data/evidence/local_reconciliation/provincial/2024/other_official_notice/DOC-ANHUI-PROV-2024-other_official_notice-local-82a91fcbe449-e080849f.htm,82a91fcbe449db45768935e86c4e07857cd32d5b353d380a9e7b2b5b8851a832,44470,copied_local_only
LOCAL-071a44becec377f2,anhui_zsb_data/raw_acquisition/provincial/2025/2025_安徽专升本考试招生工作启动.htm,anhui_zsb_data/evidence/local_reconciliation/provincial/2025/other_official_notice/DOC-ANHUI-PROV-2025-other_official_notice-local-8f57bb0a98b1-071a44be.htm,8f57bb0a98b1c9aedb62465236facbddd946c4c438c66f519f482954e462b7af,25258,copied_local_only
LOCAL-bd65d9637d38aff3,anhui_zsb_data/raw_acquisition/provincial/2025/2025_安徽专升本考试招生工作操作办法.pdf,anhui_zsb_data/evidence/local_reconciliation/provincial/2025/other_official_notice/DOC-ANHUI-PROV-2025-other_official_notice-local-162ffd300e71-bd65d963.pdf,162ffd300e71213c81b76359da1d44672f7e73ec7a6f993372d5dc65d9387583,2175493,copied_local_only
LOCAL-da66a72dd422c397,anhui_zsb_data/raw_acquisition/provincial/2026/2026_安徽专升本报名操作指引.htm,anhui_zsb_data/evidence/local_reconciliation/provincial/2026/other_official_notice/DOC-ANHUI-PROV-2026-other_official_notice-local-e19c08f3b4ad-da66a72d.htm,e19c08f3b4adb2a83d7a4cf542627f2b6ab06a532c4046b663997fcbc410f4b8,37891,copied_local_only
LOCAL-c6fd317958c19b18,anhui_zsb_data/raw_acquisition/provincial/2026/2026_招生章程汇总表.html,anhui_zsb_data/evidence/local_reconciliation/provincial/2026/admission_policy/DOC-ANHUI-PROV-2026-admission_policy-local-60a6ad9ed7ec-c6fd3179.html,60a6ad9ed7ec6c34cc29b87a09420ee6e409f8c4b7a9c3d447607ca269dd1aba,5433,copied_local_only
LOCAL-0133edd651017787,anhui_zsb_data/raw_acquisition/provincial/exam_syllabus/公共课考试说明_page.htm,anhui_zsb_data/evidence/local_reconciliation/provincial/cross_year/exam_syllabus/DOC-ANHUI-PROV-cross_year-exam_syllabus-local-d6ceb406f1a1-0133edd6.htm,d6ceb406f1a1c56ec5e01c523099b7105fe17c2fd514c13e1fd7a5a137109bbb,9109,copied_local_only
LOCAL-edf6ef6857c5a244,anhui_zsb_data/raw_acquisition/provincial/exam_syllabus/公共课考试说明_结构.json,anhui_zsb_data/evidence/local_reconciliation/provincial/cross_year/exam_syllabus/DOC-ANHUI-PROV-cross_year-exam_syllabus-local-fd40729cae74-edf6ef68.json,fd40729cae7442119fd86ce0e38436fc347e6df311293fceb8cc9c80627353c5,828,copied_local_only
LOCAL-5eafea9372a3cd24,anhui_zsb_data/raw_acquisition/provincial/exam_syllabus/安徽省专升本公共课考试说明.pdf,anhui_zsb_data/evidence/local_reconciliation/provincial/cross_year/exam_syllabus/DOC-ANHUI-PROV-cross_year-exam_syllabus-local-0c0278f8dfdc-5eafea93.pdf,0c0278f8dfdc51287f3741c2c874d54e40bd02ff95de692a198c136a5d897653,408708,copied_local_only
LOCAL-2a1f1e31d88db74c,anhui_zsb_data/raw_acquisition/provincial/score_lines/2025年300-400分专业和院校.html,anhui_zsb_data/evidence/local_reconciliation/provincial/2025/other_official_notice/DOC-ANHUI-PROV-2025-other_official_notice-local-88eca97713ec-2a1f1e31.html,88eca97713ecf5a5e1bf6dd7b3786916ee4f1fd9229bdaeb4d3baa37b2272f87,24193,copied_local_only
LOCAL-dde484505cdb7be1,anhui_zsb_data/raw_acquisition/provincial/score_lines/2025年各分段最低录取分数线.html,anhui_zsb_data/evidence/local_reconciliation/provincial/2025/admission_min_score/DOC-ANHUI-PROV-2025-admission_min_score-local-2729fbee38c5-dde48450.html,2729fbee38c5f7711ac65fe7d1d5e1c39391643f43d9ea2428379e085a7fb7fd,57382,copied_local_only
LOCAL-42a76d59af2637af,anhui_zsb_data/raw_acquisition/provincial/score_lines/2025年各校专业课录取要求.json,anhui_zsb_data/evidence/local_reconciliation/provincial/2025/other_official_notice/DOC-ANHUI-PROV-2025-other_official_notice-local-74b9616c041a-42a76d59.json,74b9616c041a1bd1df847c77368363181c389d6d44f2c61f52edfe60a94e1964,3311,copied_local_only
LOCAL-ebcdf2170a00f7ad,anhui_zsb_data/raw_acquisition/provincial/score_lines/2025年各院校录取分数线.json,anhui_zsb_data/evidence/local_reconciliation/provincial/2025/admission_min_score/DOC-ANHUI-PROV-2025-admission_min_score-local-bd71d373c902-ebcdf217.json,bd71d373c902bf9c8731ac27a726f548eb80cf2e9a1d6468b283ac7a62320b1e,3757,copied_local_only
LOCAL-3cc7a63a472df8d8,anhui_zsb_data/raw_acquisition/provincial/score_lines/公共课合格线_2024_2026.json,anhui_zsb_data/evidence/local_reconciliation/provincial/cross_year/control_line/DOC-ANHUI-PROV-cross_year-control_line-local-4daaaadee7a4-3cc7a63a.json,4daaaadee7a477a27deb370d9f9088492bff2e207c8aadf87008d67f98d205b1,751,copied_local_only
LOCAL-39691298f2976d4c,anhui_zsb_data/raw_acquisition/provincial/score_lines/学前教育专业历年分数线.json,anhui_zsb_data/evidence/local_reconciliation/provincial/cross_year/admission_min_score/DOC-ANHUI-PROV-cross_year-admission_min_score-local-51221c77dc16-39691298.json,51221c77dc1637dbcbf6bf937aedf98bb83a360c507b6d0d3932e3c042eaa43d,999,copied_local_only
LOCAL-0ed241c5b33e7dbb,anhui_zsb_data/raw_acquisition/provincial/score_lines/英语专业历年分数线.json,anhui_zsb_data/evidence/local_reconciliation/provincial/cross_year/admission_min_score/DOC-ANHUI-PROV-cross_year-admission_min_score-local-b293fb6d2fcb-0ed241c5.json,b293fb6d2fcbf3dea51aca98d7bcdd5f398bd44218ff087a9b3ad9bdbb17f419,2120,copied_local_only
LOCAL-b111b35f509142e4,anhui_zsb_data/raw_acquisition/provincial/score_lines/计算机科学与技术历年分数线.json,anhui_zsb_data/evidence/local_reconciliation/provincial/cross_year/admission_min_score/DOC-ANHUI-PROV-cross_year-admission_min_score-local-a61c8fe10805-b111b35f.json,a61c8fe10805ef9afe580d98e3b5fab9f84c4f974ccbe8640ff91210f1834f31,1079,copied_local_only
LOCAL-1dc00a4d183a85e6,anhui_zsb_data/raw_acquisition/provincial/statistics/2024/2024年安徽专升本招生计划汇总.pdf,anhui_zsb_data/evidence/local_reconciliation/provincial/2024/enrollment_plan/DOC-ANHUI-PROV-2024-enrollment_plan-local-33fdcf1d4da8-1dc00a4d.pdf,33fdcf1d4da8fe22a86dc4dbfbfc9c9c71fc1a8a80e560e84c0af5fc37f6f6ca,3052533,copied_local_only
LOCAL-4d171a27eda2e589,anhui_zsb_data/raw_acquisition/provincial/statistics/2024年各院校录取率.html,anhui_zsb_data/evidence/local_reconciliation/provincial/2024/application_statistics/DOC-ANHUI-PROV-2024-application_statistics-local-1e093c2e9943-4d171a27.html,1e093c2e99438a3fb5dccfc57cdc305feb98da31c508f284f5e01b134ffd01e2,60619,copied_local_only
LOCAL-05f311651fcde32c,anhui_zsb_data/raw_acquisition/provincial/statistics/2024年招生计划汇总.json,anhui_zsb_data/evidence/local_reconciliation/provincial/2024/enrollment_plan/DOC-ANHUI-PROV-2024-enrollment_plan-local-128cfc0cf31d-05f31165.json,128cfc0cf31d6ca5f640d6e7b84d40916c99f0d1d6123f610842ccdce66d0db6,2540,copied_local_only
LOCAL-6d22c712d4f640ad,anhui_zsb_data/raw_acquisition/provincial/statistics/2024年民办院校录取率.json,anhui_zsb_data/evidence/local_reconciliation/provincial/2024/application_statistics/DOC-ANHUI-PROV-2024-application_statistics-local-ffbfd7cf6fab-6d22c712.json,ffbfd7cf6fabcaf09a685586e8b94ae93767ff332aae19eef0a1487fa3164dfd,1746,copied_local_only
LOCAL-7bef75dd4ed0dcc7,anhui_zsb_data/raw_acquisition/provincial/statistics/2025年各院校报录比.csv,anhui_zsb_data/evidence/local_reconciliation/provincial/2025/application_statistics/DOC-ANHUI-PROV-2025-application_statistics-local-9640a0d8c5bd-7bef75dd.csv,9640a0d8c5bd22a5586892a0c37254682d03a1c994b8a2a6ffd5eaf7275d0c81,1582,copied_local_only
LOCAL-f25d66cd021a2ae8,anhui_zsb_data/raw_acquisition/provincial/statistics/2025年各院校报录比.html,anhui_zsb_data/evidence/local_reconciliation/provincial/2025/application_statistics/DOC-ANHUI-PROV-2025-application_statistics-local-6def0df7c47c-f25d66cd.html,6def0df7c47cae97aac4e78bbcbc5644d639e22cd5aca31e4c93e811a7b54174,25477,copied_local_only
LOCAL-4dd9aadf4a4234ad,anhui_zsb_data/raw_acquisition/provincial/statistics/2025年各院校报录比.json,anhui_zsb_data/evidence/local_reconciliation/provincial/2025/application_statistics/DOC-ANHUI-PROV-2025-application_statistics-local-1b14ae0d14a2-4dd9aadf.json,1b14ae0d14a2050888230cf9e03e4cfc1f96871eebd9def791e158facc9dc02a,5469,copied_local_only
LOCAL-249b566486f971b5,anhui_zsb_data/raw_acquisition/provincial/statistics/2026年公办院校报录比.html,anhui_zsb_data/evidence/local_reconciliation/provincial/2026/application_statistics/DOC-ANHUI-PROV-2026-application_statistics-local-ee1fac34089b-249b5664.html,ee1fac34089be8699dc07ae8bf46c09da4ccfc302da48daf1c84b8e9319774bd,7022,copied_local_only
LOCAL-6f31a25bf6c29219,anhui_zsb_data/raw_acquisition/provincial/statistics/2026年竞争比例分析.html,anhui_zsb_data/evidence/local_reconciliation/provincial/2026/application_statistics/DOC-ANHUI-PROV-2026-application_statistics-local-f24428181cee-6f31a25b.html,f24428181ceeda129f4f4a868fd210ca46981ba1f2651614c77df1ba9a63fcb6,61896,copied_local_only
LOCAL-d67c597321ebaeda,anhui_zsb_data/raw_acquisition/provincial/statistics/2026年调剂信息.json,anhui_zsb_data/evidence/local_reconciliation/provincial/2026/adjustment/DOC-ANHUI-PROV-2026-adjustment-local-96eb0b12402d-d67c5973.json,96eb0b12402df3b83733554fd0d6a3374d01f043046f6e884743f7ab1f20fce5,1327,copied_local_only
LOCAL-41b732c19f2261ee,anhui_zsb_data/raw_acquisition/provincial/statistics/全省总体统计_2024_2026.json,anhui_zsb_data/evidence/local_reconciliation/provincial/cross_year/application_statistics/DOC-ANHUI-PROV-cross_year-application_statistics-local-827d1d9d64ae-41b732c1.json,827d1d9d64ae0307cf5ced8de7f1a513e40f161749eae7d20c4c92a659777ded,683,copied_local_only
LOCAL-1f120a3e8a351b75,anhui_zsb_data/raw_acquisition/provincial/statistics/公办院校招生计划变化_2024vs2025.json,anhui_zsb_data/evidence/local_reconciliation/provincial/cross_year/enrollment_plan/DOC-ANHUI-PROV-cross_year-enrollment_plan-local-d93299d0a2b2-1f120a3e.json,d93299d0a2b2ca6e58f5057e339cfa3e67c80199820d42692bd617b8271ce2bb,2099,copied_local_only
