admission_score_id,offering_id,year,candidate_category,admission_round,score_metric,score_basis,score_max,score_value_numeric,score_raw,value_status,threshold_detail_json,assessment_name,notes_source_raw,is_official_direct,is_derived,derivation_method,source_id,source_locator
SCORE-4172ddf3-8a35-593f-be51-7745587a8a56,OFF-3999de16-3537-573e-9704-e82f3cb0409f,2024,normal,first_choice,admission_min_score,four_subject_total,600,271,271,published_value,,,,true,false,,SRC-HFNU-2024-LQ,"{""row_key"":""互联网金融|合肥师范学院"",""section"":""录取最低分"",""table"":4,""url"":""https://zsb.hfnu.edu.cn/info/1002/3065.htm""}"
SCORE-20bfb144-8858-5055-a1e0-da6ee03efff2,OFF-3999de16-3537-573e-9704-e82f3cb0409f,2024,retired_soldier_culture_exam_exempt,first_choice,admission_min_score,vocational_assessment,100,50,50(职测:9),published_value,"{""tie_break_label_raw"":""职测"",""tie_break_metric"":""vocational_assessment"",""tie_break_score"":""9""}",职业适应性或职业技能综合考查,,true,false,,SRC-HFNU-2024-LQ,"{""row_key"":""互联网金融|合肥师范学院"",""section"":""录取最低分"",""table"":4,""url"":""https://zsb.hfnu.edu.cn/info/1002/3065.htm""}"
SCORE-0294d99d-204b-57c7-8dc6-5a75f7b0cec3,OFF-3999de16-3537-573e-9704-e82f3cb0409f,2024,retired_soldier_non_exempt,first_choice,admission_min_score,four_subject_total,600,,,blank_in_source,,,,true,false,,SRC-HFNU-2024-LQ,"{""row_key"":""互联网金融|合肥师范学院"",""section"":""录取最低分"",""table"":4,""url"":""https://zsb.hfnu.edu.cn/info/1002/3065.htm""}"
SCORE-b7136671-dc3b-5a18-a89a-9b686b5636f8,OFF-3999de16-3537-573e-9704-e82f3cb0409f,2024,registered_poor_family,first_choice,admission_min_score,four_subject_total,600,349,349,published_value,,,,true,false,,SRC-HFNU-2024-LQ,"{""row_key"":""互联网金融|合肥师范学院"",""section"":""录取最低分"",""table"":4,""url"":""https://zsb.hfnu.edu.cn/info/1002/3065.htm""}"
SCORE-ea94950c-2851-5d7d-822c-e56b89f34804,OFF-3999de16-3537-573e-9704-e82f3cb0409f,2024,skill_competition,first_choice,interview_score,interview,100,81,81,published_value,,技能大赛面试,,true,false,,SRC-HFNU-2024-LQ,"{""row_key"":""互联网金融|合肥师范学院"",""section"":""录取最低分"",""table"":4,""url"":""https://zsb.hfnu.edu.cn/info/1002/3065.htm""}"
SCORE-d907033c-c281-5e10-97ae-01c61f47fdfe,OFF-227f8508-ec1f-5fc5-b9b6-43ba177e5400,2024,normal,first_choice,admission_min_score,four_subject_total,600,382,382,published_value,,,,true,false,,SRC-HFNU-2024-LQ,"{""row_key"":""人力资源管理|合肥师范学院"",""section"":""录取最低分"",""table"":4,""url"":""https://zsb.hfnu.edu.cn/info/1002/3065.htm""}"
SCORE-39b43a5d-3390-54d9-a7ca-ed4e7b5e03c1,OFF-227f8508-ec1f-5fc5-b9b6-43ba177e5400,2024,retired_soldier_culture_exam_exempt,first_choice,admission_min_score,vocational_assessment,100,60,60,published_value,,职业适应性或职业技能综合考查,,true,false,,SRC-HFNU-2024-LQ,"{""row_key"":""人力资源管理|合肥师范学院"",""section"":""录取最低分"",""table"":4,""url"":""https://zsb.hfnu.edu.cn/info/1002/3065.htm""}"
SCORE-012cbae9-ff76-5807-a027-ca2b1a3ba93b,OFF-227f8508-ec1f-5fc5-b9b6-43ba177e5400,2024,retired_soldier_non_exempt,first_choice,admission_min_score,four_subject_total,600,269,269,published_value,,,,true,false,,SRC-HFNU-2024-LQ,"{""row_key"":""人力资源管理|合肥师范学院"",""section"":""录取最低分"",""table"":4,""url"":""https://zsb.hfnu.edu.cn/info/1002/3065.htm""}"
SCORE-43408c69-0476-5636-8d69-22d82f950932,OFF-227f8508-ec1f-5fc5-b9b6-43ba177e5400,2024,registered_poor_family,first_choice,admission_min_score,four_subject_total,600,348,348,published_value,,,,true,false,,SRC-HFNU-2024-LQ,"{""row_key"":""人力资源管理|合肥师范学院"",""section"":""录取最低分"",""table"":4,""url"":""https://zsb.hfnu.edu.cn/info/1002/3065.htm""}"
SCORE-61cb7fa9-5d7a-535c-bf61-17ac92287223,OFF-227f8508-ec1f-5fc5-b9b6-43ba177e5400,2024,skill_competition,first_choice,interview_score,interview,100,81.33,81.33,published_value,,技能大赛面试,,true,false,,SRC-HFNU-2024-LQ,"{""row_key"":""人力资源管理|合肥师范学院"",""section"":""录取最低分"",""table"":4,""url"":""https://zsb.hfnu.edu.cn/info/1002/3065.htm""}"
SCORE-5dd200db-1770-59f2-849a-899e57861307,OFF-8153285e-8b08-59c0-95da-4b14770854e4,2024,normal,first_choice,admission_min_score,four_subject_total,600,331,331(专业课1:97),published_value,"{""tie_break_label_raw"":""专业课1"",""tie_break_metric"":""professional_1"",""tie_break_score"":""97""}",,合肥职业技术学院,true,false,,SRC-HFNU-2024-LQ,"{""row_key"":""制药工程|合肥职业技术学院"",""section"":""录取最低分"",""table"":4,""url"":""https://zsb.hfnu.edu.cn/info/1002/3065.htm""}"
SCORE-523edcf5-7938-585b-afec-288e22af05b1,OFF-8153285e-8b08-59c0-95da-4b14770854e4,2024,retired_soldier_culture_exam_exempt,first_choice,admission_min_score,vocational_assessment,100,,,blank_in_source,,职业适应性或职业技能综合考查,合肥职业技术学院,true,false,,SRC-HFNU-2024-LQ,"{""row_key"":""制药工程|合肥职业技术学院"",""section"":""录取最低分"",""table"":4,""url"":""https://zsb.hfnu.edu.cn/info/1002/3065.htm""}"
SCORE-673d9251-9018-570d-aaa2-db1e76ef8023,OFF-8153285e-8b08-59c0-95da-4b14770854e4,2024,retired_soldier_non_exempt,first_choice,admission_min_score,four_subject_total,600,,,blank_in_source,,,合肥职业技术学院,true,false,,SRC-HFNU-2024-LQ,"{""row_key"":""制药工程|合肥职业技术学院"",""section"":""录取最低分"",""table"":4,""url"":""https://zsb.hfnu.edu.cn/info/1002/3065.htm""}"
SCORE-1932c12f-a4a7-5177-b4c2-5f23aba6229d,OFF-8153285e-8b08-59c0-95da-4b14770854e4,2024,registered_poor_family,first_choice,admission_min_score,four_subject_total,600,381,381,published_value,,,合肥职业技术学院,true,false,,SRC-HFNU-2024-LQ,"{""row_key"":""制药工程|合肥职业技术学院"",""section"":""录取最低分"",""table"":4,""url"":""https://zsb.hfnu.edu.cn/info/1002/3065.htm""}"
SCORE-a9ed6225-6e49-52e8-b044-e54111244a2e,OFF-8153285e-8b08-59c0-95da-4b14770854e4,2024,skill_competition,first_choice,interview_score,interview,100,,,blank_in_source,,技能大赛面试,合肥职业技术学院,true,false,,SRC-HFNU-2024-LQ,"{""row_key"":""制药工程|合肥职业技术学院"",""section"":""录取最低分"",""table"":4,""url"":""https://zsb.hfnu.edu.cn/info/1002/3065.htm""}"
SCORE-e1a072eb-0ca0-59fb-b6db-c320fe2ae27a,OFF-466442ff-30db-54dc-838c-f7fca01e0584,2024,normal,first_choice,admission_min_score,four_subject_total,600,404.5,404.5,published_value,,,,true,false,,SRC-HFNU-2024-LQ,"{""row_key"":""动画|合肥师范学院"",""section"":""录取最低分"",""table"":4,""url"":""https://zsb.hfnu.edu.cn/info/1002/3065.htm""}"
SCORE-6a48981b-0101-51e0-9fba-97635803c3f2,OFF-466442ff-30db-54dc-838c-f7fca01e0584,2024,retired_soldier_culture_exam_exempt,first_choice,admission_min_score,vocational_assessment,100,61,61,published_value,,职业适应性或职业技能综合考查,,true,false,,SRC-HFNU-2024-LQ,"{""row_key"":""动画|合肥师范学院"",""section"":""录取最低分"",""table"":4,""url"":""https://zsb.hfnu.edu.cn/info/1002/3065.htm""}"
SCORE-9a7738a7-6e0b-58ea-bedd-89c9f7616bae,OFF-466442ff-30db-54dc-838c-f7fca01e0584,2024,retired_soldier_non_exempt,first_choice,admission_min_score,four_subject_total,600,,,blank_in_source,,,,true,false,,SRC-HFNU-2024-LQ,"{""row_key"":""动画|合肥师范学院"",""section"":""录取最低分"",""table"":4,""url"":""https://zsb.hfnu.edu.cn/info/1002/3065.htm""}"
SCORE-36ee1445-afe5-5ac6-b7b7-17040cc1f20a,OFF-466442ff-30db-54dc-838c-f7fca01e0584,2024,registered_poor_family,first_choice,admission_min_score,four_subject_total,600,405,405,published_value,,,,true,false,,SRC-HFNU-2024-LQ,"{""row_key"":""动画|合肥师范学院"",""section"":""录取最低分"",""table"":4,""url"":""https://zsb.hfnu.edu.cn/info/1002/3065.htm""}"
SCORE-8f5bccea-e498-5741-ae99-09238d59d56b,OFF-466442ff-30db-54dc-838c-f7fca01e0584,2024,skill_competition,first_choice,interview_score,interview,100,76.67,76.67,published_value,,技能大赛面试,,true,false,,SRC-HFNU-2024-LQ,"{""row_key"":""动画|合肥师范学院"",""section"":""录取最低分"",""table"":4,""url"":""https://zsb.hfnu.edu.cn/info/1002/3065.htm""}"
SCORE-e523c055-8fa4-514c-98eb-5446232ffd3d,OFF-19b89cef-9ee2-5b13-8029-ec7d83c2e38b,2024,normal,first_choice,admission_min_score,four_subject_total,600,210,210,published_value,,,,true,false,,SRC-HFNU-2024-LQ,"{""row_key"":""化学工程与工艺|合肥师范学院"",""section"":""录取最低分"",""table"":4,""url"":""https://zsb.hfnu.edu.cn/info/1002/3065.htm""}"
SCORE-a4537c1f-2bcf-5c75-b38e-b60a57b3e167,OFF-19b89cef-9ee2-5b13-8029-ec7d83c2e38b,2024,retired_soldier_culture_exam_exempt,first_choice,admission_min_score,vocational_assessment,100,46,46,published_value,,职业适应性或职业技能综合考查,,true,false,,SRC-HFNU-2024-LQ,"{""row_key"":""化学工程与工艺|合肥师范学院"",""section"":""录取最低分"",""table"":4,""url"":""https://zsb.hfnu.edu.cn/info/1002/3065.htm""}"
SCORE-a5c3a0e3-c9a9-5d77-95cf-3f9c55f3d425,OFF-19b89cef-9ee2-5b13-8029-ec7d83c2e38b,2024,retired_soldier_non_exempt,first_choice,admission_min_score,four_subject_total,600,,,blank_in_source,,,,true,false,,SRC-HFNU-2024-LQ,"{""row_key"":""化学工程与工艺|合肥师范学院"",""section"":""录取最低分"",""table"":4,""url"":""https://zsb.hfnu.edu.cn/info/1002/3065.htm""}"
SCORE-bf02166a-d894-585b-9bf4-89bf453818e7,OFF-19b89cef-9ee2-5b13-8029-ec7d83c2e38b,2024,registered_poor_family,first_choice,admission_min_score,four_subject_total,600,211,211,published_value,,,,true,false,,SRC-HFNU-2024-LQ,"{""row_key"":""化学工程与工艺|合肥师范学院"",""section"":""录取最低分"",""table"":4,""url"":""https://zsb.hfnu.edu.cn/info/1002/3065.htm""}"
SCORE-5de5d5bb-5f29-5c10-9d7c-aebc08b618d6,OFF-19b89cef-9ee2-5b13-8029-ec7d83c2e38b,2024,skill_competition,first_choice,interview_score,interview,100,,,blank_in_source,,技能大赛面试,,true,false,,SRC-HFNU-2024-LQ,"{""row_key"":""化学工程与工艺|合肥师范学院"",""section"":""录取最低分"",""table"":4,""url"":""https://zsb.hfnu.edu.cn/info/1002/3065.htm""}"
SCORE-09b904cf-0081-5698-acb1-9ef2587c9776,OFF-a7bf120a-dc4a-5ec9-aced-e4651a795afe,2024,normal,first_choice,admission_min_score,four_subject_total,600,330,330,published_value,,,,true,false,,SRC-HFNU-2024-LQ,"{""row_key"":""商务英语|合肥师范学院"",""section"":""录取最低分"",""table"":4,""url"":""https://zsb.hfnu.edu.cn/info/1002/3065.htm""}"
SCORE-1fc56286-868e-5ce2-bb4d-6ab6010cea76,OFF-a7bf120a-dc4a-5ec9-aced-e4651a795afe,2024,retired_soldier_culture_exam_exempt,first_choice,admission_min_score,vocational_assessment,100,54,54,published_value,,职业适应性或职业技能综合考查,,true,false,,SRC-HFNU-2024-LQ,"{""row_key"":""商务英语|合肥师范学院"",""section"":""录取最低分"",""table"":4,""url"":""https://zsb.hfnu.edu.cn/info/1002/3065.htm""}"
SCORE-5af2636c-f62d-508a-8afd-e701773a7fad,OFF-a7bf120a-dc4a-5ec9-aced-e4651a795afe,2024,retired_soldier_non_exempt,first_choice,admission_min_score,four_subject_total,600,,,blank_in_source,,,,true,false,,SRC-HFNU-2024-LQ,"{""row_key"":""商务英语|合肥师范学院"",""section"":""录取最低分"",""table"":4,""url"":""https://zsb.hfnu.edu.cn/info/1002/3065.htm""}"
SCORE-978c1678-0b38-50d6-b8f9-13e84dc810e7,OFF-a7bf120a-dc4a-5ec9-aced-e4651a795afe,2024,registered_poor_family,first_choice,admission_min_score,four_subject_total,600,342,342,published_value,,,,true,false,,SRC-HFNU-2024-LQ,"{""row_key"":""商务英语|合肥师范学院"",""section"":""录取最低分"",""table"":4,""url"":""https://zsb.hfnu.edu.cn/info/1002/3065.htm""}"
SCORE-45f06b37-a695-5c29-b03b-c1dec91595ee,OFF-a7bf120a-dc4a-5ec9-aced-e4651a795afe,2024,skill_competition,first_choice,interview_score,interview,100,81.33,81.33,published_value,,技能大赛面试,,true,false,,SRC-HFNU-2024-LQ,"{""row_key"":""商务英语|合肥师范学院"",""section"":""录取最低分"",""table"":4,""url"":""https://zsb.hfnu.edu.cn/info/1002/3065.htm""}"
SCORE-fd0b0e7f-cfd8-5a00-babd-d0a9c108150d,OFF-0cea55c4-0162-5c49-adf4-b170df56aca6,2024,normal,first_choice,admission_min_score,four_subject_total,600,364,364(专业课1:69),published_value,"{""tie_break_label_raw"":""专业课1"",""tie_break_metric"":""professional_1"",""tie_break_score"":""69""}",,,true,false,,SRC-HFNU-2024-LQ,"{""row_key"":""学前教育|合肥师范学院"",""section"":""录取最低分"",""table"":4,""url"":""https://zsb.hfnu.edu.cn/info/1002/3065.htm""}"
SCORE-523e8997-f325-542e-9118-70447b3dd209,OFF-0cea55c4-0162-5c49-adf4-b170df56aca6,2024,retired_soldier_culture_exam_exempt,first_choice,admission_min_score,vocational_assessment,100,53,53,published_value,,职业适应性或职业技能综合考查,,true,false,,SRC-HFNU-2024-LQ,"{""row_key"":""学前教育|合肥师范学院"",""section"":""录取最低分"",""table"":4,""url"":""https://zsb.hfnu.edu.cn/info/1002/3065.htm""}"
SCORE-2328e121-3a28-576e-a31b-d7b3a7d09f98,OFF-0cea55c4-0162-5c49-adf4-b170df56aca6,2024,retired_soldier_non_exempt,first_choice,admission_min_score,four_subject_total,600,,,blank_in_source,,,,true,false,,SRC-HFNU-2024-LQ,"{""row_key"":""学前教育|合肥师范学院"",""section"":""录取最低分"",""table"":4,""url"":""https://zsb.hfnu.edu.cn/info/1002/3065.htm""}"
SCORE-55635a50-fd80-5a0f-9e5d-d514a296d964,OFF-0cea55c4-0162-5c49-adf4-b170df56aca6,2024,registered_poor_family,first_choice,admission_min_score,four_subject_total,600,343,343,published_value,,,,true,false,,SRC-HFNU-2024-LQ,"{""row_key"":""学前教育|合肥师范学院"",""section"":""录取最低分"",""table"":4,""url"":""https://zsb.hfnu.edu.cn/info/1002/3065.htm""}"
SCORE-277ed3cd-9a96-56e5-9c28-efe2bc7dad0b,OFF-0cea55c4-0162-5c49-adf4-b170df56aca6,2024,skill_competition,first_choice,interview_score,interview,100,,,blank_in_source,,技能大赛面试,,true,false,,SRC-HFNU-2024-LQ,"{""row_key"":""学前教育|合肥师范学院"",""section"":""录取最低分"",""table"":4,""url"":""https://zsb.hfnu.edu.cn/info/1002/3065.htm""}"
SCORE-71cbda3d-a6f2-500e-baf9-a9fdd0ff98f0,OFF-9ede7d69-d5cc-5ccb-8967-b105266703a9,2024,normal,first_choice,admission_min_score,four_subject_total,600,341,341,published_value,,,淮北职业技术学院,true,false,,SRC-HFNU-2024-LQ,"{""row_key"":""小学教育|淮北职业技术学院"",""section"":""录取最低分"",""table"":4,""url"":""https://zsb.hfnu.edu.cn/info/1002/3065.htm""}"
SCORE-0eefedac-d163-59bc-9ce7-ab7f001687ad,OFF-9ede7d69-d5cc-5ccb-8967-b105266703a9,2024,retired_soldier_culture_exam_exempt,first_choice,admission_min_score,vocational_assessment,100,62,62,published_value,,职业适应性或职业技能综合考查,淮北职业技术学院,true,false,,SRC-HFNU-2024-LQ,"{""row_key"":""小学教育|淮北职业技术学院"",""section"":""录取最低分"",""table"":4,""url"":""https://zsb.hfnu.edu.cn/info/1002/3065.htm""}"
SCORE-bbfe918e-e028-5055-adb4-ca17632e9049,OFF-9ede7d69-d5cc-5ccb-8967-b105266703a9,2024,retired_soldier_non_exempt,first_choice,admission_min_score,four_subject_total,600,,,blank_in_source,,,淮北职业技术学院,true,false,,SRC-HFNU-2024-LQ,"{""row_key"":""小学教育|淮北职业技术学院"",""section"":""录取最低分"",""table"":4,""url"":""https://zsb.hfnu.edu.cn/info/1002/3065.htm""}"
SCORE-0c65c6d8-231f-5864-bc62-c79c317040a4,OFF-9ede7d69-d5cc-5ccb-8967-b105266703a9,2024,registered_poor_family,first_choice,admission_min_score,four_subject_total,600,292,292,published_value,,,淮北职业技术学院,true,false,,SRC-HFNU-2024-LQ,"{""row_key"":""小学教育|淮北职业技术学院"",""section"":""录取最低分"",""table"":4,""url"":""https://zsb.hfnu.edu.cn/info/1002/3065.htm""}"
SCORE-b300df3e-d681-5b02-a1fb-02e6f0cbb3fc,OFF-9ede7d69-d5cc-5ccb-8967-b105266703a9,2024,skill_competition,first_choice,interview_score,interview,100,84.33,84.33,published_value,,技能大赛面试,淮北职业技术学院,true,false,,SRC-HFNU-2024-LQ,"{""row_key"":""小学教育|淮北职业技术学院"",""section"":""录取最低分"",""table"":4,""url"":""https://zsb.hfnu.edu.cn/info/1002/3065.htm""}"
SCORE-f8f835a9-14a2-5f34-aaa2-fa8f4e4133ff,OFF-bd3de362-2399-561b-a7c9-2e5227676c3a,2024,normal,first_choice,admission_min_score,four_subject_total,600,270,270,published_value,,,安徽工业经济职业技术学院,true,false,,SRC-HFNU-2024-LQ,"{""row_key"":""市场营销|安徽工业经济职业技术学院"",""section"":""录取最低分"",""table"":4,""url"":""https://zsb.hfnu.edu.cn/info/1002/3065.htm""}"
SCORE-3f3f2f12-029a-59d7-9954-616256c06d39,OFF-bd3de362-2399-561b-a7c9-2e5227676c3a,2024,retired_soldier_culture_exam_exempt,first_choice,admission_min_score,vocational_assessment,100,46,46,published_value,,职业适应性或职业技能综合考查,安徽工业经济职业技术学院,true,false,,SRC-HFNU-2024-LQ,"{""row_key"":""市场营销|安徽工业经济职业技术学院"",""section"":""录取最低分"",""table"":4,""url"":""https://zsb.hfnu.edu.cn/info/1002/3065.htm""}"
SCORE-b5694321-eca4-5bcb-90b3-03643f88d760,OFF-bd3de362-2399-561b-a7c9-2e5227676c3a,2024,retired_soldier_non_exempt,first_choice,admission_min_score,four_subject_total,600,,,blank_in_source,,,安徽工业经济职业技术学院,true,false,,SRC-HFNU-2024-LQ,"{""row_key"":""市场营销|安徽工业经济职业技术学院"",""section"":""录取最低分"",""table"":4,""url"":""https://zsb.hfnu.edu.cn/info/1002/3065.htm""}"
SCORE-efaf5060-18f6-562a-8213-4c733c5a1ce8,OFF-bd3de362-2399-561b-a7c9-2e5227676c3a,2024,registered_poor_family,first_choice,admission_min_score,four_subject_total,600,265,265,published_value,,,安徽工业经济职业技术学院,true,false,,SRC-HFNU-2024-LQ,"{""row_key"":""市场营销|安徽工业经济职业技术学院"",""section"":""录取最低分"",""table"":4,""url"":""https://zsb.hfnu.edu.cn/info/1002/3065.htm""}"
SCORE-8e3eb6c3-b045-556e-8223-0c0ca57d7d73,OFF-bd3de362-2399-561b-a7c9-2e5227676c3a,2024,skill_competition,first_choice,interview_score,interview,100,81,81,published_value,,技能大赛面试,安徽工业经济职业技术学院,true,false,,SRC-HFNU-2024-LQ,"{""row_key"":""市场营销|安徽工业经济职业技术学院"",""section"":""录取最低分"",""table"":4,""url"":""https://zsb.hfnu.edu.cn/info/1002/3065.htm""}"
SCORE-570d65e6-e9cc-583d-a075-e819521fd1a8,OFF-f76c6c80-b9d0-5782-a18b-0ea301825262,2024,normal,first_choice,admission_min_score,four_subject_total,600,339,339,published_value,,,,true,false,,SRC-HFNU-2024-LQ,"{""row_key"":""数据科学与大数据技术|合肥师范学院"",""section"":""录取最低分"",""table"":4,""url"":""https://zsb.hfnu.edu.cn/info/1002/3065.htm""}"
SCORE-15a15543-6b10-534c-b7a6-883ed3e8db85,OFF-f76c6c80-b9d0-5782-a18b-0ea301825262,2024,retired_soldier_culture_exam_exempt,first_choice,admission_min_score,vocational_assessment,100,60,60,published_value,,职业适应性或职业技能综合考查,,true,false,,SRC-HFNU-2024-LQ,"{""row_key"":""数据科学与大数据技术|合肥师范学院"",""section"":""录取最低分"",""table"":4,""url"":""https://zsb.hfnu.edu.cn/info/1002/3065.htm""}"
SCORE-eb7a89e0-54c3-51d4-bf4d-cb6ca701699d,OFF-f76c6c80-b9d0-5782-a18b-0ea301825262,2024,retired_soldier_non_exempt,first_choice,admission_min_score,four_subject_total,600,,,blank_in_source,,,,true,false,,SRC-HFNU-2024-LQ,"{""row_key"":""数据科学与大数据技术|合肥师范学院"",""section"":""录取最低分"",""table"":4,""url"":""https://zsb.hfnu.edu.cn/info/1002/3065.htm""}"
SCORE-42ffd4cd-ad31-5dfc-ba9a-cce776a4144c,OFF-f76c6c80-b9d0-5782-a18b-0ea301825262,2024,registered_poor_family,first_choice,admission_min_score,four_subject_total,600,243,243,published_value,,,,true,false,,SRC-HFNU-2024-LQ,"{""row_key"":""数据科学与大数据技术|合肥师范学院"",""section"":""录取最低分"",""table"":4,""url"":""https://zsb.hfnu.edu.cn/info/1002/3065.htm""}"
SCORE-5f308535-6803-5711-b32c-05c18e98631f,OFF-f76c6c80-b9d0-5782-a18b-0ea301825262,2024,skill_competition,first_choice,interview_score,interview,100,68.67,68.67,published_value,,技能大赛面试,,true,false,,SRC-HFNU-2024-LQ,"{""row_key"":""数据科学与大数据技术|合肥师范学院"",""section"":""录取最低分"",""table"":4,""url"":""https://zsb.hfnu.edu.cn/info/1002/3065.htm""}"
SCORE-6f8a0669-fb02-572d-a7db-ce72abd084af,OFF-69e46ff6-0cb7-5333-8024-1be76ba32d9e,2024,normal,first_choice,admission_min_score,four_subject_total,600,197.5,197.5,published_value,,,,true,false,,SRC-HFNU-2024-LQ,"{""row_key"":""新能源材料与器件|合肥师范学院"",""section"":""录取最低分"",""table"":4,""url"":""https://zsb.hfnu.edu.cn/info/1002/3065.htm""}"
SCORE-f5f37d62-1ddc-54ce-b36e-a533fd20130e,OFF-69e46ff6-0cb7-5333-8024-1be76ba32d9e,2024,retired_soldier_culture_exam_exempt,first_choice,admission_min_score,vocational_assessment,100,59,59(职测:15),published_value,"{""tie_break_label_raw"":""职测"",""tie_break_metric"":""vocational_assessment"",""tie_break_score"":""15""}",职业适应性或职业技能综合考查,,true,false,,SRC-HFNU-2024-LQ,"{""row_key"":""新能源材料与器件|合肥师范学院"",""section"":""录取最低分"",""table"":4,""url"":""https://zsb.hfnu.edu.cn/info/1002/3065.htm""}"
SCORE-8214d2df-7c78-5507-b52d-e80180895e7c,OFF-69e46ff6-0cb7-5333-8024-1be76ba32d9e,2024,retired_soldier_non_exempt,first_choice,admission_min_score,four_subject_total,600,,,blank_in_source,,,,true,false,,SRC-HFNU-2024-LQ,"{""row_key"":""新能源材料与器件|合肥师范学院"",""section"":""录取最低分"",""table"":4,""url"":""https://zsb.hfnu.edu.cn/info/1002/3065.htm""}"
SCORE-b033d659-ba0c-554f-88da-8c72ce257854,OFF-69e46ff6-0cb7-5333-8024-1be76ba32d9e,2024,registered_poor_family,first_choice,admission_min_score,four_subject_total,600,219.5,219.5,published_value,,,,true,false,,SRC-HFNU-2024-LQ,"{""row_key"":""新能源材料与器件|合肥师范学院"",""section"":""录取最低分"",""table"":4,""url"":""https://zsb.hfnu.edu.cn/info/1002/3065.htm""}"
SCORE-9fd31ffe-c3bc-59dd-90f5-f995eb9605cc,OFF-69e46ff6-0cb7-5333-8024-1be76ba32d9e,2024,skill_competition,first_choice,interview_score,interview,100,73.33,73.33,published_value,,技能大赛面试,,true,false,,SRC-HFNU-2024-LQ,"{""row_key"":""新能源材料与器件|合肥师范学院"",""section"":""录取最低分"",""table"":4,""url"":""https://zsb.hfnu.edu.cn/info/1002/3065.htm""}"
SCORE-803da791-a589-5cef-b998-a0170cba7e0c,OFF-6ea19789-72a7-5a48-aeaa-57ccaa31b7c1,2024,normal,first_choice,admission_min_score,four_subject_total,600,400.5,400.5,published_value,,,,true,false,,SRC-HFNU-2024-LQ,"{""row_key"":""服装与服饰设计|合肥师范学院"",""section"":""录取最低分"",""table"":4,""url"":""https://zsb.hfnu.edu.cn/info/1002/3065.htm""}"
SCORE-7e6f7f93-34a4-5a1d-b182-93ac0a8185a1,OFF-6ea19789-72a7-5a48-aeaa-57ccaa31b7c1,2024,retired_soldier_culture_exam_exempt,first_choice,admission_min_score,vocational_assessment,100,61,61,published_value,,职业适应性或职业技能综合考查,,true,false,,SRC-HFNU-2024-LQ,"{""row_key"":""服装与服饰设计|合肥师范学院"",""section"":""录取最低分"",""table"":4,""url"":""https://zsb.hfnu.edu.cn/info/1002/3065.htm""}"
SCORE-dd74febc-ab8e-52f7-babf-8dcd5f1f23d8,OFF-6ea19789-72a7-5a48-aeaa-57ccaa31b7c1,2024,retired_soldier_non_exempt,first_choice,admission_min_score,four_subject_total,600,,,blank_in_source,,,,true,false,,SRC-HFNU-2024-LQ,"{""row_key"":""服装与服饰设计|合肥师范学院"",""section"":""录取最低分"",""table"":4,""url"":""https://zsb.hfnu.edu.cn/info/1002/3065.htm""}"
SCORE-024970bb-19a6-5462-a78d-1fc20d368c27,OFF-6ea19789-72a7-5a48-aeaa-57ccaa31b7c1,2024,registered_poor_family,first_choice,admission_min_score,four_subject_total,600,391.5,391.5,published_value,,,,true,false,,SRC-HFNU-2024-LQ,"{""row_key"":""服装与服饰设计|合肥师范学院"",""section"":""录取最低分"",""table"":4,""url"":""https://zsb.hfnu.edu.cn/info/1002/3065.htm""}"
SCORE-7abb85d9-706e-5308-bf8b-3ff602d23e94,OFF-6ea19789-72a7-5a48-aeaa-57ccaa31b7c1,2024,skill_competition,first_choice,interview_score,interview,100,,,blank_in_source,,技能大赛面试,,true,false,,SRC-HFNU-2024-LQ,"{""row_key"":""服装与服饰设计|合肥师范学院"",""section"":""录取最低分"",""table"":4,""url"":""https://zsb.hfnu.edu.cn/info/1002/3065.htm""}"
SCORE-fd2e1f13-663a-55be-a400-4d55829c89c5,OFF-73444fc2-6c3c-55cc-ba0f-e19ab7460a72,2024,normal,first_choice,admission_min_score,four_subject_total,600,207,207,published_value,,,,true,false,,SRC-HFNU-2024-LQ,"{""row_key"":""材料科学与工程|合肥师范学院"",""section"":""录取最低分"",""table"":4,""url"":""https://zsb.hfnu.edu.cn/info/1002/3065.htm""}"
SCORE-29219b5c-2af2-5119-8447-5e88d7230bfe,OFF-73444fc2-6c3c-55cc-ba0f-e19ab7460a72,2024,retired_soldier_culture_exam_exempt,first_choice,admission_min_score,vocational_assessment,100,58,58,published_value,,职业适应性或职业技能综合考查,,true,false,,SRC-HFNU-2024-LQ,"{""row_key"":""材料科学与工程|合肥师范学院"",""section"":""录取最低分"",""table"":4,""url"":""https://zsb.hfnu.edu.cn/info/1002/3065.htm""}"
SCORE-effb436e-bc74-596f-884c-5d2f7dad4bca,OFF-73444fc2-6c3c-55cc-ba0f-e19ab7460a72,2024,retired_soldier_non_exempt,first_choice,admission_min_score,four_subject_total,600,,,blank_in_source,,,,true,false,,SRC-HFNU-2024-LQ,"{""row_key"":""材料科学与工程|合肥师范学院"",""section"":""录取最低分"",""table"":4,""url"":""https://zsb.hfnu.edu.cn/info/1002/3065.htm""}"
SCORE-b1ba9a35-2b9a-5b2f-aa20-7471f54eb0f3,OFF-73444fc2-6c3c-55cc-ba0f-e19ab7460a72,2024,registered_poor_family,first_choice,admission_min_score,four_subject_total,600,285.5,285.5,published_value,,,,true,false,,SRC-HFNU-2024-LQ,"{""row_key"":""材料科学与工程|合肥师范学院"",""section"":""录取最低分"",""table"":4,""url"":""https://zsb.hfnu.edu.cn/info/1002/3065.htm""}"
SCORE-675031e8-d240-5edf-aacb-103bbe6f2624,OFF-73444fc2-6c3c-55cc-ba0f-e19ab7460a72,2024,skill_competition,first_choice,interview_score,interview,100,,,blank_in_source,,技能大赛面试,,true,false,,SRC-HFNU-2024-LQ,"{""row_key"":""材料科学与工程|合肥师范学院"",""section"":""录取最低分"",""table"":4,""url"":""https://zsb.hfnu.edu.cn/info/1002/3065.htm""}"
SCORE-307ab356-a88e-5d60-9f90-4ea1fea0af69,OFF-b1bacb76-fa85-533b-9dba-b5d3f6107662,2024,normal,first_choice,admission_min_score,four_subject_total,600,404,404(专业课1:115.5),published_value,"{""tie_break_label_raw"":""专业课1"",""tie_break_metric"":""professional_1"",""tie_break_score"":""115.5""}",,马鞍山师范高等专科学校,true,false,,SRC-HFNU-2024-LQ,"{""row_key"":""环境设计|马鞍山师范高等专科学校"",""section"":""录取最低分"",""table"":4,""url"":""https://zsb.hfnu.edu.cn/info/1002/3065.htm""}"
SCORE-806319bb-c2f6-5338-aca1-7664e8a3ed88,OFF-b1bacb76-fa85-533b-9dba-b5d3f6107662,2024,retired_soldier_culture_exam_exempt,first_choice,admission_min_score,vocational_assessment,100,41,41,published_value,,职业适应性或职业技能综合考查,马鞍山师范高等专科学校,true,false,,SRC-HFNU-2024-LQ,"{""row_key"":""环境设计|马鞍山师范高等专科学校"",""section"":""录取最低分"",""table"":4,""url"":""https://zsb.hfnu.edu.cn/info/1002/3065.htm""}"
SCORE-564c3fff-a76d-54e0-8dc6-c0ec0f022d03,OFF-b1bacb76-fa85-533b-9dba-b5d3f6107662,2024,retired_soldier_non_exempt,first_choice,admission_min_score,four_subject_total,600,,,blank_in_source,,,马鞍山师范高等专科学校,true,false,,SRC-HFNU-2024-LQ,"{""row_key"":""环境设计|马鞍山师范高等专科学校"",""section"":""录取最低分"",""table"":4,""url"":""https://zsb.hfnu.edu.cn/info/1002/3065.htm""}"
SCORE-cc60e433-9ad8-5a8f-a462-d230940cebe9,OFF-b1bacb76-fa85-533b-9dba-b5d3f6107662,2024,registered_poor_family,first_choice,admission_min_score,four_subject_total,600,323.5,323.5,published_value,,,马鞍山师范高等专科学校,true,false,,SRC-HFNU-2024-LQ,"{""row_key"":""环境设计|马鞍山师范高等专科学校"",""section"":""录取最低分"",""table"":4,""url"":""https://zsb.hfnu.edu.cn/info/1002/3065.htm""}"
SCORE-452992e6-c645-5e92-b629-9a36af3fbb5f,OFF-b1bacb76-fa85-533b-9dba-b5d3f6107662,2024,skill_competition,first_choice,interview_score,interview,100,75,75,published_value,,技能大赛面试,马鞍山师范高等专科学校,true,false,,SRC-HFNU-2024-LQ,"{""row_key"":""环境设计|马鞍山师范高等专科学校"",""section"":""录取最低分"",""table"":4,""url"":""https://zsb.hfnu.edu.cn/info/1002/3065.htm""}"
SCORE-37ea99e1-28fd-5b78-aa5c-235019a078a0,OFF-af318d31-e77c-53ab-be9f-571d14f8bc96,2024,normal,first_choice,admission_min_score,four_subject_total,600,270,270,published_value,,,,true,false,,SRC-HFNU-2024-LQ,"{""row_key"":""生物制药|合肥师范学院"",""section"":""录取最低分"",""table"":4,""url"":""https://zsb.hfnu.edu.cn/info/1002/3065.htm""}"
SCORE-a09e6d5b-c58b-5953-85fa-7ecdcdddb5d7,OFF-af318d31-e77c-53ab-be9f-571d14f8bc96,2024,retired_soldier_culture_exam_exempt,first_choice,admission_min_score,vocational_assessment,100,40,40,published_value,,职业适应性或职业技能综合考查,,true,false,,SRC-HFNU-2024-LQ,"{""row_key"":""生物制药|合肥师范学院"",""section"":""录取最低分"",""table"":4,""url"":""https://zsb.hfnu.edu.cn/info/1002/3065.htm""}"
SCORE-1a19c5e7-ff85-5630-8749-ee04ac6ede4c,OFF-af318d31-e77c-53ab-be9f-571d14f8bc96,2024,retired_soldier_non_exempt,first_choice,admission_min_score,four_subject_total,600,,,blank_in_source,,,,true,false,,SRC-HFNU-2024-LQ,"{""row_key"":""生物制药|合肥师范学院"",""section"":""录取最低分"",""table"":4,""url"":""https://zsb.hfnu.edu.cn/info/1002/3065.htm""}"
SCORE-b9ae684a-3178-52d5-857d-fa9a32827a18,OFF-af318d31-e77c-53ab-be9f-571d14f8bc96,2024,registered_poor_family,first_choice,admission_min_score,four_subject_total,600,222,222,published_value,,,,true,false,,SRC-HFNU-2024-LQ,"{""row_key"":""生物制药|合肥师范学院"",""section"":""录取最低分"",""table"":4,""url"":""https://zsb.hfnu.edu.cn/info/1002/3065.htm""}"
SCORE-70eb5afb-fadf-50d5-9c1f-3c25a96682ed,OFF-af318d31-e77c-53ab-be9f-571d14f8bc96,2024,skill_competition,first_choice,interview_score,interview,100,75.33,75.33,published_value,,技能大赛面试,,true,false,,SRC-HFNU-2024-LQ,"{""row_key"":""生物制药|合肥师范学院"",""section"":""录取最低分"",""table"":4,""url"":""https://zsb.hfnu.edu.cn/info/1002/3065.htm""}"
SCORE-c182958b-9f6c-5a93-93cd-406a0c7b0ad5,OFF-cf5f58a7-03e9-528e-9334-2c2054574cb4,2024,normal,first_choice,admission_min_score,four_subject_total,600,198,198,published_value,,,,true,false,,SRC-HFNU-2024-LQ,"{""row_key"":""电子信息工程|合肥师范学院"",""section"":""录取最低分"",""table"":4,""url"":""https://zsb.hfnu.edu.cn/info/1002/3065.htm""}"
SCORE-0f10871f-4b99-5562-8fc7-a8ec264719f8,OFF-cf5f58a7-03e9-528e-9334-2c2054574cb4,2024,retired_soldier_culture_exam_exempt,first_choice,admission_min_score,vocational_assessment,100,63,63(职测:20),published_value,"{""tie_break_label_raw"":""职测"",""tie_break_metric"":""vocational_assessment"",""tie_break_score"":""20""}",职业适应性或职业技能综合考查,,true,false,,SRC-HFNU-2024-LQ,"{""row_key"":""电子信息工程|合肥师范学院"",""section"":""录取最低分"",""table"":4,""url"":""https://zsb.hfnu.edu.cn/info/1002/3065.htm""}"
SCORE-378902b9-6489-5c36-b6cb-9f50f7cc116c,OFF-cf5f58a7-03e9-528e-9334-2c2054574cb4,2024,retired_soldier_non_exempt,first_choice,admission_min_score,four_subject_total,600,,,blank_in_source,,,,true,false,,SRC-HFNU-2024-LQ,"{""row_key"":""电子信息工程|合肥师范学院"",""section"":""录取最低分"",""table"":4,""url"":""https://zsb.hfnu.edu.cn/info/1002/3065.htm""}"
SCORE-4b397d04-ff47-5afb-a25d-caf72b5cf80f,OFF-cf5f58a7-03e9-528e-9334-2c2054574cb4,2024,registered_poor_family,first_choice,admission_min_score,four_subject_total,600,314,314,published_value,,,,true,false,,SRC-HFNU-2024-LQ,"{""row_key"":""电子信息工程|合肥师范学院"",""section"":""录取最低分"",""table"":4,""url"":""https://zsb.hfnu.edu.cn/info/1002/3065.htm""}"
SCORE-d538c4cd-a00a-5aa2-9c80-76f0e6fc4409,OFF-cf5f58a7-03e9-528e-9334-2c2054574cb4,2024,skill_competition,first_choice,interview_score,interview,100,73.66,73.66,published_value,,技能大赛面试,,true,false,,SRC-HFNU-2024-LQ,"{""row_key"":""电子信息工程|合肥师范学院"",""section"":""录取最低分"",""table"":4,""url"":""https://zsb.hfnu.edu.cn/info/1002/3065.htm""}"
SCORE-a2391f0f-3d0a-5ef0-b6be-0d93bca4c9c9,OFF-7918aed3-8a9b-5618-ab5a-9eb8a382781b,2024,normal,first_choice,admission_min_score,four_subject_total,600,225,225,published_value,,,安徽工业经济职业技术学院,true,false,,SRC-HFNU-2024-LQ,"{""row_key"":""电气工程及其自动化|安徽工业经济职业技术学院"",""section"":""录取最低分"",""table"":4,""url"":""https://zsb.hfnu.edu.cn/info/1002/3065.htm""}"
SCORE-4d4d3b87-cd80-5bba-8d73-08cb0ddaad28,OFF-7918aed3-8a9b-5618-ab5a-9eb8a382781b,2024,retired_soldier_culture_exam_exempt,first_choice,admission_min_score,vocational_assessment,100,49,49,published_value,,职业适应性或职业技能综合考查,安徽工业经济职业技术学院,true,false,,SRC-HFNU-2024-LQ,"{""row_key"":""电气工程及其自动化|安徽工业经济职业技术学院"",""section"":""录取最低分"",""table"":4,""url"":""https://zsb.hfnu.edu.cn/info/1002/3065.htm""}"
SCORE-6afde8ef-4af7-5150-ad8d-9233b6114be4,OFF-7918aed3-8a9b-5618-ab5a-9eb8a382781b,2024,retired_soldier_non_exempt,first_choice,admission_min_score,four_subject_total,600,,,blank_in_source,,,安徽工业经济职业技术学院,true,false,,SRC-HFNU-2024-LQ,"{""row_key"":""电气工程及其自动化|安徽工业经济职业技术学院"",""section"":""录取最低分"",""table"":4,""url"":""https://zsb.hfnu.edu.cn/info/1002/3065.htm""}"
SCORE-3e541ab3-12ec-5578-a100-703c2be293f2,OFF-7918aed3-8a9b-5618-ab5a-9eb8a382781b,2024,registered_poor_family,first_choice,admission_min_score,four_subject_total,600,77,77,published_value,,,安徽工业经济职业技术学院,true,false,,SRC-HFNU-2024-LQ,"{""row_key"":""电气工程及其自动化|安徽工业经济职业技术学院"",""section"":""录取最低分"",""table"":4,""url"":""https://zsb.hfnu.edu.cn/info/1002/3065.htm""}"
SCORE-43491ea0-5dba-548a-8d52-95e23173bf8a,OFF-7918aed3-8a9b-5618-ab5a-9eb8a382781b,2024,skill_competition,first_choice,interview_score,interview,100,,,blank_in_source,,技能大赛面试,安徽工业经济职业技术学院,true,false,,SRC-HFNU-2024-LQ,"{""row_key"":""电气工程及其自动化|安徽工业经济职业技术学院"",""section"":""录取最低分"",""table"":4,""url"":""https://zsb.hfnu.edu.cn/info/1002/3065.htm""}"
SCORE-0bac43e3-a85a-5c6f-9ead-b519d7787309,OFF-c945fa15-9041-5415-913b-66750f82e0ad,2024,normal,first_choice,admission_min_score,four_subject_total,600,200,200,published_value,,,淮北职业技术学院,true,false,,SRC-HFNU-2024-LQ,"{""row_key"":""电气工程及其自动化|淮北职业技术学院"",""section"":""录取最低分"",""table"":4,""url"":""https://zsb.hfnu.edu.cn/info/1002/3065.htm""}"
SCORE-87b0df51-d867-56e5-9bd2-819480d484b1,OFF-c945fa15-9041-5415-913b-66750f82e0ad,2024,retired_soldier_culture_exam_exempt,first_choice,admission_min_score,vocational_assessment,100,47,47,published_value,,职业适应性或职业技能综合考查,淮北职业技术学院,true,false,,SRC-HFNU-2024-LQ,"{""row_key"":""电气工程及其自动化|淮北职业技术学院"",""section"":""录取最低分"",""table"":4,""url"":""https://zsb.hfnu.edu.cn/info/1002/3065.htm""}"
SCORE-945ca035-6326-5720-bc88-8c2c51d9ff26,OFF-c945fa15-9041-5415-913b-66750f82e0ad,2024,retired_soldier_non_exempt,first_choice,admission_min_score,four_subject_total,600,,,blank_in_source,,,淮北职业技术学院,true,false,,SRC-HFNU-2024-LQ,"{""row_key"":""电气工程及其自动化|淮北职业技术学院"",""section"":""录取最低分"",""table"":4,""url"":""https://zsb.hfnu.edu.cn/info/1002/3065.htm""}"
SCORE-1e2c8006-34b7-5bae-881d-9f3286ff5e70,OFF-c945fa15-9041-5415-913b-66750f82e0ad,2024,registered_poor_family,first_choice,admission_min_score,four_subject_total,600,340,340,published_value,,,淮北职业技术学院,true,false,,SRC-HFNU-2024-LQ,"{""row_key"":""电气工程及其自动化|淮北职业技术学院"",""section"":""录取最低分"",""table"":4,""url"":""https://zsb.hfnu.edu.cn/info/1002/3065.htm""}"
SCORE-dc7f43a3-fe30-57f3-a43f-0297e1723b01,OFF-c945fa15-9041-5415-913b-66750f82e0ad,2024,skill_competition,first_choice,interview_score,interview,100,,,blank_in_source,,技能大赛面试,淮北职业技术学院,true,false,,SRC-HFNU-2024-LQ,"{""row_key"":""电气工程及其自动化|淮北职业技术学院"",""section"":""录取最低分"",""table"":4,""url"":""https://zsb.hfnu.edu.cn/info/1002/3065.htm""}"
SCORE-384386b8-f2a0-5ee7-86aa-9898ca0f1159,OFF-a16f69bd-4821-507f-b34c-12e9fe334e0e,2024,normal,first_choice,admission_min_score,four_subject_total,600,311,311,published_value,,,,true,false,,SRC-HFNU-2024-LQ,"{""row_key"":""经济统计学|合肥师范学院"",""section"":""录取最低分"",""table"":4,""url"":""https://zsb.hfnu.edu.cn/info/1002/3065.htm""}"
SCORE-da347b03-d010-58a3-ba59-de6479bc4185,OFF-a16f69bd-4821-507f-b34c-12e9fe334e0e,2024,retired_soldier_culture_exam_exempt,first_choice,admission_min_score,vocational_assessment,100,53,53,published_value,,职业适应性或职业技能综合考查,,true,false,,SRC-HFNU-2024-LQ,"{""row_key"":""经济统计学|合肥师范学院"",""section"":""录取最低分"",""table"":4,""url"":""https://zsb.hfnu.edu.cn/info/1002/3065.htm""}"
SCORE-445fd049-6c43-5f7d-b451-bd2f430614b6,OFF-a16f69bd-4821-507f-b34c-12e9fe334e0e,2024,retired_soldier_non_exempt,first_choice,admission_min_score,four_subject_total,600,462,462,published_value,,,,true,false,,SRC-HFNU-2024-LQ,"{""row_key"":""经济统计学|合肥师范学院"",""section"":""录取最低分"",""table"":4,""url"":""https://zsb.hfnu.edu.cn/info/1002/3065.htm""}"
SCORE-02ab1dfd-34fe-536c-97ac-2b06fe87f092,OFF-a16f69bd-4821-507f-b34c-12e9fe334e0e,2024,registered_poor_family,first_choice,admission_min_score,four_subject_total,600,241,241,published_value,,,,true,false,,SRC-HFNU-2024-LQ,"{""row_key"":""经济统计学|合肥师范学院"",""section"":""录取最低分"",""table"":4,""url"":""https://zsb.hfnu.edu.cn/info/1002/3065.htm""}"
SCORE-d5ce993f-b525-52d1-bea6-58215fb9e865,OFF-a16f69bd-4821-507f-b34c-12e9fe334e0e,2024,skill_competition,first_choice,interview_score,interview,100,79,79,published_value,,技能大赛面试,,true,false,,SRC-HFNU-2024-LQ,"{""row_key"":""经济统计学|合肥师范学院"",""section"":""录取最低分"",""table"":4,""url"":""https://zsb.hfnu.edu.cn/info/1002/3065.htm""}"
SCORE-94462270-a9d9-5c6c-a26d-fbc78d401eb9,OFF-b367c94d-0b02-55e7-b8ec-4af69600c0ee,2024,normal,first_choice,admission_min_score,four_subject_total,600,394,394(专业课1:114),published_value,"{""tie_break_label_raw"":""专业课1"",""tie_break_metric"":""professional_1"",""tie_break_score"":""114""}",,,true,false,,SRC-HFNU-2024-LQ,"{""row_key"":""网络与新媒体|合肥师范学院"",""section"":""录取最低分"",""table"":4,""url"":""https://zsb.hfnu.edu.cn/info/1002/3065.htm""}"
SCORE-fb4c9b1f-1202-5743-b9dd-c8cee5137d29,OFF-b367c94d-0b02-55e7-b8ec-4af69600c0ee,2024,retired_soldier_culture_exam_exempt,first_choice,admission_min_score,vocational_assessment,100,65,65(职测:29),published_value,"{""tie_break_label_raw"":""职测"",""tie_break_metric"":""vocational_assessment"",""tie_break_score"":""29""}",职业适应性或职业技能综合考查,,true,false,,SRC-HFNU-2024-LQ,"{""row_key"":""网络与新媒体|合肥师范学院"",""section"":""录取最低分"",""table"":4,""url"":""https://zsb.hfnu.edu.cn/info/1002/3065.htm""}"
SCORE-2870a539-7a0f-50ef-86a0-949a3e6e7b0e,OFF-b367c94d-0b02-55e7-b8ec-4af69600c0ee,2024,retired_soldier_non_exempt,first_choice,admission_min_score,four_subject_total,600,,,blank_in_source,,,,true,false,,SRC-HFNU-2024-LQ,"{""row_key"":""网络与新媒体|合肥师范学院"",""section"":""录取最低分"",""table"":4,""url"":""https://zsb.hfnu.edu.cn/info/1002/3065.htm""}"
SCORE-2a572914-7654-5682-bc2b-7d5953f387f4,OFF-b367c94d-0b02-55e7-b8ec-4af69600c0ee,2024,registered_poor_family,first_choice,admission_min_score,four_subject_total,600,420,420,published_value,,,,true,false,,SRC-HFNU-2024-LQ,"{""row_key"":""网络与新媒体|合肥师范学院"",""section"":""录取最低分"",""table"":4,""url"":""https://zsb.hfnu.edu.cn/info/1002/3065.htm""}"
SCORE-cba59380-ed4f-5a51-9d8c-0c0e9f87dfdc,OFF-b367c94d-0b02-55e7-b8ec-4af69600c0ee,2024,skill_competition,first_choice,interview_score,interview,100,75.67,75.67,published_value,,技能大赛面试,,true,false,,SRC-HFNU-2024-LQ,"{""row_key"":""网络与新媒体|合肥师范学院"",""section"":""录取最低分"",""table"":4,""url"":""https://zsb.hfnu.edu.cn/info/1002/3065.htm""}"
SCORE-437216a3-cfc7-5f5b-b333-3bb77e25aec5,OFF-a02655f6-3bc4-5d92-b4ff-839b057ccd76,2024,normal,first_choice,admission_min_score,four_subject_total,600,222,222,published_value,,,安徽工业经济职业技术学院,true,false,,SRC-HFNU-2024-LQ,"{""row_key"":""网络工程|安徽工业经济职业技术学院"",""section"":""录取最低分"",""table"":4,""url"":""https://zsb.hfnu.edu.cn/info/1002/3065.htm""}"
SCORE-e509411f-891d-5862-82f0-17cea58df02e,OFF-a02655f6-3bc4-5d92-b4ff-839b057ccd76,2024,retired_soldier_culture_exam_exempt,first_choice,admission_min_score,vocational_assessment,100,60,60,published_value,,职业适应性或职业技能综合考查,安徽工业经济职业技术学院,true,false,,SRC-HFNU-2024-LQ,"{""row_key"":""网络工程|安徽工业经济职业技术学院"",""section"":""录取最低分"",""table"":4,""url"":""https://zsb.hfnu.edu.cn/info/1002/3065.htm""}"
SCORE-aef4a9d3-55a9-506a-8fbd-0b07702bc41c,OFF-a02655f6-3bc4-5d92-b4ff-839b057ccd76,2024,retired_soldier_non_exempt,first_choice,admission_min_score,four_subject_total,600,,,blank_in_source,,,安徽工业经济职业技术学院,true,false,,SRC-HFNU-2024-LQ,"{""row_key"":""网络工程|安徽工业经济职业技术学院"",""section"":""录取最低分"",""table"":4,""url"":""https://zsb.hfnu.edu.cn/info/1002/3065.htm""}"
SCORE-827ebb4a-9aee-5588-9725-e8159beb7a3f,OFF-a02655f6-3bc4-5d92-b4ff-839b057ccd76,2024,registered_poor_family,first_choice,admission_min_score,four_subject_total,600,323,323,published_value,,,安徽工业经济职业技术学院,true,false,,SRC-HFNU-2024-LQ,"{""row_key"":""网络工程|安徽工业经济职业技术学院"",""section"":""录取最低分"",""table"":4,""url"":""https://zsb.hfnu.edu.cn/info/1002/3065.htm""}"
SCORE-600ef655-f29a-5be8-be8f-ec96662cdbac,OFF-a02655f6-3bc4-5d92-b4ff-839b057ccd76,2024,skill_competition,first_choice,interview_score,interview,100,87,87,published_value,,技能大赛面试,安徽工业经济职业技术学院,true,false,,SRC-HFNU-2024-LQ,"{""row_key"":""网络工程|安徽工业经济职业技术学院"",""section"":""录取最低分"",""table"":4,""url"":""https://zsb.hfnu.edu.cn/info/1002/3065.htm""}"
SCORE-344be959-5b43-56ef-a423-b4d3508fc705,OFF-68ee766e-a958-5e4d-908d-864ee94290aa,2024,normal,first_choice,admission_min_score,four_subject_total,600,273,273,published_value,,,,true,false,,SRC-HFNU-2024-LQ,"{""row_key"":""药物制剂|合肥师范学院"",""section"":""录取最低分"",""table"":4,""url"":""https://zsb.hfnu.edu.cn/info/1002/3065.htm""}"
SCORE-d8dedbea-a7c0-58b8-818b-3ec811c41d6a,OFF-68ee766e-a958-5e4d-908d-864ee94290aa,2024,retired_soldier_culture_exam_exempt,first_choice,admission_min_score,vocational_assessment,100,51,51,published_value,,职业适应性或职业技能综合考查,,true,false,,SRC-HFNU-2024-LQ,"{""row_key"":""药物制剂|合肥师范学院"",""section"":""录取最低分"",""table"":4,""url"":""https://zsb.hfnu.edu.cn/info/1002/3065.htm""}"
SCORE-a27f234c-15d9-5b6c-8433-a01c71d48f4f,OFF-68ee766e-a958-5e4d-908d-864ee94290aa,2024,retired_soldier_non_exempt,first_choice,admission_min_score,four_subject_total,600,229,229,published_value,,,,true,false,,SRC-HFNU-2024-LQ,"{""row_key"":""药物制剂|合肥师范学院"",""section"":""录取最低分"",""table"":4,""url"":""https://zsb.hfnu.edu.cn/info/1002/3065.htm""}"
SCORE-633f41df-d2bc-5b0d-b46b-5b94d304d3b9,OFF-68ee766e-a958-5e4d-908d-864ee94290aa,2024,registered_poor_family,first_choice,admission_min_score,four_subject_total,600,225,225,published_value,,,,true,false,,SRC-HFNU-2024-LQ,"{""row_key"":""药物制剂|合肥师范学院"",""section"":""录取最低分"",""table"":4,""url"":""https://zsb.hfnu.edu.cn/info/1002/3065.htm""}"
SCORE-3889f619-e655-5f95-a7cc-5e0fe723e5cb,OFF-68ee766e-a958-5e4d-908d-864ee94290aa,2024,skill_competition,first_choice,interview_score,interview,100,,,blank_in_source,,技能大赛面试,,true,false,,SRC-HFNU-2024-LQ,"{""row_key"":""药物制剂|合肥师范学院"",""section"":""录取最低分"",""table"":4,""url"":""https://zsb.hfnu.edu.cn/info/1002/3065.htm""}"
SCORE-bbc50e07-68f5-5a7a-8606-74af742952f5,OFF-43881998-59b5-5099-8b34-4886838b1331,2024,normal,first_choice,admission_min_score,four_subject_total,600,423,423,published_value,,,,true,false,,SRC-HFNU-2024-LQ,"{""row_key"":""视觉传达设计|合肥师范学院"",""section"":""录取最低分"",""table"":4,""url"":""https://zsb.hfnu.edu.cn/info/1002/3065.htm""}"
SCORE-42eaeda2-8859-5959-a249-e2d3b1695f83,OFF-43881998-59b5-5099-8b34-4886838b1331,2024,retired_soldier_culture_exam_exempt,first_choice,admission_min_score,vocational_assessment,100,68,68(职测:27),published_value,"{""tie_break_label_raw"":""职测"",""tie_break_metric"":""vocational_assessment"",""tie_break_score"":""27""}",职业适应性或职业技能综合考查,,true,false,,SRC-HFNU-2024-LQ,"{""row_key"":""视觉传达设计|合肥师范学院"",""section"":""录取最低分"",""table"":4,""url"":""https://zsb.hfnu.edu.cn/info/1002/3065.htm""}"
SCORE-f9fcc8bf-adff-5863-8f3b-4ebd1cc45e0d,OFF-43881998-59b5-5099-8b34-4886838b1331,2024,retired_soldier_non_exempt,first_choice,admission_min_score,four_subject_total,600,,,blank_in_source,,,,true,false,,SRC-HFNU-2024-LQ,"{""row_key"":""视觉传达设计|合肥师范学院"",""section"":""录取最低分"",""table"":4,""url"":""https://zsb.hfnu.edu.cn/info/1002/3065.htm""}"
SCORE-b889c538-0914-54c6-9a47-374fb06b399f,OFF-43881998-59b5-5099-8b34-4886838b1331,2024,registered_poor_family,first_choice,admission_min_score,four_subject_total,600,442,442,published_value,,,,true,false,,SRC-HFNU-2024-LQ,"{""row_key"":""视觉传达设计|合肥师范学院"",""section"":""录取最低分"",""table"":4,""url"":""https://zsb.hfnu.edu.cn/info/1002/3065.htm""}"
SCORE-a42665e1-d41d-59cb-98d9-872b2fdbffef,OFF-43881998-59b5-5099-8b34-4886838b1331,2024,skill_competition,first_choice,interview_score,interview,100,74.33,74.33,published_value,,技能大赛面试,,true,false,,SRC-HFNU-2024-LQ,"{""row_key"":""视觉传达设计|合肥师范学院"",""section"":""录取最低分"",""table"":4,""url"":""https://zsb.hfnu.edu.cn/info/1002/3065.htm""}"
SCORE-65a092fd-2762-595f-a0fb-0c0cc5d162e8,OFF-526bb7a2-7cbb-5542-a51a-9e6a4caa60d0,2024,normal,first_choice,admission_min_score,four_subject_total,600,203,203,published_value,,,安徽工业经济职业技术学院,true,false,,SRC-HFNU-2024-LQ,"{""row_key"":""计算机科学与技术|安徽工业经济职业技术学院"",""section"":""录取最低分"",""table"":4,""url"":""https://zsb.hfnu.edu.cn/info/1002/3065.htm""}"
SCORE-5d210ef5-ace6-5762-a505-7655bb1a191e,OFF-526bb7a2-7cbb-5542-a51a-9e6a4caa60d0,2024,retired_soldier_culture_exam_exempt,first_choice,admission_min_score,vocational_assessment,100,40,40,published_value,,职业适应性或职业技能综合考查,安徽工业经济职业技术学院,true,false,,SRC-HFNU-2024-LQ,"{""row_key"":""计算机科学与技术|安徽工业经济职业技术学院"",""section"":""录取最低分"",""table"":4,""url"":""https://zsb.hfnu.edu.cn/info/1002/3065.htm""}"
SCORE-f1940353-6ada-532a-8e82-8049426cde0e,OFF-526bb7a2-7cbb-5542-a51a-9e6a4caa60d0,2024,retired_soldier_non_exempt,first_choice,admission_min_score,four_subject_total,600,,,blank_in_source,,,安徽工业经济职业技术学院,true,false,,SRC-HFNU-2024-LQ,"{""row_key"":""计算机科学与技术|安徽工业经济职业技术学院"",""section"":""录取最低分"",""table"":4,""url"":""https://zsb.hfnu.edu.cn/info/1002/3065.htm""}"
SCORE-2f24fe35-05ea-5c6c-9d3a-eed142a8bb57,OFF-526bb7a2-7cbb-5542-a51a-9e6a4caa60d0,2024,registered_poor_family,first_choice,admission_min_score,four_subject_total,600,188,188,published_value,,,安徽工业经济职业技术学院,true,false,,SRC-HFNU-2024-LQ,"{""row_key"":""计算机科学与技术|安徽工业经济职业技术学院"",""section"":""录取最低分"",""table"":4,""url"":""https://zsb.hfnu.edu.cn/info/1002/3065.htm""}"
SCORE-092fc9a7-9dee-5b87-ab14-e016d94a488e,OFF-526bb7a2-7cbb-5542-a51a-9e6a4caa60d0,2024,skill_competition,first_choice,interview_score,interview,100,79.67,79.67,published_value,,技能大赛面试,安徽工业经济职业技术学院,true,false,,SRC-HFNU-2024-LQ,"{""row_key"":""计算机科学与技术|安徽工业经济职业技术学院"",""section"":""录取最低分"",""table"":4,""url"":""https://zsb.hfnu.edu.cn/info/1002/3065.htm""}"
SCORE-82f9b610-c4e2-5bc5-a647-04fc71fb6e91,OFF-f6bedd2a-e542-5dd3-b6d1-94f3b4753246,2024,normal,first_choice,admission_min_score,four_subject_total,600,196,196,published_value,,,马鞍山师范高等专科学校,true,false,,SRC-HFNU-2024-LQ,"{""row_key"":""计算机科学与技术|马鞍山师范高等专科学校"",""section"":""录取最低分"",""table"":4,""url"":""https://zsb.hfnu.edu.cn/info/1002/3065.htm""}"
SCORE-2abbeeb9-1f49-53aa-8d64-8918fb0b0776,OFF-f6bedd2a-e542-5dd3-b6d1-94f3b4753246,2024,retired_soldier_culture_exam_exempt,first_choice,admission_min_score,vocational_assessment,100,50,50(职测:9),published_value,"{""tie_break_label_raw"":""职测"",""tie_break_metric"":""vocational_assessment"",""tie_break_score"":""9""}",职业适应性或职业技能综合考查,马鞍山师范高等专科学校,true,false,,SRC-HFNU-2024-LQ,"{""row_key"":""计算机科学与技术|马鞍山师范高等专科学校"",""section"":""录取最低分"",""table"":4,""url"":""https://zsb.hfnu.edu.cn/info/1002/3065.htm""}"
SCORE-55c1d699-2ab5-5640-b4f9-c08e4443d543,OFF-f6bedd2a-e542-5dd3-b6d1-94f3b4753246,2024,retired_soldier_non_exempt,first_choice,admission_min_score,four_subject_total,600,245,245,published_value,,,马鞍山师范高等专科学校,true,false,,SRC-HFNU-2024-LQ,"{""row_key"":""计算机科学与技术|马鞍山师范高等专科学校"",""section"":""录取最低分"",""table"":4,""url"":""https://zsb.hfnu.edu.cn/info/1002/3065.htm""}"
SCORE-c87098a5-faa4-541e-a067-eaf4dbade8be,OFF-f6bedd2a-e542-5dd3-b6d1-94f3b4753246,2024,registered_poor_family,first_choice,admission_min_score,four_subject_total,600,200,200,published_value,,,马鞍山师范高等专科学校,true,false,,SRC-HFNU-2024-LQ,"{""row_key"":""计算机科学与技术|马鞍山师范高等专科学校"",""section"":""录取最低分"",""table"":4,""url"":""https://zsb.hfnu.edu.cn/info/1002/3065.htm""}"
SCORE-eeef2fea-f37d-5748-a508-219443982dc8,OFF-f6bedd2a-e542-5dd3-b6d1-94f3b4753246,2024,skill_competition,first_choice,interview_score,interview,100,71.67,71.67,published_value,,技能大赛面试,马鞍山师范高等专科学校,true,false,,SRC-HFNU-2024-LQ,"{""row_key"":""计算机科学与技术|马鞍山师范高等专科学校"",""section"":""录取最低分"",""table"":4,""url"":""https://zsb.hfnu.edu.cn/info/1002/3065.htm""}"
SCORE-ade61778-f112-51b0-aa92-b265b484ffd6,OFF-e230a334-b7cd-57ef-863f-cf2565ef45d5,2024,normal,first_choice,admission_min_score,four_subject_total,600,270,270,published_value,,,安徽工业经济职业技术学院,true,false,,SRC-HFNU-2024-LQ,"{""row_key"":""财务管理|安徽工业经济职业技术学院"",""section"":""录取最低分"",""table"":4,""url"":""https://zsb.hfnu.edu.cn/info/1002/3065.htm""}"
SCORE-b8dc95be-65f4-5bb3-b759-dfb51aa3715d,OFF-e230a334-b7cd-57ef-863f-cf2565ef45d5,2024,retired_soldier_culture_exam_exempt,first_choice,admission_min_score,vocational_assessment,100,41,41,published_value,,职业适应性或职业技能综合考查,安徽工业经济职业技术学院,true,false,,SRC-HFNU-2024-LQ,"{""row_key"":""财务管理|安徽工业经济职业技术学院"",""section"":""录取最低分"",""table"":4,""url"":""https://zsb.hfnu.edu.cn/info/1002/3065.htm""}"
SCORE-45a8d3c9-cfb3-5568-9f8a-70ab4571eba0,OFF-e230a334-b7cd-57ef-863f-cf2565ef45d5,2024,retired_soldier_non_exempt,first_choice,admission_min_score,four_subject_total,600,,,blank_in_source,,,安徽工业经济职业技术学院,true,false,,SRC-HFNU-2024-LQ,"{""row_key"":""财务管理|安徽工业经济职业技术学院"",""section"":""录取最低分"",""table"":4,""url"":""https://zsb.hfnu.edu.cn/info/1002/3065.htm""}"
SCORE-17e41175-b594-532c-85eb-21b9059d436d,OFF-e230a334-b7cd-57ef-863f-cf2565ef45d5,2024,registered_poor_family,first_choice,admission_min_score,four_subject_total,600,260,260,published_value,,,安徽工业经济职业技术学院,true,false,,SRC-HFNU-2024-LQ,"{""row_key"":""财务管理|安徽工业经济职业技术学院"",""section"":""录取最低分"",""table"":4,""url"":""https://zsb.hfnu.edu.cn/info/1002/3065.htm""}"
SCORE-b59137ac-9136-58b1-ac7a-0dc025271136,OFF-e230a334-b7cd-57ef-863f-cf2565ef45d5,2024,skill_competition,first_choice,interview_score,interview,100,80,80,published_value,,技能大赛面试,安徽工业经济职业技术学院,true,false,,SRC-HFNU-2024-LQ,"{""row_key"":""财务管理|安徽工业经济职业技术学院"",""section"":""录取最低分"",""table"":4,""url"":""https://zsb.hfnu.edu.cn/info/1002/3065.htm""}"
SCORE-63cbfe12-4f3d-5040-994a-e65d78af5946,OFF-68a7c64f-fe94-5123-a3db-c94792c44787,2024,normal,first_choice,admission_min_score,four_subject_total,600,297,297,published_value,,,,true,false,,SRC-HFNU-2024-LQ,"{""row_key"":""软件工程|合肥师范学院"",""section"":""录取最低分"",""table"":4,""url"":""https://zsb.hfnu.edu.cn/info/1002/3065.htm""}"
SCORE-8b83c511-7201-5ee2-9b0e-f123ed219282,OFF-68a7c64f-fe94-5123-a3db-c94792c44787,2024,retired_soldier_culture_exam_exempt,first_choice,admission_min_score,vocational_assessment,100,59,59,published_value,,职业适应性或职业技能综合考查,,true,false,,SRC-HFNU-2024-LQ,"{""row_key"":""软件工程|合肥师范学院"",""section"":""录取最低分"",""table"":4,""url"":""https://zsb.hfnu.edu.cn/info/1002/3065.htm""}"
SCORE-127481a8-d844-5145-8f4a-a5662cba7a61,OFF-68a7c64f-fe94-5123-a3db-c94792c44787,2024,retired_soldier_non_exempt,first_choice,admission_min_score,four_subject_total,600,,,blank_in_source,,,,true,false,,SRC-HFNU-2024-LQ,"{""row_key"":""软件工程|合肥师范学院"",""section"":""录取最低分"",""table"":4,""url"":""https://zsb.hfnu.edu.cn/info/1002/3065.htm""}"
SCORE-e7176fbb-aea2-50fc-9a1c-9ee32f91afdc,OFF-68a7c64f-fe94-5123-a3db-c94792c44787,2024,registered_poor_family,first_choice,admission_min_score,four_subject_total,600,328,328,published_value,,,,true,false,,SRC-HFNU-2024-LQ,"{""row_key"":""软件工程|合肥师范学院"",""section"":""录取最低分"",""table"":4,""url"":""https://zsb.hfnu.edu.cn/info/1002/3065.htm""}"
SCORE-e3fd4545-f267-50ab-b5f7-f87b186b3d52,OFF-68a7c64f-fe94-5123-a3db-c94792c44787,2024,skill_competition,first_choice,interview_score,interview,100,73,73,published_value,,技能大赛面试,,true,false,,SRC-HFNU-2024-LQ,"{""row_key"":""软件工程|合肥师范学院"",""section"":""录取最低分"",""table"":4,""url"":""https://zsb.hfnu.edu.cn/info/1002/3065.htm""}"
SCORE-e3a1a18e-7bff-57f3-ab3f-09b0fb641bf4,OFF-f3b32e27-406d-5c7a-838b-bde8628de9f1,2024,normal,first_choice,admission_min_score,four_subject_total,600,359,359,published_value,,,合肥职业技术学院,true,false,,SRC-HFNU-2024-LQ,"{""row_key"":""运动康复|合肥职业技术学院"",""section"":""录取最低分"",""table"":4,""url"":""https://zsb.hfnu.edu.cn/info/1002/3065.htm""}"
SCORE-38d1e091-beac-599e-966e-f46c16f69fbe,OFF-f3b32e27-406d-5c7a-838b-bde8628de9f1,2024,retired_soldier_culture_exam_exempt,first_choice,admission_min_score,vocational_assessment,100,59,59,published_value,,职业适应性或职业技能综合考查,合肥职业技术学院,true,false,,SRC-HFNU-2024-LQ,"{""row_key"":""运动康复|合肥职业技术学院"",""section"":""录取最低分"",""table"":4,""url"":""https://zsb.hfnu.edu.cn/info/1002/3065.htm""}"
SCORE-35029e0b-9063-5624-99f3-976625ed1c58,OFF-f3b32e27-406d-5c7a-838b-bde8628de9f1,2024,retired_soldier_non_exempt,first_choice,admission_min_score,four_subject_total,600,395,395,published_value,,,合肥职业技术学院,true,false,,SRC-HFNU-2024-LQ,"{""row_key"":""运动康复|合肥职业技术学院"",""section"":""录取最低分"",""table"":4,""url"":""https://zsb.hfnu.edu.cn/info/1002/3065.htm""}"
SCORE-8e96e64e-b5f5-53bb-924d-19b1fa9da420,OFF-f3b32e27-406d-5c7a-838b-bde8628de9f1,2024,registered_poor_family,first_choice,admission_min_score,four_subject_total,600,443,443,published_value,,,合肥职业技术学院,true,false,,SRC-HFNU-2024-LQ,"{""row_key"":""运动康复|合肥职业技术学院"",""section"":""录取最低分"",""table"":4,""url"":""https://zsb.hfnu.edu.cn/info/1002/3065.htm""}"
SCORE-8a5a8f19-5cd9-5632-8f8c-4f9fe2fcb122,OFF-f3b32e27-406d-5c7a-838b-bde8628de9f1,2024,skill_competition,first_choice,interview_score,interview,100,74,74,published_value,,技能大赛面试,合肥职业技术学院,true,false,,SRC-HFNU-2024-LQ,"{""row_key"":""运动康复|合肥职业技术学院"",""section"":""录取最低分"",""table"":4,""url"":""https://zsb.hfnu.edu.cn/info/1002/3065.htm""}"
SCORE-44b06a37-38a5-5182-9739-a7eb3d6238b9,OFF-02b45d53-3476-53d0-b88a-b74856070dea,2024,normal,first_choice,admission_min_score,four_subject_total,600,197,197,published_value,,,,true,false,,SRC-HFNU-2024-LQ,"{""row_key"":""通信工程|合肥师范学院"",""section"":""录取最低分"",""table"":4,""url"":""https://zsb.hfnu.edu.cn/info/1002/3065.htm""}"
SCORE-659c7121-145f-5cca-bca8-238ea606d101,OFF-02b45d53-3476-53d0-b88a-b74856070dea,2024,retired_soldier_culture_exam_exempt,first_choice,admission_min_score,vocational_assessment,100,60,60,published_value,,职业适应性或职业技能综合考查,,true,false,,SRC-HFNU-2024-LQ,"{""row_key"":""通信工程|合肥师范学院"",""section"":""录取最低分"",""table"":4,""url"":""https://zsb.hfnu.edu.cn/info/1002/3065.htm""}"
SCORE-3e0fd7e3-5089-52dd-bba0-9ca478271dc2,OFF-02b45d53-3476-53d0-b88a-b74856070dea,2024,retired_soldier_non_exempt,first_choice,admission_min_score,four_subject_total,600,,,blank_in_source,,,,true,false,,SRC-HFNU-2024-LQ,"{""row_key"":""通信工程|合肥师范学院"",""section"":""录取最低分"",""table"":4,""url"":""https://zsb.hfnu.edu.cn/info/1002/3065.htm""}"
SCORE-a89147a0-5663-5250-b8b0-25491fbf6843,OFF-02b45d53-3476-53d0-b88a-b74856070dea,2024,registered_poor_family,first_choice,admission_min_score,four_subject_total,600,260,260,published_value,,,,true,false,,SRC-HFNU-2024-LQ,"{""row_key"":""通信工程|合肥师范学院"",""section"":""录取最低分"",""table"":4,""url"":""https://zsb.hfnu.edu.cn/info/1002/3065.htm""}"
SCORE-8c3fa4aa-bc28-58d8-b2c6-84393f8f0afb,OFF-02b45d53-3476-53d0-b88a-b74856070dea,2024,skill_competition,first_choice,interview_score,interview,100,75,75,published_value,,技能大赛面试,,true,false,,SRC-HFNU-2024-LQ,"{""row_key"":""通信工程|合肥师范学院"",""section"":""录取最低分"",""table"":4,""url"":""https://zsb.hfnu.edu.cn/info/1002/3065.htm""}"
SCORE-e0f2b2f0-8eab-50b4-a016-0d22e9130cc0,OFF-e663011d-a2ba-5dcb-8359-0611b0650a45,2024,normal,first_choice,admission_min_score,four_subject_total,600,205,205,published_value,,,马鞍山师范高等专科学校,true,false,,SRC-HFNU-2024-LQ,"{""row_key"":""食品质量与安全|马鞍山师范高等专科学校"",""section"":""录取最低分"",""table"":4,""url"":""https://zsb.hfnu.edu.cn/info/1002/3065.htm""}"
SCORE-5a8b195d-9e7f-5b9b-8ff8-d3044f3e6ec2,OFF-e663011d-a2ba-5dcb-8359-0611b0650a45,2024,retired_soldier_culture_exam_exempt,first_choice,admission_min_score,vocational_assessment,100,56,56,published_value,,职业适应性或职业技能综合考查,马鞍山师范高等专科学校,true,false,,SRC-HFNU-2024-LQ,"{""row_key"":""食品质量与安全|马鞍山师范高等专科学校"",""section"":""录取最低分"",""table"":4,""url"":""https://zsb.hfnu.edu.cn/info/1002/3065.htm""}"
SCORE-9e9019fe-5fb9-5763-a0af-90d885e2e35a,OFF-e663011d-a2ba-5dcb-8359-0611b0650a45,2024,retired_soldier_non_exempt,first_choice,admission_min_score,four_subject_total,600,,,blank_in_source,,,马鞍山师范高等专科学校,true,false,,SRC-HFNU-2024-LQ,"{""row_key"":""食品质量与安全|马鞍山师范高等专科学校"",""section"":""录取最低分"",""table"":4,""url"":""https://zsb.hfnu.edu.cn/info/1002/3065.htm""}"
SCORE-8bea87b7-b541-51e5-a7bc-bd90cc84b107,OFF-e663011d-a2ba-5dcb-8359-0611b0650a45,2024,registered_poor_family,first_choice,admission_min_score,four_subject_total,600,208,208,published_value,,,马鞍山师范高等专科学校,true,false,,SRC-HFNU-2024-LQ,"{""row_key"":""食品质量与安全|马鞍山师范高等专科学校"",""section"":""录取最低分"",""table"":4,""url"":""https://zsb.hfnu.edu.cn/info/1002/3065.htm""}"
SCORE-2fa398de-5c91-52cd-9fe1-3a6ac9360a13,OFF-e663011d-a2ba-5dcb-8359-0611b0650a45,2024,skill_competition,first_choice,interview_score,interview,100,78.67,78.67,published_value,,技能大赛面试,马鞍山师范高等专科学校,true,false,,SRC-HFNU-2024-LQ,"{""row_key"":""食品质量与安全|马鞍山师范高等专科学校"",""section"":""录取最低分"",""table"":4,""url"":""https://zsb.hfnu.edu.cn/info/1002/3065.htm""}"
SCORE-48136050-a066-5778-9f86-3c52f2566ec7,OFF-ee877d74-77a2-5a43-aaad-c3d9b68adeeb,2025,normal,first_choice,admission_min_score,four_subject_total,600,293.5,293.5,published_value,,,,true,false,,SRC-HFNU-2025-LQ,"{""row_key"":""互联网金融|合肥师范学院"",""section"":""录取最低分"",""table"":1,""url"":""https://zsb.hfnu.edu.cn/info/1002/3475.htm""}"
SCORE-d995b63a-d067-5228-b172-f206c16f7944,OFF-ee877d74-77a2-5a43-aaad-c3d9b68adeeb,2025,retired_soldier_culture_exam_exempt,first_choice,admission_min_score,vocational_assessment,100,67.5,67.5,published_value,,职业适应性或职业技能综合考查,,true,false,,SRC-HFNU-2025-LQ,"{""row_key"":""互联网金融|合肥师范学院"",""section"":""录取最低分"",""table"":1,""url"":""https://zsb.hfnu.edu.cn/info/1002/3475.htm""}"
SCORE-88c15ff4-4f6e-5502-a521-f81dec8208d1,OFF-ee877d74-77a2-5a43-aaad-c3d9b68adeeb,2025,retired_soldier_non_exempt,first_choice,admission_min_score,four_subject_total,600,,,blank_in_source,,,,true,false,,SRC-HFNU-2025-LQ,"{""row_key"":""互联网金融|合肥师范学院"",""section"":""录取最低分"",""table"":1,""url"":""https://zsb.hfnu.edu.cn/info/1002/3475.htm""}"
SCORE-d66485fc-0f5a-5efc-bb43-a33982979ac2,OFF-ee877d74-77a2-5a43-aaad-c3d9b68adeeb,2025,registered_poor_family,first_choice,admission_min_score,four_subject_total,600,258,258,published_value,,,,true,false,,SRC-HFNU-2025-LQ,"{""row_key"":""互联网金融|合肥师范学院"",""section"":""录取最低分"",""table"":1,""url"":""https://zsb.hfnu.edu.cn/info/1002/3475.htm""}"
SCORE-77669322-876c-5ed5-b511-18431f51cd65,OFF-ee877d74-77a2-5a43-aaad-c3d9b68adeeb,2025,skill_competition,first_choice,interview_score,interview,100,,,blank_in_source,,技能大赛面试,,true,false,,SRC-HFNU-2025-LQ,"{""row_key"":""互联网金融|合肥师范学院"",""section"":""录取最低分"",""table"":1,""url"":""https://zsb.hfnu.edu.cn/info/1002/3475.htm""}"
SCORE-bef77946-d9b6-5717-9663-f35a0bc4890b,OFF-ac7cbd8e-206a-5240-a567-a5a7094a89a6,2025,normal,first_choice,admission_min_score,four_subject_total,600,423.5,423.5,published_value,,,,true,false,,SRC-HFNU-2025-LQ,"{""row_key"":""人力资源管理|合肥师范学院"",""section"":""录取最低分"",""table"":1,""url"":""https://zsb.hfnu.edu.cn/info/1002/3475.htm""}"
SCORE-2c2b12ac-e4a9-51ae-bb89-24ec21d48f42,OFF-ac7cbd8e-206a-5240-a567-a5a7094a89a6,2025,retired_soldier_culture_exam_exempt,first_choice,admission_min_score,vocational_assessment,100,62.5,62.5,published_value,,职业适应性或职业技能综合考查,,true,false,,SRC-HFNU-2025-LQ,"{""row_key"":""人力资源管理|合肥师范学院"",""section"":""录取最低分"",""table"":1,""url"":""https://zsb.hfnu.edu.cn/info/1002/3475.htm""}"
SCORE-0cb38887-fbcd-5cb8-b296-30a99725ee36,OFF-ac7cbd8e-206a-5240-a567-a5a7094a89a6,2025,retired_soldier_non_exempt,first_choice,admission_min_score,four_subject_total,600,,,blank_in_source,,,,true,false,,SRC-HFNU-2025-LQ,"{""row_key"":""人力资源管理|合肥师范学院"",""section"":""录取最低分"",""table"":1,""url"":""https://zsb.hfnu.edu.cn/info/1002/3475.htm""}"
SCORE-ffcef681-60c5-58f0-ac7c-1545873d84aa,OFF-ac7cbd8e-206a-5240-a567-a5a7094a89a6,2025,registered_poor_family,first_choice,admission_min_score,four_subject_total,600,422,422,published_value,,,,true,false,,SRC-HFNU-2025-LQ,"{""row_key"":""人力资源管理|合肥师范学院"",""section"":""录取最低分"",""table"":1,""url"":""https://zsb.hfnu.edu.cn/info/1002/3475.htm""}"
SCORE-33da196b-6f4e-59ab-b28f-5e40b77c5f6b,OFF-ac7cbd8e-206a-5240-a567-a5a7094a89a6,2025,skill_competition,first_choice,interview_score,interview,100,,,blank_in_source,,技能大赛面试,,true,false,,SRC-HFNU-2025-LQ,"{""row_key"":""人力资源管理|合肥师范学院"",""section"":""录取最低分"",""table"":1,""url"":""https://zsb.hfnu.edu.cn/info/1002/3475.htm""}"
SCORE-c6732a42-7170-5501-8f29-7a79db9584ab,OFF-70426cfa-cb5f-5ebf-9cec-47bff666b8a6,2025,normal,first_choice,admission_min_score,four_subject_total,600,239.5,239.5,published_value,,,合肥职业技术学院,true,false,,SRC-HFNU-2025-LQ,"{""row_key"":""制药工程|合肥职业技术学院"",""section"":""录取最低分"",""table"":1,""url"":""https://zsb.hfnu.edu.cn/info/1002/3475.htm""}"
SCORE-91b3820b-2e23-56fd-85f4-453c1237f1e4,OFF-70426cfa-cb5f-5ebf-9cec-47bff666b8a6,2025,retired_soldier_culture_exam_exempt,first_choice,admission_min_score,vocational_assessment,100,47.5,47.5,published_value,,职业适应性或职业技能综合考查,合肥职业技术学院,true,false,,SRC-HFNU-2025-LQ,"{""row_key"":""制药工程|合肥职业技术学院"",""section"":""录取最低分"",""table"":1,""url"":""https://zsb.hfnu.edu.cn/info/1002/3475.htm""}"
SCORE-dcfa292a-e385-5b33-85ee-e18027692cb3,OFF-70426cfa-cb5f-5ebf-9cec-47bff666b8a6,2025,retired_soldier_non_exempt,first_choice,admission_min_score,four_subject_total,600,,,blank_in_source,,,合肥职业技术学院,true,false,,SRC-HFNU-2025-LQ,"{""row_key"":""制药工程|合肥职业技术学院"",""section"":""录取最低分"",""table"":1,""url"":""https://zsb.hfnu.edu.cn/info/1002/3475.htm""}"
SCORE-5281d358-6da5-58c5-9ba8-b59bf85f4029,OFF-70426cfa-cb5f-5ebf-9cec-47bff666b8a6,2025,registered_poor_family,first_choice,admission_min_score,four_subject_total,600,315,315,published_value,,,合肥职业技术学院,true,false,,SRC-HFNU-2025-LQ,"{""row_key"":""制药工程|合肥职业技术学院"",""section"":""录取最低分"",""table"":1,""url"":""https://zsb.hfnu.edu.cn/info/1002/3475.htm""}"
SCORE-6cf0ec81-6e13-560f-b294-ea1f733bb465,OFF-70426cfa-cb5f-5ebf-9cec-47bff666b8a6,2025,skill_competition,first_choice,interview_score,interview,100,,,blank_in_source,,技能大赛面试,合肥职业技术学院,true,false,,SRC-HFNU-2025-LQ,"{""row_key"":""制药工程|合肥职业技术学院"",""section"":""录取最低分"",""table"":1,""url"":""https://zsb.hfnu.edu.cn/info/1002/3475.htm""}"
SCORE-b3f35753-9956-59f2-8333-752a9dc5e6d1,OFF-d70fe871-a472-57c0-b4d0-ced8d3f3a94d,2025,normal,first_choice,admission_min_score,four_subject_total,600,465.5,465.5,published_value,,,,true,false,,SRC-HFNU-2025-LQ,"{""row_key"":""动画|合肥师范学院"",""section"":""录取最低分"",""table"":1,""url"":""https://zsb.hfnu.edu.cn/info/1002/3475.htm""}"
SCORE-a0671f63-0bcc-5552-a285-a8e943da3a18,OFF-d70fe871-a472-57c0-b4d0-ced8d3f3a94d,2025,retired_soldier_culture_exam_exempt,first_choice,admission_min_score,vocational_assessment,100,68,68,published_value,,职业适应性或职业技能综合考查,,true,false,,SRC-HFNU-2025-LQ,"{""row_key"":""动画|合肥师范学院"",""section"":""录取最低分"",""table"":1,""url"":""https://zsb.hfnu.edu.cn/info/1002/3475.htm""}"
SCORE-d7f52a4c-24e4-537e-9e87-e35043933396,OFF-d70fe871-a472-57c0-b4d0-ced8d3f3a94d,2025,retired_soldier_non_exempt,first_choice,admission_min_score,four_subject_total,600,,,blank_in_source,,,,true,false,,SRC-HFNU-2025-LQ,"{""row_key"":""动画|合肥师范学院"",""section"":""录取最低分"",""table"":1,""url"":""https://zsb.hfnu.edu.cn/info/1002/3475.htm""}"
SCORE-53178ed9-3ff4-5fe6-ae0a-2548110d8f97,OFF-d70fe871-a472-57c0-b4d0-ced8d3f3a94d,2025,registered_poor_family,first_choice,admission_min_score,four_subject_total,600,365,365,published_value,,,,true,false,,SRC-HFNU-2025-LQ,"{""row_key"":""动画|合肥师范学院"",""section"":""录取最低分"",""table"":1,""url"":""https://zsb.hfnu.edu.cn/info/1002/3475.htm""}"
SCORE-3d012c9c-c055-5ad8-a256-2bcc62eaea59,OFF-d70fe871-a472-57c0-b4d0-ced8d3f3a94d,2025,skill_competition,first_choice,interview_score,interview,100,,,blank_in_source,,技能大赛面试,,true,false,,SRC-HFNU-2025-LQ,"{""row_key"":""动画|合肥师范学院"",""section"":""录取最低分"",""table"":1,""url"":""https://zsb.hfnu.edu.cn/info/1002/3475.htm""}"
SCORE-52f17e13-a336-566e-be19-e417b711d272,OFF-eb901ade-1582-59ed-b662-5fa35151aea8,2025,normal,first_choice,admission_min_score,four_subject_total,600,283.5,283.5,published_value,,,,true,false,,SRC-HFNU-2025-LQ,"{""row_key"":""化学工程与工艺|合肥师范学院"",""section"":""录取最低分"",""table"":1,""url"":""https://zsb.hfnu.edu.cn/info/1002/3475.htm""}"
SCORE-9aa4f226-10ec-5077-a7fd-1a731bf95c84,OFF-eb901ade-1582-59ed-b662-5fa35151aea8,2025,retired_soldier_culture_exam_exempt,first_choice,admission_min_score,vocational_assessment,100,64.5,64.5,published_value,,职业适应性或职业技能综合考查,,true,false,,SRC-HFNU-2025-LQ,"{""row_key"":""化学工程与工艺|合肥师范学院"",""section"":""录取最低分"",""table"":1,""url"":""https://zsb.hfnu.edu.cn/info/1002/3475.htm""}"
SCORE-fa19fe80-d602-50dc-943f-43a07b66fe0a,OFF-eb901ade-1582-59ed-b662-5fa35151aea8,2025,retired_soldier_non_exempt,first_choice,admission_min_score,four_subject_total,600,,,blank_in_source,,,,true,false,,SRC-HFNU-2025-LQ,"{""row_key"":""化学工程与工艺|合肥师范学院"",""section"":""录取最低分"",""table"":1,""url"":""https://zsb.hfnu.edu.cn/info/1002/3475.htm""}"
SCORE-1fdb7da1-5ac4-52b5-b7dc-bf742f067f04,OFF-eb901ade-1582-59ed-b662-5fa35151aea8,2025,registered_poor_family,first_choice,admission_min_score,four_subject_total,600,343.5,343.5,published_value,,,,true,false,,SRC-HFNU-2025-LQ,"{""row_key"":""化学工程与工艺|合肥师范学院"",""section"":""录取最低分"",""table"":1,""url"":""https://zsb.hfnu.edu.cn/info/1002/3475.htm""}"
SCORE-ab3a8501-916c-5817-b6a6-93c432e235c1,OFF-eb901ade-1582-59ed-b662-5fa35151aea8,2025,skill_competition,first_choice,interview_score,interview,100,,,blank_in_source,,技能大赛面试,,true,false,,SRC-HFNU-2025-LQ,"{""row_key"":""化学工程与工艺|合肥师范学院"",""section"":""录取最低分"",""table"":1,""url"":""https://zsb.hfnu.edu.cn/info/1002/3475.htm""}"
SCORE-f9c13e64-0b8f-571b-8fd9-83256f604baf,OFF-7287c027-0d00-5e01-b7fa-a178b4115993,2025,normal,first_choice,admission_min_score,four_subject_total,600,454.5,454.5(专业课1:115.5),published_value,"{""tie_break_label_raw"":""专业课1"",""tie_break_metric"":""professional_1"",""tie_break_score"":""115.5""}",,,true,false,,SRC-HFNU-2025-LQ,"{""row_key"":""商务英语|合肥师范学院"",""section"":""录取最低分"",""table"":1,""url"":""https://zsb.hfnu.edu.cn/info/1002/3475.htm""}"
SCORE-821f698d-3cf1-5d44-be5d-5994398dd7e7,OFF-7287c027-0d00-5e01-b7fa-a178b4115993,2025,retired_soldier_culture_exam_exempt,first_choice,admission_min_score,vocational_assessment,100,64,64,published_value,,职业适应性或职业技能综合考查,,true,false,,SRC-HFNU-2025-LQ,"{""row_key"":""商务英语|合肥师范学院"",""section"":""录取最低分"",""table"":1,""url"":""https://zsb.hfnu.edu.cn/info/1002/3475.htm""}"
SCORE-45069e0e-518f-5540-a018-5bb09d8aa5be,OFF-7287c027-0d00-5e01-b7fa-a178b4115993,2025,retired_soldier_non_exempt,first_choice,admission_min_score,four_subject_total,600,,,blank_in_source,,,,true,false,,SRC-HFNU-2025-LQ,"{""row_key"":""商务英语|合肥师范学院"",""section"":""录取最低分"",""table"":1,""url"":""https://zsb.hfnu.edu.cn/info/1002/3475.htm""}"
SCORE-bba65b49-4c1e-51b0-b198-40c28db6d400,OFF-7287c027-0d00-5e01-b7fa-a178b4115993,2025,registered_poor_family,first_choice,admission_min_score,four_subject_total,600,427.5,427.5,published_value,,,,true,false,,SRC-HFNU-2025-LQ,"{""row_key"":""商务英语|合肥师范学院"",""section"":""录取最低分"",""table"":1,""url"":""https://zsb.hfnu.edu.cn/info/1002/3475.htm""}"
SCORE-812cef3e-01fc-56fd-9989-dd0888b54448,OFF-7287c027-0d00-5e01-b7fa-a178b4115993,2025,skill_competition,first_choice,interview_score,interview,100,,,blank_in_source,,技能大赛面试,,true,false,,SRC-HFNU-2025-LQ,"{""row_key"":""商务英语|合肥师范学院"",""section"":""录取最低分"",""table"":1,""url"":""https://zsb.hfnu.edu.cn/info/1002/3475.htm""}"
SCORE-0a41710a-26e7-5e87-a7a2-93cd5c9d5547,OFF-f7cf4875-1738-5873-8140-fa33698b4a49,2025,normal,first_choice,admission_min_score,four_subject_total,600,472.5,472.5,published_value,,,,true,false,,SRC-HFNU-2025-LQ,"{""row_key"":""学前教育|合肥师范学院"",""section"":""录取最低分"",""table"":1,""url"":""https://zsb.hfnu.edu.cn/info/1002/3475.htm""}"
SCORE-91032160-2975-565d-8058-1ae2387a92de,OFF-f7cf4875-1738-5873-8140-fa33698b4a49,2025,retired_soldier_culture_exam_exempt,first_choice,admission_min_score,vocational_assessment,100,69,69,published_value,,职业适应性或职业技能综合考查,,true,false,,SRC-HFNU-2025-LQ,"{""row_key"":""学前教育|合肥师范学院"",""section"":""录取最低分"",""table"":1,""url"":""https://zsb.hfnu.edu.cn/info/1002/3475.htm""}"
SCORE-4661f14f-f09a-5d62-b8ba-5e5addb1f38a,OFF-f7cf4875-1738-5873-8140-fa33698b4a49,2025,retired_soldier_non_exempt,first_choice,admission_min_score,four_subject_total,600,,,blank_in_source,,,,true,false,,SRC-HFNU-2025-LQ,"{""row_key"":""学前教育|合肥师范学院"",""section"":""录取最低分"",""table"":1,""url"":""https://zsb.hfnu.edu.cn/info/1002/3475.htm""}"
SCORE-dbf5bade-adc7-57c4-8ab6-76a61b9e9649,OFF-f7cf4875-1738-5873-8140-fa33698b4a49,2025,registered_poor_family,first_choice,admission_min_score,four_subject_total,600,453,453,published_value,,,,true,false,,SRC-HFNU-2025-LQ,"{""row_key"":""学前教育|合肥师范学院"",""section"":""录取最低分"",""table"":1,""url"":""https://zsb.hfnu.edu.cn/info/1002/3475.htm""}"
SCORE-0607a524-739e-576d-bd51-3f9ecff7470c,OFF-f7cf4875-1738-5873-8140-fa33698b4a49,2025,skill_competition,first_choice,interview_score,interview,100,,,blank_in_source,,技能大赛面试,,true,false,,SRC-HFNU-2025-LQ,"{""row_key"":""学前教育|合肥师范学院"",""section"":""录取最低分"",""table"":1,""url"":""https://zsb.hfnu.edu.cn/info/1002/3475.htm""}"
SCORE-9f32bf8c-a3c2-51a8-acc7-516f499bbad3,OFF-2670da63-525d-5269-bfda-680ffd7c43df,2025,normal,first_choice,admission_min_score,four_subject_total,600,454,454,published_value,,,淮北职业技术学院,true,false,,SRC-HFNU-2025-LQ,"{""row_key"":""小学教育|淮北职业技术学院"",""section"":""录取最低分"",""table"":1,""url"":""https://zsb.hfnu.edu.cn/info/1002/3475.htm""}"
SCORE-046c46a8-7f8b-5b23-8401-844c180e149e,OFF-2670da63-525d-5269-bfda-680ffd7c43df,2025,retired_soldier_culture_exam_exempt,first_choice,admission_min_score,vocational_assessment,100,67.5,67.5,published_value,,职业适应性或职业技能综合考查,淮北职业技术学院,true,false,,SRC-HFNU-2025-LQ,"{""row_key"":""小学教育|淮北职业技术学院"",""section"":""录取最低分"",""table"":1,""url"":""https://zsb.hfnu.edu.cn/info/1002/3475.htm""}"
SCORE-445391a6-672c-5ab6-a2e6-738a71421da7,OFF-2670da63-525d-5269-bfda-680ffd7c43df,2025,retired_soldier_non_exempt,first_choice,admission_min_score,four_subject_total,600,,,blank_in_source,,,淮北职业技术学院,true,false,,SRC-HFNU-2025-LQ,"{""row_key"":""小学教育|淮北职业技术学院"",""section"":""录取最低分"",""table"":1,""url"":""https://zsb.hfnu.edu.cn/info/1002/3475.htm""}"
SCORE-21736c7b-04cf-5f47-9575-7d7fbddda4b6,OFF-2670da63-525d-5269-bfda-680ffd7c43df,2025,registered_poor_family,first_choice,admission_min_score,four_subject_total,600,403.5,403.5,published_value,,,淮北职业技术学院,true,false,,SRC-HFNU-2025-LQ,"{""row_key"":""小学教育|淮北职业技术学院"",""section"":""录取最低分"",""table"":1,""url"":""https://zsb.hfnu.edu.cn/info/1002/3475.htm""}"
SCORE-83dad403-23c2-5b36-9975-d6a4a0180a2e,OFF-2670da63-525d-5269-bfda-680ffd7c43df,2025,skill_competition,first_choice,interview_score,interview,100,,,blank_in_source,,技能大赛面试,淮北职业技术学院,true,false,,SRC-HFNU-2025-LQ,"{""row_key"":""小学教育|淮北职业技术学院"",""section"":""录取最低分"",""table"":1,""url"":""https://zsb.hfnu.edu.cn/info/1002/3475.htm""}"
SCORE-d0675b88-3abf-58b8-a141-fa64747221d8,OFF-10da287f-721c-591b-84f9-c024dfba0526,2025,normal,first_choice,admission_min_score,four_subject_total,600,413,413,published_value,,,,true,false,,SRC-HFNU-2025-LQ,"{""row_key"":""市场营销|合肥师范学院"",""section"":""录取最低分"",""table"":1,""url"":""https://zsb.hfnu.edu.cn/info/1002/3475.htm""}"
SCORE-13826bac-80f1-53ab-8b2e-81afaf6c8e53,OFF-10da287f-721c-591b-84f9-c024dfba0526,2025,retired_soldier_culture_exam_exempt,first_choice,admission_min_score,vocational_assessment,100,62,62,published_value,,职业适应性或职业技能综合考查,,true,false,,SRC-HFNU-2025-LQ,"{""row_key"":""市场营销|合肥师范学院"",""section"":""录取最低分"",""table"":1,""url"":""https://zsb.hfnu.edu.cn/info/1002/3475.htm""}"
SCORE-8b8decf0-616c-58b5-a7ca-4aa8982ad3e8,OFF-10da287f-721c-591b-84f9-c024dfba0526,2025,retired_soldier_non_exempt,first_choice,admission_min_score,four_subject_total,600,,,blank_in_source,,,,true,false,,SRC-HFNU-2025-LQ,"{""row_key"":""市场营销|合肥师范学院"",""section"":""录取最低分"",""table"":1,""url"":""https://zsb.hfnu.edu.cn/info/1002/3475.htm""}"
SCORE-128e5b79-02b8-591f-9beb-896fc63d0c80,OFF-10da287f-721c-591b-84f9-c024dfba0526,2025,registered_poor_family,first_choice,admission_min_score,four_subject_total,600,305,305,published_value,,,,true,false,,SRC-HFNU-2025-LQ,"{""row_key"":""市场营销|合肥师范学院"",""section"":""录取最低分"",""table"":1,""url"":""https://zsb.hfnu.edu.cn/info/1002/3475.htm""}"
SCORE-772ab985-90c4-511e-819f-58ed3c7febbc,OFF-10da287f-721c-591b-84f9-c024dfba0526,2025,skill_competition,first_choice,interview_score,interview,100,,,blank_in_source,,技能大赛面试,,true,false,,SRC-HFNU-2025-LQ,"{""row_key"":""市场营销|合肥师范学院"",""section"":""录取最低分"",""table"":1,""url"":""https://zsb.hfnu.edu.cn/info/1002/3475.htm""}"
SCORE-a858f685-6e59-5a0d-a6c5-09385f8355d2,OFF-d1fdddb8-3959-5232-8dd2-e6691d2efe54,2025,normal,first_choice,admission_min_score,four_subject_total,600,333,333,published_value,,,,true,false,,SRC-HFNU-2025-LQ,"{""row_key"":""数据科学与大数据技术|合肥师范学院"",""section"":""录取最低分"",""table"":1,""url"":""https://zsb.hfnu.edu.cn/info/1002/3475.htm""}"
SCORE-9bcff0da-8019-55fa-80ff-816a1cdd5e79,OFF-d1fdddb8-3959-5232-8dd2-e6691d2efe54,2025,retired_soldier_culture_exam_exempt,first_choice,admission_min_score,vocational_assessment,100,68.5,68.5,published_value,,职业适应性或职业技能综合考查,,true,false,,SRC-HFNU-2025-LQ,"{""row_key"":""数据科学与大数据技术|合肥师范学院"",""section"":""录取最低分"",""table"":1,""url"":""https://zsb.hfnu.edu.cn/info/1002/3475.htm""}"
SCORE-991d9e97-ad02-5864-bb18-5bc6938f92f0,OFF-d1fdddb8-3959-5232-8dd2-e6691d2efe54,2025,retired_soldier_non_exempt,first_choice,admission_min_score,four_subject_total,600,393.5,393.5,published_value,,,,true,false,,SRC-HFNU-2025-LQ,"{""row_key"":""数据科学与大数据技术|合肥师范学院"",""section"":""录取最低分"",""table"":1,""url"":""https://zsb.hfnu.edu.cn/info/1002/3475.htm""}"
SCORE-694361f4-2b8a-520a-8904-9c7642783f8d,OFF-d1fdddb8-3959-5232-8dd2-e6691d2efe54,2025,registered_poor_family,first_choice,admission_min_score,four_subject_total,600,320.5,320.5,published_value,,,,true,false,,SRC-HFNU-2025-LQ,"{""row_key"":""数据科学与大数据技术|合肥师范学院"",""section"":""录取最低分"",""table"":1,""url"":""https://zsb.hfnu.edu.cn/info/1002/3475.htm""}"
SCORE-07ef8c33-e0c9-5ae7-98a7-23331b2f25ff,OFF-d1fdddb8-3959-5232-8dd2-e6691d2efe54,2025,skill_competition,first_choice,interview_score,interview,100,,,blank_in_source,,技能大赛面试,,true,false,,SRC-HFNU-2025-LQ,"{""row_key"":""数据科学与大数据技术|合肥师范学院"",""section"":""录取最低分"",""table"":1,""url"":""https://zsb.hfnu.edu.cn/info/1002/3475.htm""}"
SCORE-57a536e2-3e47-5ada-8afd-cbdc974a3643,OFF-bf19fd0c-6d2a-5c49-a4e3-cdef0e385264,2025,normal,first_choice,admission_min_score,four_subject_total,600,230,230,published_value,,,,true,false,,SRC-HFNU-2025-LQ,"{""row_key"":""新能源材料与器件|合肥师范学院"",""section"":""录取最低分"",""table"":1,""url"":""https://zsb.hfnu.edu.cn/info/1002/3475.htm""}"
SCORE-0d058da4-b23f-5ae9-a982-c7f5dc809b0b,OFF-bf19fd0c-6d2a-5c49-a4e3-cdef0e385264,2025,retired_soldier_culture_exam_exempt,first_choice,admission_min_score,vocational_assessment,100,57,57,published_value,,职业适应性或职业技能综合考查,,true,false,,SRC-HFNU-2025-LQ,"{""row_key"":""新能源材料与器件|合肥师范学院"",""section"":""录取最低分"",""table"":1,""url"":""https://zsb.hfnu.edu.cn/info/1002/3475.htm""}"
SCORE-e867b78d-f69c-5700-b9a6-4b8a40eb02a1,OFF-bf19fd0c-6d2a-5c49-a4e3-cdef0e385264,2025,retired_soldier_non_exempt,first_choice,admission_min_score,four_subject_total,600,,,blank_in_source,,,,true,false,,SRC-HFNU-2025-LQ,"{""row_key"":""新能源材料与器件|合肥师范学院"",""section"":""录取最低分"",""table"":1,""url"":""https://zsb.hfnu.edu.cn/info/1002/3475.htm""}"
SCORE-451e9586-6800-51a7-b228-77f574694977,OFF-bf19fd0c-6d2a-5c49-a4e3-cdef0e385264,2025,registered_poor_family,first_choice,admission_min_score,four_subject_total,600,262,262,published_value,,,,true,false,,SRC-HFNU-2025-LQ,"{""row_key"":""新能源材料与器件|合肥师范学院"",""section"":""录取最低分"",""table"":1,""url"":""https://zsb.hfnu.edu.cn/info/1002/3475.htm""}"
SCORE-0e42ed1a-38f9-5112-a4c6-d023cbbe1790,OFF-bf19fd0c-6d2a-5c49-a4e3-cdef0e385264,2025,skill_competition,first_choice,interview_score,interview,100,,,blank_in_source,,技能大赛面试,,true,false,,SRC-HFNU-2025-LQ,"{""row_key"":""新能源材料与器件|合肥师范学院"",""section"":""录取最低分"",""table"":1,""url"":""https://zsb.hfnu.edu.cn/info/1002/3475.htm""}"
SCORE-a31f1b8e-c7de-55b1-a691-037c69ff5dd1,OFF-e559f09a-a0f8-5b5d-94d4-725138d914b2,2025,normal,first_choice,admission_min_score,four_subject_total,600,460,460,published_value,,,,true,false,,SRC-HFNU-2025-LQ,"{""row_key"":""服装与服饰设计|合肥师范学院"",""section"":""录取最低分"",""table"":1,""url"":""https://zsb.hfnu.edu.cn/info/1002/3475.htm""}"
SCORE-dfde9514-d2ce-5c0f-9e0a-8f7bb5081a45,OFF-e559f09a-a0f8-5b5d-94d4-725138d914b2,2025,retired_soldier_culture_exam_exempt,first_choice,admission_min_score,vocational_assessment,100,71.5,71.5,published_value,,职业适应性或职业技能综合考查,,true,false,,SRC-HFNU-2025-LQ,"{""row_key"":""服装与服饰设计|合肥师范学院"",""section"":""录取最低分"",""table"":1,""url"":""https://zsb.hfnu.edu.cn/info/1002/3475.htm""}"
SCORE-27224714-856b-5651-864b-d468db34cf67,OFF-e559f09a-a0f8-5b5d-94d4-725138d914b2,2025,retired_soldier_non_exempt,first_choice,admission_min_score,four_subject_total,600,,,blank_in_source,,,,true,false,,SRC-HFNU-2025-LQ,"{""row_key"":""服装与服饰设计|合肥师范学院"",""section"":""录取最低分"",""table"":1,""url"":""https://zsb.hfnu.edu.cn/info/1002/3475.htm""}"
SCORE-3d9ebc8b-70f7-5073-b6aa-5c99b2ece92e,OFF-e559f09a-a0f8-5b5d-94d4-725138d914b2,2025,registered_poor_family,first_choice,admission_min_score,four_subject_total,600,415,415,published_value,,,,true,false,,SRC-HFNU-2025-LQ,"{""row_key"":""服装与服饰设计|合肥师范学院"",""section"":""录取最低分"",""table"":1,""url"":""https://zsb.hfnu.edu.cn/info/1002/3475.htm""}"
SCORE-07246e08-a991-5d4e-adee-cdca9dfdcf2d,OFF-e559f09a-a0f8-5b5d-94d4-725138d914b2,2025,skill_competition,first_choice,interview_score,interview,100,,,blank_in_source,,技能大赛面试,,true,false,,SRC-HFNU-2025-LQ,"{""row_key"":""服装与服饰设计|合肥师范学院"",""section"":""录取最低分"",""table"":1,""url"":""https://zsb.hfnu.edu.cn/info/1002/3475.htm""}"
SCORE-addc97c4-556a-524b-aba0-02b04be774f1,OFF-5ec7e8f4-ac71-5dd2-93b5-4fc4e62b163a,2025,normal,first_choice,admission_min_score,four_subject_total,600,,,blank_in_source,,,马鞍山师范高等专科学校,true,false,,SRC-HFNU-2025-LQ,"{""row_key"":""环境设计|马鞍山师范高等专科学校"",""section"":""录取最低分"",""table"":1,""url"":""https://zsb.hfnu.edu.cn/info/1002/3475.htm""}"
SCORE-39d052ae-27ac-5128-8202-cab358de9924,OFF-5ec7e8f4-ac71-5dd2-93b5-4fc4e62b163a,2025,retired_soldier_culture_exam_exempt,first_choice,admission_min_score,vocational_assessment,100,,,blank_in_source,,职业适应性或职业技能综合考查,马鞍山师范高等专科学校,true,false,,SRC-HFNU-2025-LQ,"{""row_key"":""环境设计|马鞍山师范高等专科学校"",""section"":""录取最低分"",""table"":1,""url"":""https://zsb.hfnu.edu.cn/info/1002/3475.htm""}"
SCORE-305d9251-3777-5427-819a-a3f0a0f1b964,OFF-5ec7e8f4-ac71-5dd2-93b5-4fc4e62b163a,2025,retired_soldier_non_exempt,first_choice,admission_min_score,four_subject_total,600,,,blank_in_source,,,马鞍山师范高等专科学校,true,false,,SRC-HFNU-2025-LQ,"{""row_key"":""环境设计|马鞍山师范高等专科学校"",""section"":""录取最低分"",""table"":1,""url"":""https://zsb.hfnu.edu.cn/info/1002/3475.htm""}"
SCORE-777d5afe-98bd-5f13-8b99-8e88aaf3db23,OFF-5ec7e8f4-ac71-5dd2-93b5-4fc4e62b163a,2025,registered_poor_family,first_choice,admission_min_score,four_subject_total,600,,,blank_in_source,,,马鞍山师范高等专科学校,true,false,,SRC-HFNU-2025-LQ,"{""row_key"":""环境设计|马鞍山师范高等专科学校"",""section"":""录取最低分"",""table"":1,""url"":""https://zsb.hfnu.edu.cn/info/1002/3475.htm""}"
SCORE-faf454e7-bae0-50cc-a32f-99b2ed1a9ede,OFF-5ec7e8f4-ac71-5dd2-93b5-4fc4e62b163a,2025,skill_competition,first_choice,interview_score,interview,100,,,blank_in_source,,技能大赛面试,马鞍山师范高等专科学校,true,false,,SRC-HFNU-2025-LQ,"{""row_key"":""环境设计|马鞍山师范高等专科学校"",""section"":""录取最低分"",""table"":1,""url"":""https://zsb.hfnu.edu.cn/info/1002/3475.htm""}"
SCORE-4df92691-8486-5309-a9ae-e055bf90a841,OFF-04f85e7e-af42-5407-8a0e-a693acff2204,2025,normal,first_choice,admission_min_score,four_subject_total,600,321.5,321.5,published_value,,,,true,false,,SRC-HFNU-2025-LQ,"{""row_key"":""生物制药|合肥师范学院"",""section"":""录取最低分"",""table"":1,""url"":""https://zsb.hfnu.edu.cn/info/1002/3475.htm""}"
SCORE-be7a3288-ac46-5789-8e07-f296e932f0cb,OFF-04f85e7e-af42-5407-8a0e-a693acff2204,2025,retired_soldier_culture_exam_exempt,first_choice,admission_min_score,vocational_assessment,100,44,44,published_value,,职业适应性或职业技能综合考查,,true,false,,SRC-HFNU-2025-LQ,"{""row_key"":""生物制药|合肥师范学院"",""section"":""录取最低分"",""table"":1,""url"":""https://zsb.hfnu.edu.cn/info/1002/3475.htm""}"
SCORE-7da44f30-25eb-57c7-b46f-e866a3f98aa7,OFF-04f85e7e-af42-5407-8a0e-a693acff2204,2025,retired_soldier_non_exempt,first_choice,admission_min_score,four_subject_total,600,,,blank_in_source,,,,true,false,,SRC-HFNU-2025-LQ,"{""row_key"":""生物制药|合肥师范学院"",""section"":""录取最低分"",""table"":1,""url"":""https://zsb.hfnu.edu.cn/info/1002/3475.htm""}"
SCORE-87437b70-e035-5cc1-99f5-00614e2f361e,OFF-04f85e7e-af42-5407-8a0e-a693acff2204,2025,registered_poor_family,first_choice,admission_min_score,four_subject_total,600,187,187,published_value,,,,true,false,,SRC-HFNU-2025-LQ,"{""row_key"":""生物制药|合肥师范学院"",""section"":""录取最低分"",""table"":1,""url"":""https://zsb.hfnu.edu.cn/info/1002/3475.htm""}"
SCORE-12869bb4-92d1-5643-84fe-36d5d92935c7,OFF-04f85e7e-af42-5407-8a0e-a693acff2204,2025,skill_competition,first_choice,interview_score,interview,100,,,blank_in_source,,技能大赛面试,,true,false,,SRC-HFNU-2025-LQ,"{""row_key"":""生物制药|合肥师范学院"",""section"":""录取最低分"",""table"":1,""url"":""https://zsb.hfnu.edu.cn/info/1002/3475.htm""}"
SCORE-fbe14b41-fd5b-577a-86eb-57ee30169756,OFF-b8788e79-b864-5a26-9daa-e497db780f14,2025,normal,first_choice,admission_min_score,four_subject_total,600,417,417(专业课1:127.5),published_value,"{""tie_break_label_raw"":""专业课1"",""tie_break_metric"":""professional_1"",""tie_break_score"":""127.5""}",,,true,false,,SRC-HFNU-2025-LQ,"{""row_key"":""电子信息工程|合肥师范学院"",""section"":""录取最低分"",""table"":1,""url"":""https://zsb.hfnu.edu.cn/info/1002/3475.htm""}"
SCORE-2f84c7cf-be09-5d91-906f-0ba6e5f34959,OFF-b8788e79-b864-5a26-9daa-e497db780f14,2025,retired_soldier_culture_exam_exempt,first_choice,admission_min_score,vocational_assessment,100,72.5,72.5,published_value,,职业适应性或职业技能综合考查,,true,false,,SRC-HFNU-2025-LQ,"{""row_key"":""电子信息工程|合肥师范学院"",""section"":""录取最低分"",""table"":1,""url"":""https://zsb.hfnu.edu.cn/info/1002/3475.htm""}"
SCORE-88f088c6-5a0c-56fb-ab57-58a50a79331a,OFF-b8788e79-b864-5a26-9daa-e497db780f14,2025,retired_soldier_non_exempt,first_choice,admission_min_score,four_subject_total,600,205,205,published_value,,,,true,false,,SRC-HFNU-2025-LQ,"{""row_key"":""电子信息工程|合肥师范学院"",""section"":""录取最低分"",""table"":1,""url"":""https://zsb.hfnu.edu.cn/info/1002/3475.htm""}"
SCORE-b254c1e2-eead-564d-9718-acf59c969fbc,OFF-b8788e79-b864-5a26-9daa-e497db780f14,2025,registered_poor_family,first_choice,admission_min_score,four_subject_total,600,351,351,published_value,,,,true,false,,SRC-HFNU-2025-LQ,"{""row_key"":""电子信息工程|合肥师范学院"",""section"":""录取最低分"",""table"":1,""url"":""https://zsb.hfnu.edu.cn/info/1002/3475.htm""}"
SCORE-212c311e-6154-5c56-b6db-7b3da5a98fae,OFF-b8788e79-b864-5a26-9daa-e497db780f14,2025,skill_competition,first_choice,interview_score,interview,100,,,blank_in_source,,技能大赛面试,,true,false,,SRC-HFNU-2025-LQ,"{""row_key"":""电子信息工程|合肥师范学院"",""section"":""录取最低分"",""table"":1,""url"":""https://zsb.hfnu.edu.cn/info/1002/3475.htm""}"
SCORE-bff45284-b236-5ddc-8ed6-6584e1c70d58,OFF-cc6a882c-f039-574d-b144-d75f15fa1663,2025,normal,first_choice,admission_min_score,four_subject_total,600,415,415,published_value,,,安徽工业经济职业技术学院,true,false,,SRC-HFNU-2025-LQ,"{""row_key"":""电气工程及其自动化|安徽工业经济职业技术学院"",""section"":""录取最低分"",""table"":1,""url"":""https://zsb.hfnu.edu.cn/info/1002/3475.htm""}"
SCORE-80125f0d-286b-5415-9e23-216c79edce83,OFF-cc6a882c-f039-574d-b144-d75f15fa1663,2025,retired_soldier_culture_exam_exempt,first_choice,admission_min_score,vocational_assessment,100,66.5,66.5,published_value,,职业适应性或职业技能综合考查,安徽工业经济职业技术学院,true,false,,SRC-HFNU-2025-LQ,"{""row_key"":""电气工程及其自动化|安徽工业经济职业技术学院"",""section"":""录取最低分"",""table"":1,""url"":""https://zsb.hfnu.edu.cn/info/1002/3475.htm""}"
SCORE-d4ec0501-27dc-5e1e-9fc0-e25d474e056b,OFF-cc6a882c-f039-574d-b144-d75f15fa1663,2025,retired_soldier_non_exempt,first_choice,admission_min_score,four_subject_total,600,,,blank_in_source,,,安徽工业经济职业技术学院,true,false,,SRC-HFNU-2025-LQ,"{""row_key"":""电气工程及其自动化|安徽工业经济职业技术学院"",""section"":""录取最低分"",""table"":1,""url"":""https://zsb.hfnu.edu.cn/info/1002/3475.htm""}"
SCORE-e85c692f-f542-55d8-951b-ec09fc9f26e9,OFF-cc6a882c-f039-574d-b144-d75f15fa1663,2025,registered_poor_family,first_choice,admission_min_score,four_subject_total,600,270,270,published_value,,,安徽工业经济职业技术学院,true,false,,SRC-HFNU-2025-LQ,"{""row_key"":""电气工程及其自动化|安徽工业经济职业技术学院"",""section"":""录取最低分"",""table"":1,""url"":""https://zsb.hfnu.edu.cn/info/1002/3475.htm""}"
SCORE-0c8ad54a-7f08-5210-9e89-d84b8105ed57,OFF-cc6a882c-f039-574d-b144-d75f15fa1663,2025,skill_competition,first_choice,interview_score,interview,100,,,blank_in_source,,技能大赛面试,安徽工业经济职业技术学院,true,false,,SRC-HFNU-2025-LQ,"{""row_key"":""电气工程及其自动化|安徽工业经济职业技术学院"",""section"":""录取最低分"",""table"":1,""url"":""https://zsb.hfnu.edu.cn/info/1002/3475.htm""}"
SCORE-c3c9be29-7a47-57ea-ae0a-ad8f01416489,OFF-ebbf4cce-ddbc-5db3-a9b8-1bc92ce768fa,2025,normal,first_choice,admission_min_score,four_subject_total,600,,,blank_in_source,,,淮北职业技术学院,true,false,,SRC-HFNU-2025-LQ,"{""row_key"":""电气工程及其自动化|淮北职业技术学院"",""section"":""录取最低分"",""table"":1,""url"":""https://zsb.hfnu.edu.cn/info/1002/3475.htm""}"
SCORE-ec3f0ab7-51b7-5f65-b621-feec142e0092,OFF-ebbf4cce-ddbc-5db3-a9b8-1bc92ce768fa,2025,retired_soldier_culture_exam_exempt,first_choice,admission_min_score,vocational_assessment,100,,,blank_in_source,,职业适应性或职业技能综合考查,淮北职业技术学院,true,false,,SRC-HFNU-2025-LQ,"{""row_key"":""电气工程及其自动化|淮北职业技术学院"",""section"":""录取最低分"",""table"":1,""url"":""https://zsb.hfnu.edu.cn/info/1002/3475.htm""}"
SCORE-39bb7595-24d2-5bd5-8bae-840cd894c446,OFF-ebbf4cce-ddbc-5db3-a9b8-1bc92ce768fa,2025,retired_soldier_non_exempt,first_choice,admission_min_score,four_subject_total,600,,,blank_in_source,,,淮北职业技术学院,true,false,,SRC-HFNU-2025-LQ,"{""row_key"":""电气工程及其自动化|淮北职业技术学院"",""section"":""录取最低分"",""table"":1,""url"":""https://zsb.hfnu.edu.cn/info/1002/3475.htm""}"
SCORE-db38d354-389f-584b-b849-4910144f086f,OFF-ebbf4cce-ddbc-5db3-a9b8-1bc92ce768fa,2025,registered_poor_family,first_choice,admission_min_score,four_subject_total,600,,,blank_in_source,,,淮北职业技术学院,true,false,,SRC-HFNU-2025-LQ,"{""row_key"":""电气工程及其自动化|淮北职业技术学院"",""section"":""录取最低分"",""table"":1,""url"":""https://zsb.hfnu.edu.cn/info/1002/3475.htm""}"
SCORE-a16019fc-9d20-5a4b-bf53-5521b53f0200,OFF-ebbf4cce-ddbc-5db3-a9b8-1bc92ce768fa,2025,skill_competition,first_choice,interview_score,interview,100,,,blank_in_source,,技能大赛面试,淮北职业技术学院,true,false,,SRC-HFNU-2025-LQ,"{""row_key"":""电气工程及其自动化|淮北职业技术学院"",""section"":""录取最低分"",""table"":1,""url"":""https://zsb.hfnu.edu.cn/info/1002/3475.htm""}"
SCORE-5eee448a-0ee0-54f9-ba9e-945c7642577a,OFF-981c401f-94da-52b7-87f2-ed006b1e9651,2025,normal,first_choice,admission_min_score,four_subject_total,600,403.5,403.5,published_value,,,,true,false,,SRC-HFNU-2025-LQ,"{""row_key"":""经济统计学|合肥师范学院"",""section"":""录取最低分"",""table"":1,""url"":""https://zsb.hfnu.edu.cn/info/1002/3475.htm""}"
SCORE-20cdf372-bf56-545f-954e-16aef66f7422,OFF-981c401f-94da-52b7-87f2-ed006b1e9651,2025,retired_soldier_culture_exam_exempt,first_choice,admission_min_score,vocational_assessment,100,50,50,published_value,,职业适应性或职业技能综合考查,,true,false,,SRC-HFNU-2025-LQ,"{""row_key"":""经济统计学|合肥师范学院"",""section"":""录取最低分"",""table"":1,""url"":""https://zsb.hfnu.edu.cn/info/1002/3475.htm""}"
SCORE-a576bfb6-4098-5a22-ab00-5807610f14d2,OFF-981c401f-94da-52b7-87f2-ed006b1e9651,2025,retired_soldier_non_exempt,first_choice,admission_min_score,four_subject_total,600,,,blank_in_source,,,,true,false,,SRC-HFNU-2025-LQ,"{""row_key"":""经济统计学|合肥师范学院"",""section"":""录取最低分"",""table"":1,""url"":""https://zsb.hfnu.edu.cn/info/1002/3475.htm""}"
SCORE-4b45cadb-fc2a-5eb2-b1f9-a42532f88326,OFF-981c401f-94da-52b7-87f2-ed006b1e9651,2025,registered_poor_family,first_choice,admission_min_score,four_subject_total,600,272,272,published_value,,,,true,false,,SRC-HFNU-2025-LQ,"{""row_key"":""经济统计学|合肥师范学院"",""section"":""录取最低分"",""table"":1,""url"":""https://zsb.hfnu.edu.cn/info/1002/3475.htm""}"
SCORE-217fdd45-3f46-5489-9963-bfab0e38ee97,OFF-981c401f-94da-52b7-87f2-ed006b1e9651,2025,skill_competition,first_choice,interview_score,interview,100,,,blank_in_source,,技能大赛面试,,true,false,,SRC-HFNU-2025-LQ,"{""row_key"":""经济统计学|合肥师范学院"",""section"":""录取最低分"",""table"":1,""url"":""https://zsb.hfnu.edu.cn/info/1002/3475.htm""}"
SCORE-5f6aa3ee-8f9a-5307-900e-92884eea3ea2,OFF-55269db6-f19f-5372-a38c-6ae31eebe98b,2025,normal,first_choice,admission_min_score,four_subject_total,600,416.5,416.5,published_value,,,,true,false,,SRC-HFNU-2025-LQ,"{""row_key"":""网络与新媒体|合肥师范学院"",""section"":""录取最低分"",""table"":1,""url"":""https://zsb.hfnu.edu.cn/info/1002/3475.htm""}"
SCORE-79c5ee62-d279-5c84-8f2e-091f8730cc2b,OFF-55269db6-f19f-5372-a38c-6ae31eebe98b,2025,retired_soldier_culture_exam_exempt,first_choice,admission_min_score,vocational_assessment,100,76.5,76.5,published_value,,职业适应性或职业技能综合考查,,true,false,,SRC-HFNU-2025-LQ,"{""row_key"":""网络与新媒体|合肥师范学院"",""section"":""录取最低分"",""table"":1,""url"":""https://zsb.hfnu.edu.cn/info/1002/3475.htm""}"
SCORE-dc9a05e8-f25f-54df-8430-7de979758693,OFF-55269db6-f19f-5372-a38c-6ae31eebe98b,2025,retired_soldier_non_exempt,first_choice,admission_min_score,four_subject_total,600,,,blank_in_source,,,,true,false,,SRC-HFNU-2025-LQ,"{""row_key"":""网络与新媒体|合肥师范学院"",""section"":""录取最低分"",""table"":1,""url"":""https://zsb.hfnu.edu.cn/info/1002/3475.htm""}"
SCORE-12f22621-134a-5920-9d60-20aee644ba55,OFF-55269db6-f19f-5372-a38c-6ae31eebe98b,2025,registered_poor_family,first_choice,admission_min_score,four_subject_total,600,411.5,411.5,published_value,,,,true,false,,SRC-HFNU-2025-LQ,"{""row_key"":""网络与新媒体|合肥师范学院"",""section"":""录取最低分"",""table"":1,""url"":""https://zsb.hfnu.edu.cn/info/1002/3475.htm""}"
SCORE-bcdd65cb-fb85-5ad9-8c1c-4c024e79bacc,OFF-55269db6-f19f-5372-a38c-6ae31eebe98b,2025,skill_competition,first_choice,interview_score,interview,100,,,blank_in_source,,技能大赛面试,,true,false,,SRC-HFNU-2025-LQ,"{""row_key"":""网络与新媒体|合肥师范学院"",""section"":""录取最低分"",""table"":1,""url"":""https://zsb.hfnu.edu.cn/info/1002/3475.htm""}"
SCORE-22f3ce01-45f7-5d7a-a2da-30048d489fbd,OFF-45d1327c-80ea-5ca8-8b10-462eb5251e9b,2025,normal,first_choice,admission_min_score,four_subject_total,600,351.5,351.5(专业课1:108.5),published_value,"{""tie_break_label_raw"":""专业课1"",""tie_break_metric"":""professional_1"",""tie_break_score"":""108.5""}",,合肥职业技术学院,true,false,,SRC-HFNU-2025-LQ,"{""row_key"":""网络工程|合肥职业技术学院"",""section"":""录取最低分"",""table"":1,""url"":""https://zsb.hfnu.edu.cn/info/1002/3475.htm""}"
SCORE-8d81baef-02e8-5653-b14e-4dfe5c83f1a6,OFF-45d1327c-80ea-5ca8-8b10-462eb5251e9b,2025,retired_soldier_culture_exam_exempt,first_choice,admission_min_score,vocational_assessment,100,51,51,published_value,,职业适应性或职业技能综合考查,合肥职业技术学院,true,false,,SRC-HFNU-2025-LQ,"{""row_key"":""网络工程|合肥职业技术学院"",""section"":""录取最低分"",""table"":1,""url"":""https://zsb.hfnu.edu.cn/info/1002/3475.htm""}"
SCORE-f2918ac9-56cc-50ec-9351-32f5f828f60d,OFF-45d1327c-80ea-5ca8-8b10-462eb5251e9b,2025,retired_soldier_non_exempt,first_choice,admission_min_score,four_subject_total,600,406.5,406.5,published_value,,,合肥职业技术学院,true,false,,SRC-HFNU-2025-LQ,"{""row_key"":""网络工程|合肥职业技术学院"",""section"":""录取最低分"",""table"":1,""url"":""https://zsb.hfnu.edu.cn/info/1002/3475.htm""}"
SCORE-fa4f4e54-3e69-5f30-8ae8-1d281bd46519,OFF-45d1327c-80ea-5ca8-8b10-462eb5251e9b,2025,registered_poor_family,first_choice,admission_min_score,four_subject_total,600,261,261,published_value,,,合肥职业技术学院,true,false,,SRC-HFNU-2025-LQ,"{""row_key"":""网络工程|合肥职业技术学院"",""section"":""录取最低分"",""table"":1,""url"":""https://zsb.hfnu.edu.cn/info/1002/3475.htm""}"
SCORE-97b994df-5913-5ad6-95e2-7d1f55b33835,OFF-45d1327c-80ea-5ca8-8b10-462eb5251e9b,2025,skill_competition,first_choice,interview_score,interview,100,,,blank_in_source,,技能大赛面试,合肥职业技术学院,true,false,,SRC-HFNU-2025-LQ,"{""row_key"":""网络工程|合肥职业技术学院"",""section"":""录取最低分"",""table"":1,""url"":""https://zsb.hfnu.edu.cn/info/1002/3475.htm""}"
SCORE-3d989530-3b56-56ef-892d-99f465f284e5,OFF-3ccce3a7-5b44-54d1-893d-9f9bda87a0ad,2025,normal,first_choice,admission_min_score,four_subject_total,600,327,327,published_value,,,安徽工业经济职业技术学院,true,false,,SRC-HFNU-2025-LQ,"{""row_key"":""网络工程|安徽工业经济职业技术学院"",""section"":""录取最低分"",""table"":1,""url"":""https://zsb.hfnu.edu.cn/info/1002/3475.htm""}"
SCORE-cbaef41c-c049-5226-b4a2-704a2c1651fd,OFF-3ccce3a7-5b44-54d1-893d-9f9bda87a0ad,2025,retired_soldier_culture_exam_exempt,first_choice,admission_min_score,vocational_assessment,100,50,50,published_value,,职业适应性或职业技能综合考查,安徽工业经济职业技术学院,true,false,,SRC-HFNU-2025-LQ,"{""row_key"":""网络工程|安徽工业经济职业技术学院"",""section"":""录取最低分"",""table"":1,""url"":""https://zsb.hfnu.edu.cn/info/1002/3475.htm""}"
SCORE-a9265244-2197-5086-9aa5-9da2c586b903,OFF-3ccce3a7-5b44-54d1-893d-9f9bda87a0ad,2025,retired_soldier_non_exempt,first_choice,admission_min_score,four_subject_total,600,,,blank_in_source,,,安徽工业经济职业技术学院,true,false,,SRC-HFNU-2025-LQ,"{""row_key"":""网络工程|安徽工业经济职业技术学院"",""section"":""录取最低分"",""table"":1,""url"":""https://zsb.hfnu.edu.cn/info/1002/3475.htm""}"
SCORE-b594def5-0def-5aea-92af-8e64f703c2e7,OFF-3ccce3a7-5b44-54d1-893d-9f9bda87a0ad,2025,registered_poor_family,first_choice,admission_min_score,four_subject_total,600,,,blank_in_source,,,安徽工业经济职业技术学院,true,false,,SRC-HFNU-2025-LQ,"{""row_key"":""网络工程|安徽工业经济职业技术学院"",""section"":""录取最低分"",""table"":1,""url"":""https://zsb.hfnu.edu.cn/info/1002/3475.htm""}"
SCORE-b0ad836a-48bb-5c43-a272-6bd8bcaa50dd,OFF-3ccce3a7-5b44-54d1-893d-9f9bda87a0ad,2025,skill_competition,first_choice,interview_score,interview,100,,,blank_in_source,,技能大赛面试,安徽工业经济职业技术学院,true,false,,SRC-HFNU-2025-LQ,"{""row_key"":""网络工程|安徽工业经济职业技术学院"",""section"":""录取最低分"",""table"":1,""url"":""https://zsb.hfnu.edu.cn/info/1002/3475.htm""}"
SCORE-e1fb917f-25e6-5a0b-8a06-362f3ba57eb5,OFF-249190d6-2a57-548d-80ee-85bb19eaeffb,2025,normal,first_choice,admission_min_score,four_subject_total,600,205.5,205.5,published_value,,,,true,false,,SRC-HFNU-2025-LQ,"{""row_key"":""药物制剂|合肥师范学院"",""section"":""录取最低分"",""table"":1,""url"":""https://zsb.hfnu.edu.cn/info/1002/3475.htm""}"
SCORE-f297d5b1-d247-5ab8-be82-c9be08c2e40e,OFF-249190d6-2a57-548d-80ee-85bb19eaeffb,2025,retired_soldier_culture_exam_exempt,first_choice,admission_min_score,vocational_assessment,100,58,58,published_value,,职业适应性或职业技能综合考查,,true,false,,SRC-HFNU-2025-LQ,"{""row_key"":""药物制剂|合肥师范学院"",""section"":""录取最低分"",""table"":1,""url"":""https://zsb.hfnu.edu.cn/info/1002/3475.htm""}"
SCORE-74933081-6f7b-5ab7-93d8-dc4e958b9960,OFF-249190d6-2a57-548d-80ee-85bb19eaeffb,2025,retired_soldier_non_exempt,first_choice,admission_min_score,four_subject_total,600,,,blank_in_source,,,,true,false,,SRC-HFNU-2025-LQ,"{""row_key"":""药物制剂|合肥师范学院"",""section"":""录取最低分"",""table"":1,""url"":""https://zsb.hfnu.edu.cn/info/1002/3475.htm""}"
SCORE-3e2bc128-91e2-51cf-9259-562218bc9719,OFF-249190d6-2a57-548d-80ee-85bb19eaeffb,2025,registered_poor_family,first_choice,admission_min_score,four_subject_total,600,264.5,264.5,published_value,,,,true,false,,SRC-HFNU-2025-LQ,"{""row_key"":""药物制剂|合肥师范学院"",""section"":""录取最低分"",""table"":1,""url"":""https://zsb.hfnu.edu.cn/info/1002/3475.htm""}"
SCORE-c33f8991-3c5f-517c-b6c8-6f00afc1261c,OFF-249190d6-2a57-548d-80ee-85bb19eaeffb,2025,skill_competition,first_choice,interview_score,interview,100,,,blank_in_source,,技能大赛面试,,true,false,,SRC-HFNU-2025-LQ,"{""row_key"":""药物制剂|合肥师范学院"",""section"":""录取最低分"",""table"":1,""url"":""https://zsb.hfnu.edu.cn/info/1002/3475.htm""}"
SCORE-5f8fb072-3ea8-5705-b1cd-bd2f88172907,OFF-f2de9dad-6dee-5d54-9504-c7e6001dd687,2025,normal,first_choice,admission_min_score,four_subject_total,600,458.5,458.5(专业课1:126.5),published_value,"{""tie_break_label_raw"":""专业课1"",""tie_break_metric"":""professional_1"",""tie_break_score"":""126.5""}",,,true,false,,SRC-HFNU-2025-LQ,"{""row_key"":""视觉传达设计|合肥师范学院"",""section"":""录取最低分"",""table"":1,""url"":""https://zsb.hfnu.edu.cn/info/1002/3475.htm""}"
SCORE-fab83f58-e06b-5e7c-9ce6-bb31ba0bc244,OFF-f2de9dad-6dee-5d54-9504-c7e6001dd687,2025,retired_soldier_culture_exam_exempt,first_choice,admission_min_score,vocational_assessment,100,73,73,published_value,,职业适应性或职业技能综合考查,,true,false,,SRC-HFNU-2025-LQ,"{""row_key"":""视觉传达设计|合肥师范学院"",""section"":""录取最低分"",""table"":1,""url"":""https://zsb.hfnu.edu.cn/info/1002/3475.htm""}"
SCORE-5dc21ae5-75ee-5ce0-925d-cc14f925dd2f,OFF-f2de9dad-6dee-5d54-9504-c7e6001dd687,2025,retired_soldier_non_exempt,first_choice,admission_min_score,four_subject_total,600,,,blank_in_source,,,,true,false,,SRC-HFNU-2025-LQ,"{""row_key"":""视觉传达设计|合肥师范学院"",""section"":""录取最低分"",""table"":1,""url"":""https://zsb.hfnu.edu.cn/info/1002/3475.htm""}"
SCORE-1b6514c2-6338-54b3-ad71-7a8d9f11e133,OFF-f2de9dad-6dee-5d54-9504-c7e6001dd687,2025,registered_poor_family,first_choice,admission_min_score,four_subject_total,600,410,410,published_value,,,,true,false,,SRC-HFNU-2025-LQ,"{""row_key"":""视觉传达设计|合肥师范学院"",""section"":""录取最低分"",""table"":1,""url"":""https://zsb.hfnu.edu.cn/info/1002/3475.htm""}"
SCORE-e99d3ff4-6f98-5728-99b3-34f6cf97ed94,OFF-f2de9dad-6dee-5d54-9504-c7e6001dd687,2025,skill_competition,first_choice,interview_score,interview,100,,,blank_in_source,,技能大赛面试,,true,false,,SRC-HFNU-2025-LQ,"{""row_key"":""视觉传达设计|合肥师范学院"",""section"":""录取最低分"",""table"":1,""url"":""https://zsb.hfnu.edu.cn/info/1002/3475.htm""}"
SCORE-bb367829-0ad2-5519-b684-c0447c222002,OFF-0bb45844-6c2e-5bfd-93c5-0652eb596a10,2025,normal,first_choice,admission_min_score,four_subject_total,600,402,402,published_value,,,安徽工业经济职业技术学院,true,false,,SRC-HFNU-2025-LQ,"{""row_key"":""计算机科学与技术|安徽工业经济职业技术学院"",""section"":""录取最低分"",""table"":1,""url"":""https://zsb.hfnu.edu.cn/info/1002/3475.htm""}"
SCORE-a7f59654-8906-55ed-83c9-1f23282f9799,OFF-0bb45844-6c2e-5bfd-93c5-0652eb596a10,2025,retired_soldier_culture_exam_exempt,first_choice,admission_min_score,vocational_assessment,100,68,68,published_value,,职业适应性或职业技能综合考查,安徽工业经济职业技术学院,true,false,,SRC-HFNU-2025-LQ,"{""row_key"":""计算机科学与技术|安徽工业经济职业技术学院"",""section"":""录取最低分"",""table"":1,""url"":""https://zsb.hfnu.edu.cn/info/1002/3475.htm""}"
SCORE-9c8dd595-187a-5e8c-8dbf-d976b43898ed,OFF-0bb45844-6c2e-5bfd-93c5-0652eb596a10,2025,retired_soldier_non_exempt,first_choice,admission_min_score,four_subject_total,600,379,379,published_value,,,安徽工业经济职业技术学院,true,false,,SRC-HFNU-2025-LQ,"{""row_key"":""计算机科学与技术|安徽工业经济职业技术学院"",""section"":""录取最低分"",""table"":1,""url"":""https://zsb.hfnu.edu.cn/info/1002/3475.htm""}"
SCORE-07de6713-f701-5a8a-981c-d53ba5aa12a7,OFF-0bb45844-6c2e-5bfd-93c5-0652eb596a10,2025,registered_poor_family,first_choice,admission_min_score,four_subject_total,600,269,269,published_value,,,安徽工业经济职业技术学院,true,false,,SRC-HFNU-2025-LQ,"{""row_key"":""计算机科学与技术|安徽工业经济职业技术学院"",""section"":""录取最低分"",""table"":1,""url"":""https://zsb.hfnu.edu.cn/info/1002/3475.htm""}"
SCORE-bbb88404-22f1-5924-9fd5-ea7539518799,OFF-0bb45844-6c2e-5bfd-93c5-0652eb596a10,2025,skill_competition,first_choice,interview_score,interview,100,,,blank_in_source,,技能大赛面试,安徽工业经济职业技术学院,true,false,,SRC-HFNU-2025-LQ,"{""row_key"":""计算机科学与技术|安徽工业经济职业技术学院"",""section"":""录取最低分"",""table"":1,""url"":""https://zsb.hfnu.edu.cn/info/1002/3475.htm""}"
SCORE-099c8b22-bb42-54f6-b50f-5202f632e9b3,OFF-cd6346ab-06d2-5a63-877c-6af9c98e69b4,2025,normal,first_choice,admission_min_score,four_subject_total,600,,,blank_in_source,,,马鞍山师范高等专科学校,true,false,,SRC-HFNU-2025-LQ,"{""row_key"":""计算机科学与技术|马鞍山师范高等专科学校"",""section"":""录取最低分"",""table"":1,""url"":""https://zsb.hfnu.edu.cn/info/1002/3475.htm""}"
SCORE-211b68b1-8422-50cf-9ab2-f8c43d74c76d,OFF-cd6346ab-06d2-5a63-877c-6af9c98e69b4,2025,retired_soldier_culture_exam_exempt,first_choice,admission_min_score,vocational_assessment,100,,,blank_in_source,,职业适应性或职业技能综合考查,马鞍山师范高等专科学校,true,false,,SRC-HFNU-2025-LQ,"{""row_key"":""计算机科学与技术|马鞍山师范高等专科学校"",""section"":""录取最低分"",""table"":1,""url"":""https://zsb.hfnu.edu.cn/info/1002/3475.htm""}"
SCORE-3ee61f98-16e3-5332-9d1b-d6601ad0121c,OFF-cd6346ab-06d2-5a63-877c-6af9c98e69b4,2025,retired_soldier_non_exempt,first_choice,admission_min_score,four_subject_total,600,,,blank_in_source,,,马鞍山师范高等专科学校,true,false,,SRC-HFNU-2025-LQ,"{""row_key"":""计算机科学与技术|马鞍山师范高等专科学校"",""section"":""录取最低分"",""table"":1,""url"":""https://zsb.hfnu.edu.cn/info/1002/3475.htm""}"
SCORE-706c2efa-2af4-5046-8936-73d7957aa032,OFF-cd6346ab-06d2-5a63-877c-6af9c98e69b4,2025,registered_poor_family,first_choice,admission_min_score,four_subject_total,600,,,blank_in_source,,,马鞍山师范高等专科学校,true,false,,SRC-HFNU-2025-LQ,"{""row_key"":""计算机科学与技术|马鞍山师范高等专科学校"",""section"":""录取最低分"",""table"":1,""url"":""https://zsb.hfnu.edu.cn/info/1002/3475.htm""}"
SCORE-23dbe0dc-313f-5590-afc3-42ec876d216f,OFF-cd6346ab-06d2-5a63-877c-6af9c98e69b4,2025,skill_competition,first_choice,interview_score,interview,100,,,blank_in_source,,技能大赛面试,马鞍山师范高等专科学校,true,false,,SRC-HFNU-2025-LQ,"{""row_key"":""计算机科学与技术|马鞍山师范高等专科学校"",""section"":""录取最低分"",""table"":1,""url"":""https://zsb.hfnu.edu.cn/info/1002/3475.htm""}"
SCORE-9258b9e6-00f2-54c4-9f83-0edcda1f598f,OFF-5155a81e-6102-5953-907c-d22bbb779ceb,2025,normal,first_choice,admission_min_score,four_subject_total,600,454.5,454.5,published_value,,,安徽工业经济职业技术学院,true,false,,SRC-HFNU-2025-LQ,"{""row_key"":""财务管理|安徽工业经济职业技术学院"",""section"":""录取最低分"",""table"":1,""url"":""https://zsb.hfnu.edu.cn/info/1002/3475.htm""}"
SCORE-9198f825-aefb-55c1-b30b-da7bec7053dc,OFF-5155a81e-6102-5953-907c-d22bbb779ceb,2025,retired_soldier_culture_exam_exempt,first_choice,admission_min_score,vocational_assessment,100,72,72,published_value,,职业适应性或职业技能综合考查,安徽工业经济职业技术学院,true,false,,SRC-HFNU-2025-LQ,"{""row_key"":""财务管理|安徽工业经济职业技术学院"",""section"":""录取最低分"",""table"":1,""url"":""https://zsb.hfnu.edu.cn/info/1002/3475.htm""}"
SCORE-29c3972b-84c1-5f8c-a711-98e7b04217e2,OFF-5155a81e-6102-5953-907c-d22bbb779ceb,2025,retired_soldier_non_exempt,first_choice,admission_min_score,four_subject_total,600,,,blank_in_source,,,安徽工业经济职业技术学院,true,false,,SRC-HFNU-2025-LQ,"{""row_key"":""财务管理|安徽工业经济职业技术学院"",""section"":""录取最低分"",""table"":1,""url"":""https://zsb.hfnu.edu.cn/info/1002/3475.htm""}"
SCORE-054b1617-e1f9-54a7-85ab-a68b64a3c89d,OFF-5155a81e-6102-5953-907c-d22bbb779ceb,2025,registered_poor_family,first_choice,admission_min_score,four_subject_total,600,431,431,published_value,,,安徽工业经济职业技术学院,true,false,,SRC-HFNU-2025-LQ,"{""row_key"":""财务管理|安徽工业经济职业技术学院"",""section"":""录取最低分"",""table"":1,""url"":""https://zsb.hfnu.edu.cn/info/1002/3475.htm""}"
SCORE-3299e211-1eff-5839-ad30-9797b4b1b85a,OFF-5155a81e-6102-5953-907c-d22bbb779ceb,2025,skill_competition,first_choice,interview_score,interview,100,,,blank_in_source,,技能大赛面试,安徽工业经济职业技术学院,true,false,,SRC-HFNU-2025-LQ,"{""row_key"":""财务管理|安徽工业经济职业技术学院"",""section"":""录取最低分"",""table"":1,""url"":""https://zsb.hfnu.edu.cn/info/1002/3475.htm""}"
SCORE-ea817599-c48c-5ecf-bdaa-94cf89527e1c,OFF-18610e45-1bdf-590a-adf8-bb006b55a447,2025,normal,first_choice,admission_min_score,four_subject_total,600,439,439,published_value,,,,true,false,,SRC-HFNU-2025-LQ,"{""row_key"":""软件工程|合肥师范学院"",""section"":""录取最低分"",""table"":1,""url"":""https://zsb.hfnu.edu.cn/info/1002/3475.htm""}"
SCORE-3ccdfbb7-0cf1-5cb2-b02e-b4182b8b800a,OFF-18610e45-1bdf-590a-adf8-bb006b55a447,2025,retired_soldier_culture_exam_exempt,first_choice,admission_min_score,vocational_assessment,100,68.5,68.5,published_value,,职业适应性或职业技能综合考查,,true,false,,SRC-HFNU-2025-LQ,"{""row_key"":""软件工程|合肥师范学院"",""section"":""录取最低分"",""table"":1,""url"":""https://zsb.hfnu.edu.cn/info/1002/3475.htm""}"
SCORE-503f8fde-7b3b-55a4-ade3-436a308f5d2f,OFF-18610e45-1bdf-590a-adf8-bb006b55a447,2025,retired_soldier_non_exempt,first_choice,admission_min_score,four_subject_total,600,272.5,272.5,published_value,,,,true,false,,SRC-HFNU-2025-LQ,"{""row_key"":""软件工程|合肥师范学院"",""section"":""录取最低分"",""table"":1,""url"":""https://zsb.hfnu.edu.cn/info/1002/3475.htm""}"
SCORE-619ee246-40ba-50e5-97eb-f722242b35b0,OFF-18610e45-1bdf-590a-adf8-bb006b55a447,2025,registered_poor_family,first_choice,admission_min_score,four_subject_total,600,388,388,published_value,,,,true,false,,SRC-HFNU-2025-LQ,"{""row_key"":""软件工程|合肥师范学院"",""section"":""录取最低分"",""table"":1,""url"":""https://zsb.hfnu.edu.cn/info/1002/3475.htm""}"
SCORE-c015b531-a3ca-53ae-9fa3-d31b8067f928,OFF-18610e45-1bdf-590a-adf8-bb006b55a447,2025,skill_competition,first_choice,interview_score,interview,100,,,blank_in_source,,技能大赛面试,,true,false,,SRC-HFNU-2025-LQ,"{""row_key"":""软件工程|合肥师范学院"",""section"":""录取最低分"",""table"":1,""url"":""https://zsb.hfnu.edu.cn/info/1002/3475.htm""}"
SCORE-d3c3cf76-3447-5967-8787-7366162315e3,OFF-0788d4dc-8e36-5757-99fc-ab9c330165df,2025,normal,first_choice,admission_min_score,four_subject_total,600,340,340,published_value,,,合肥职业技术学院,true,false,,SRC-HFNU-2025-LQ,"{""row_key"":""运动康复|合肥职业技术学院"",""section"":""录取最低分"",""table"":1,""url"":""https://zsb.hfnu.edu.cn/info/1002/3475.htm""}"
SCORE-7b5d2a8a-423e-5816-9368-1d59f207b0b5,OFF-0788d4dc-8e36-5757-99fc-ab9c330165df,2025,retired_soldier_culture_exam_exempt,first_choice,admission_min_score,vocational_assessment,100,47.5,47.5,published_value,,职业适应性或职业技能综合考查,合肥职业技术学院,true,false,,SRC-HFNU-2025-LQ,"{""row_key"":""运动康复|合肥职业技术学院"",""section"":""录取最低分"",""table"":1,""url"":""https://zsb.hfnu.edu.cn/info/1002/3475.htm""}"
SCORE-ccece4ae-973d-5c75-8601-d7c1066276b1,OFF-0788d4dc-8e36-5757-99fc-ab9c330165df,2025,retired_soldier_non_exempt,first_choice,admission_min_score,four_subject_total,600,,,blank_in_source,,,合肥职业技术学院,true,false,,SRC-HFNU-2025-LQ,"{""row_key"":""运动康复|合肥职业技术学院"",""section"":""录取最低分"",""table"":1,""url"":""https://zsb.hfnu.edu.cn/info/1002/3475.htm""}"
SCORE-f9de1862-9544-5216-86ac-e491c98bb19f,OFF-0788d4dc-8e36-5757-99fc-ab9c330165df,2025,registered_poor_family,first_choice,admission_min_score,four_subject_total,600,282.5,282.5,published_value,,,合肥职业技术学院,true,false,,SRC-HFNU-2025-LQ,"{""row_key"":""运动康复|合肥职业技术学院"",""section"":""录取最低分"",""table"":1,""url"":""https://zsb.hfnu.edu.cn/info/1002/3475.htm""}"
SCORE-f607c105-0945-5b0b-b26d-e915daf2313a,OFF-0788d4dc-8e36-5757-99fc-ab9c330165df,2025,skill_competition,first_choice,interview_score,interview,100,,,blank_in_source,,技能大赛面试,合肥职业技术学院,true,false,,SRC-HFNU-2025-LQ,"{""row_key"":""运动康复|合肥职业技术学院"",""section"":""录取最低分"",""table"":1,""url"":""https://zsb.hfnu.edu.cn/info/1002/3475.htm""}"
SCORE-06aab576-7bc9-5d26-a0a7-33bf031233a4,OFF-78a74943-64de-553c-b84a-6945a440d026,2025,normal,first_choice,admission_min_score,four_subject_total,600,419,419,published_value,,,,true,false,,SRC-HFNU-2025-LQ,"{""row_key"":""通信工程|合肥师范学院"",""section"":""录取最低分"",""table"":1,""url"":""https://zsb.hfnu.edu.cn/info/1002/3475.htm""}"
SCORE-9d6a0d4c-6096-5f71-879d-0aef50ff55c7,OFF-78a74943-64de-553c-b84a-6945a440d026,2025,retired_soldier_culture_exam_exempt,first_choice,admission_min_score,vocational_assessment,100,70.5,70.5,published_value,,职业适应性或职业技能综合考查,,true,false,,SRC-HFNU-2025-LQ,"{""row_key"":""通信工程|合肥师范学院"",""section"":""录取最低分"",""table"":1,""url"":""https://zsb.hfnu.edu.cn/info/1002/3475.htm""}"
SCORE-5b89849b-67da-5936-9475-b680f3e18502,OFF-78a74943-64de-553c-b84a-6945a440d026,2025,retired_soldier_non_exempt,first_choice,admission_min_score,four_subject_total,600,,,blank_in_source,,,,true,false,,SRC-HFNU-2025-LQ,"{""row_key"":""通信工程|合肥师范学院"",""section"":""录取最低分"",""table"":1,""url"":""https://zsb.hfnu.edu.cn/info/1002/3475.htm""}"
SCORE-f8dad4d6-fa4d-530d-aa58-b1253ee164be,OFF-78a74943-64de-553c-b84a-6945a440d026,2025,registered_poor_family,first_choice,admission_min_score,four_subject_total,600,227,227,published_value,,,,true,false,,SRC-HFNU-2025-LQ,"{""row_key"":""通信工程|合肥师范学院"",""section"":""录取最低分"",""table"":1,""url"":""https://zsb.hfnu.edu.cn/info/1002/3475.htm""}"
SCORE-7e0279ef-0df7-5ef3-9d59-5e91fff3d9be,OFF-78a74943-64de-553c-b84a-6945a440d026,2025,skill_competition,first_choice,interview_score,interview,100,,,blank_in_source,,技能大赛面试,,true,false,,SRC-HFNU-2025-LQ,"{""row_key"":""通信工程|合肥师范学院"",""section"":""录取最低分"",""table"":1,""url"":""https://zsb.hfnu.edu.cn/info/1002/3475.htm""}"
SCORE-fa239ffe-9a5c-5bc0-9333-f9a7af5e423c,OFF-d57b0c09-7fc6-5bb1-a874-75a41f80b550,2025,normal,first_choice,admission_min_score,four_subject_total,600,406,406,published_value,,,,true,false,,SRC-HFNU-2025-LQ,"{""row_key"":""音乐学|合肥师范学院"",""section"":""录取最低分"",""table"":1,""url"":""https://zsb.hfnu.edu.cn/info/1002/3475.htm""}"
SCORE-43afc50a-f987-5c9c-95c2-d6bfe852f6d4,OFF-d57b0c09-7fc6-5bb1-a874-75a41f80b550,2025,retired_soldier_culture_exam_exempt,first_choice,admission_min_score,vocational_assessment,100,,,blank_in_source,,职业适应性或职业技能综合考查,,true,false,,SRC-HFNU-2025-LQ,"{""row_key"":""音乐学|合肥师范学院"",""section"":""录取最低分"",""table"":1,""url"":""https://zsb.hfnu.edu.cn/info/1002/3475.htm""}"
SCORE-90cb78f5-b596-5834-8fe9-4f9b69cdbf29,OFF-d57b0c09-7fc6-5bb1-a874-75a41f80b550,2025,retired_soldier_non_exempt,first_choice,admission_min_score,four_subject_total,600,,,blank_in_source,,,,true,false,,SRC-HFNU-2025-LQ,"{""row_key"":""音乐学|合肥师范学院"",""section"":""录取最低分"",""table"":1,""url"":""https://zsb.hfnu.edu.cn/info/1002/3475.htm""}"
SCORE-6bb6647d-b515-5e76-9934-706c14767b4a,OFF-d57b0c09-7fc6-5bb1-a874-75a41f80b550,2025,registered_poor_family,first_choice,admission_min_score,four_subject_total,600,389,389,published_value,,,,true,false,,SRC-HFNU-2025-LQ,"{""row_key"":""音乐学|合肥师范学院"",""section"":""录取最低分"",""table"":1,""url"":""https://zsb.hfnu.edu.cn/info/1002/3475.htm""}"
SCORE-01ecb0d3-b161-5f09-af6d-3bfdb73e07b8,OFF-d57b0c09-7fc6-5bb1-a874-75a41f80b550,2025,skill_competition,first_choice,interview_score,interview,100,,,blank_in_source,,技能大赛面试,,true,false,,SRC-HFNU-2025-LQ,"{""row_key"":""音乐学|合肥师范学院"",""section"":""录取最低分"",""table"":1,""url"":""https://zsb.hfnu.edu.cn/info/1002/3475.htm""}"
SCORE-403b8162-48f0-51ef-9ccc-fbe54ba2c34f,OFF-705c408c-f84f-5fb3-88cb-1e1c6bcb8639,2025,normal,first_choice,admission_min_score,four_subject_total,600,,,blank_in_source,,,马鞍山师范高等专科学校,true,false,,SRC-HFNU-2025-LQ,"{""row_key"":""食品质量与安全|马鞍山师范高等专科学校"",""section"":""录取最低分"",""table"":1,""url"":""https://zsb.hfnu.edu.cn/info/1002/3475.htm""}"
SCORE-366d7114-d44c-5aa9-a62a-c52aa0dd9749,OFF-705c408c-f84f-5fb3-88cb-1e1c6bcb8639,2025,retired_soldier_culture_exam_exempt,first_choice,admission_min_score,vocational_assessment,100,,,blank_in_source,,职业适应性或职业技能综合考查,马鞍山师范高等专科学校,true,false,,SRC-HFNU-2025-LQ,"{""row_key"":""食品质量与安全|马鞍山师范高等专科学校"",""section"":""录取最低分"",""table"":1,""url"":""https://zsb.hfnu.edu.cn/info/1002/3475.htm""}"
SCORE-4257bf47-4b40-5050-a868-898d5852007f,OFF-705c408c-f84f-5fb3-88cb-1e1c6bcb8639,2025,retired_soldier_non_exempt,first_choice,admission_min_score,four_subject_total,600,,,blank_in_source,,,马鞍山师范高等专科学校,true,false,,SRC-HFNU-2025-LQ,"{""row_key"":""食品质量与安全|马鞍山师范高等专科学校"",""section"":""录取最低分"",""table"":1,""url"":""https://zsb.hfnu.edu.cn/info/1002/3475.htm""}"
SCORE-ab7b9939-a300-5796-8dda-591dd57c2425,OFF-705c408c-f84f-5fb3-88cb-1e1c6bcb8639,2025,registered_poor_family,first_choice,admission_min_score,four_subject_total,600,,,blank_in_source,,,马鞍山师范高等专科学校,true,false,,SRC-HFNU-2025-LQ,"{""row_key"":""食品质量与安全|马鞍山师范高等专科学校"",""section"":""录取最低分"",""table"":1,""url"":""https://zsb.hfnu.edu.cn/info/1002/3475.htm""}"
SCORE-8658fb88-4ed9-507a-a540-0898f71869e2,OFF-705c408c-f84f-5fb3-88cb-1e1c6bcb8639,2025,skill_competition,first_choice,interview_score,interview,100,,,blank_in_source,,技能大赛面试,马鞍山师范高等专科学校,true,false,,SRC-HFNU-2025-LQ,"{""row_key"":""食品质量与安全|马鞍山师范高等专科学校"",""section"":""录取最低分"",""table"":1,""url"":""https://zsb.hfnu.edu.cn/info/1002/3475.htm""}"
SCORE-0f79b77f-3987-5476-a695-10dd85183e78,OFF-55f04809-af03-5402-920f-2356cf993aac,2026,normal,first_choice,admission_min_score,four_subject_total,600,422.5,422.5,published_value,,,,true,false,,SRC-HFNU-2026-LQ,"{""page"":null,""pdf"":""https://zsb.hfnu.edu.cn/__local/9/8B/26/859B739DDE01D7ED903FAFE0645_CA51B13A_18200.pdf"",""row_key"":""互联网金融|合肥师范学院"",""section"":""录取最低分"",""table"":1,""url"":""https://zsb.hfnu.edu.cn/info/1002/3885.htm""}"
SCORE-ad8993e9-a72e-5cd5-b377-b83c704bed2c,OFF-55f04809-af03-5402-920f-2356cf993aac,2026,retired_soldier_culture_exam_exempt,first_choice,admission_min_score,vocational_assessment,100,,,blank_in_source,,职业适应性或职业技能综合考查,,true,false,,SRC-HFNU-2026-LQ,"{""page"":null,""pdf"":""https://zsb.hfnu.edu.cn/__local/9/8B/26/859B739DDE01D7ED903FAFE0645_CA51B13A_18200.pdf"",""row_key"":""互联网金融|合肥师范学院"",""section"":""录取最低分"",""table"":1,""url"":""https://zsb.hfnu.edu.cn/info/1002/3885.htm""}"
SCORE-51b6011d-62f1-5549-81af-fe8663249eb4,OFF-55f04809-af03-5402-920f-2356cf993aac,2026,retired_soldier_non_exempt,first_choice,admission_min_score,four_subject_total,600,,,blank_in_source,,,,true,false,,SRC-HFNU-2026-LQ,"{""page"":null,""pdf"":""https://zsb.hfnu.edu.cn/__local/9/8B/26/859B739DDE01D7ED903FAFE0645_CA51B13A_18200.pdf"",""row_key"":""互联网金融|合肥师范学院"",""section"":""录取最低分"",""table"":1,""url"":""https://zsb.hfnu.edu.cn/info/1002/3885.htm""}"
SCORE-01eb47a7-ba20-5b67-9d6c-ca084e27d5d1,OFF-55f04809-af03-5402-920f-2356cf993aac,2026,registered_poor_family,first_choice,admission_min_score,four_subject_total,600,400,400,published_value,,,,true,false,,SRC-HFNU-2026-LQ,"{""page"":null,""pdf"":""https://zsb.hfnu.edu.cn/__local/9/8B/26/859B739DDE01D7ED903FAFE0645_CA51B13A_18200.pdf"",""row_key"":""互联网金融|合肥师范学院"",""section"":""录取最低分"",""table"":1,""url"":""https://zsb.hfnu.edu.cn/info/1002/3885.htm""}"
SCORE-728a1a75-131b-5c20-99bf-caf89f6c4998,OFF-55f04809-af03-5402-920f-2356cf993aac,2026,skill_competition,first_choice,interview_score,interview,100,,,blank_in_source,,技能大赛面试,,true,false,,SRC-HFNU-2026-LQ,"{""page"":null,""pdf"":""https://zsb.hfnu.edu.cn/__local/9/8B/26/859B739DDE01D7ED903FAFE0645_CA51B13A_18200.pdf"",""row_key"":""互联网金融|合肥师范学院"",""section"":""录取最低分"",""table"":1,""url"":""https://zsb.hfnu.edu.cn/info/1002/3885.htm""}"
SCORE-6f703720-efff-50de-915a-95ebe75626af,OFF-a5dd4961-959d-5b4d-a579-a70ceabb328e,2026,normal,first_choice,admission_min_score,four_subject_total,600,453,453(专业课1:125.5),published_value,"{""tie_break_label_raw"":""专业课1"",""tie_break_metric"":""professional_1"",""tie_break_score"":""125.5""}",,,true,false,,SRC-HFNU-2026-LQ,"{""page"":null,""pdf"":""https://zsb.hfnu.edu.cn/__local/9/8B/26/859B739DDE01D7ED903FAFE0645_CA51B13A_18200.pdf"",""row_key"":""人力资源管理|合肥师范学院"",""section"":""录取最低分"",""table"":1,""url"":""https://zsb.hfnu.edu.cn/info/1002/3885.htm""}"
SCORE-f2d081f7-b990-5a19-b407-75c2e03df0a5,OFF-a5dd4961-959d-5b4d-a579-a70ceabb328e,2026,retired_soldier_culture_exam_exempt,first_choice,admission_min_score,vocational_assessment,100,65,65,published_value,,职业适应性或职业技能综合考查,,true,false,,SRC-HFNU-2026-LQ,"{""page"":null,""pdf"":""https://zsb.hfnu.edu.cn/__local/9/8B/26/859B739DDE01D7ED903FAFE0645_CA51B13A_18200.pdf"",""row_key"":""人力资源管理|合肥师范学院"",""section"":""录取最低分"",""table"":1,""url"":""https://zsb.hfnu.edu.cn/info/1002/3885.htm""}"
SCORE-74b6b125-b65a-5b4d-b005-181435f72d50,OFF-a5dd4961-959d-5b4d-a579-a70ceabb328e,2026,retired_soldier_non_exempt,first_choice,admission_min_score,four_subject_total,600,,,blank_in_source,,,,true,false,,SRC-HFNU-2026-LQ,"{""page"":null,""pdf"":""https://zsb.hfnu.edu.cn/__local/9/8B/26/859B739DDE01D7ED903FAFE0645_CA51B13A_18200.pdf"",""row_key"":""人力资源管理|合肥师范学院"",""section"":""录取最低分"",""table"":1,""url"":""https://zsb.hfnu.edu.cn/info/1002/3885.htm""}"
SCORE-99ad926a-204d-565e-9502-2d4573168176,OFF-a5dd4961-959d-5b4d-a579-a70ceabb328e,2026,registered_poor_family,first_choice,admission_min_score,four_subject_total,600,378,378,published_value,,,,true,false,,SRC-HFNU-2026-LQ,"{""page"":null,""pdf"":""https://zsb.hfnu.edu.cn/__local/9/8B/26/859B739DDE01D7ED903FAFE0645_CA51B13A_18200.pdf"",""row_key"":""人力资源管理|合肥师范学院"",""section"":""录取最低分"",""table"":1,""url"":""https://zsb.hfnu.edu.cn/info/1002/3885.htm""}"
SCORE-56d81b74-c734-5638-890f-8cae302d6363,OFF-a5dd4961-959d-5b4d-a579-a70ceabb328e,2026,skill_competition,first_choice,interview_score,interview,100,,,blank_in_source,,技能大赛面试,,true,false,,SRC-HFNU-2026-LQ,"{""page"":null,""pdf"":""https://zsb.hfnu.edu.cn/__local/9/8B/26/859B739DDE01D7ED903FAFE0645_CA51B13A_18200.pdf"",""row_key"":""人力资源管理|合肥师范学院"",""section"":""录取最低分"",""table"":1,""url"":""https://zsb.hfnu.edu.cn/info/1002/3885.htm""}"
SCORE-8b4dd637-7637-52f7-ab4e-031426859cca,OFF-4da1d572-b70e-54bf-9990-5eed30613bca,2026,normal,first_choice,admission_min_score,four_subject_total,600,429.66,429.66,published_value,,,,true,false,,SRC-HFNU-2026-LQ,"{""page"":null,""pdf"":""https://zsb.hfnu.edu.cn/__local/9/8B/26/859B739DDE01D7ED903FAFE0645_CA51B13A_18200.pdf"",""row_key"":""动画|合肥师范学院"",""section"":""录取最低分"",""table"":1,""url"":""https://zsb.hfnu.edu.cn/info/1002/3885.htm""}"
SCORE-6ce5b2b9-d524-5b95-8b4a-6c6ff7a3c343,OFF-4da1d572-b70e-54bf-9990-5eed30613bca,2026,retired_soldier_culture_exam_exempt,first_choice,admission_min_score,vocational_assessment,100,80.5,80.5,published_value,,职业适应性或职业技能综合考查,,true,false,,SRC-HFNU-2026-LQ,"{""page"":null,""pdf"":""https://zsb.hfnu.edu.cn/__local/9/8B/26/859B739DDE01D7ED903FAFE0645_CA51B13A_18200.pdf"",""row_key"":""动画|合肥师范学院"",""section"":""录取最低分"",""table"":1,""url"":""https://zsb.hfnu.edu.cn/info/1002/3885.htm""}"
SCORE-d6eb2bcf-d82a-5c43-83a7-266eaaee9f41,OFF-4da1d572-b70e-54bf-9990-5eed30613bca,2026,retired_soldier_non_exempt,first_choice,admission_min_score,four_subject_total,600,,,blank_in_source,,,,true,false,,SRC-HFNU-2026-LQ,"{""page"":null,""pdf"":""https://zsb.hfnu.edu.cn/__local/9/8B/26/859B739DDE01D7ED903FAFE0645_CA51B13A_18200.pdf"",""row_key"":""动画|合肥师范学院"",""section"":""录取最低分"",""table"":1,""url"":""https://zsb.hfnu.edu.cn/info/1002/3885.htm""}"
SCORE-bc91267b-4723-5bba-b0d1-68226837238a,OFF-4da1d572-b70e-54bf-9990-5eed30613bca,2026,registered_poor_family,first_choice,admission_min_score,four_subject_total,600,424.33,424.33,published_value,,,,true,false,,SRC-HFNU-2026-LQ,"{""page"":null,""pdf"":""https://zsb.hfnu.edu.cn/__local/9/8B/26/859B739DDE01D7ED903FAFE0645_CA51B13A_18200.pdf"",""row_key"":""动画|合肥师范学院"",""section"":""录取最低分"",""table"":1,""url"":""https://zsb.hfnu.edu.cn/info/1002/3885.htm""}"
SCORE-d724eb5f-eeac-5c91-8587-7a26098e1ee2,OFF-4da1d572-b70e-54bf-9990-5eed30613bca,2026,skill_competition,first_choice,interview_score,interview,100,,,blank_in_source,,技能大赛面试,,true,false,,SRC-HFNU-2026-LQ,"{""page"":null,""pdf"":""https://zsb.hfnu.edu.cn/__local/9/8B/26/859B739DDE01D7ED903FAFE0645_CA51B13A_18200.pdf"",""row_key"":""动画|合肥师范学院"",""section"":""录取最低分"",""table"":1,""url"":""https://zsb.hfnu.edu.cn/info/1002/3885.htm""}"
SCORE-1fd99847-2871-5e13-8130-7fdcd7a199ea,OFF-36968f67-2082-553e-8754-6252767775ce,2026,normal,first_choice,admission_min_score,four_subject_total,600,208.5,208.5,published_value,,,,true,false,,SRC-HFNU-2026-LQ,"{""page"":null,""pdf"":""https://zsb.hfnu.edu.cn/__local/9/8B/26/859B739DDE01D7ED903FAFE0645_CA51B13A_18200.pdf"",""row_key"":""化学工程与工艺|合肥师范学院"",""section"":""录取最低分"",""table"":1,""url"":""https://zsb.hfnu.edu.cn/info/1002/3885.htm""}"
SCORE-e7f4346a-83ae-5ea3-80c1-a66dc4dcbba5,OFF-36968f67-2082-553e-8754-6252767775ce,2026,retired_soldier_culture_exam_exempt,first_choice,admission_min_score,vocational_assessment,100,63.5,63.5,published_value,,职业适应性或职业技能综合考查,,true,false,,SRC-HFNU-2026-LQ,"{""page"":null,""pdf"":""https://zsb.hfnu.edu.cn/__local/9/8B/26/859B739DDE01D7ED903FAFE0645_CA51B13A_18200.pdf"",""row_key"":""化学工程与工艺|合肥师范学院"",""section"":""录取最低分"",""table"":1,""url"":""https://zsb.hfnu.edu.cn/info/1002/3885.htm""}"
SCORE-300e523b-8c7a-5640-bced-ddd6cdb1b8b2,OFF-36968f67-2082-553e-8754-6252767775ce,2026,retired_soldier_non_exempt,first_choice,admission_min_score,four_subject_total,600,,,blank_in_source,,,,true,false,,SRC-HFNU-2026-LQ,"{""page"":null,""pdf"":""https://zsb.hfnu.edu.cn/__local/9/8B/26/859B739DDE01D7ED903FAFE0645_CA51B13A_18200.pdf"",""row_key"":""化学工程与工艺|合肥师范学院"",""section"":""录取最低分"",""table"":1,""url"":""https://zsb.hfnu.edu.cn/info/1002/3885.htm""}"
SCORE-44e24f3d-5331-5ceb-a7eb-31b75f0dc537,OFF-36968f67-2082-553e-8754-6252767775ce,2026,registered_poor_family,first_choice,admission_min_score,four_subject_total,600,222,222,published_value,,,,true,false,,SRC-HFNU-2026-LQ,"{""page"":null,""pdf"":""https://zsb.hfnu.edu.cn/__local/9/8B/26/859B739DDE01D7ED903FAFE0645_CA51B13A_18200.pdf"",""row_key"":""化学工程与工艺|合肥师范学院"",""section"":""录取最低分"",""table"":1,""url"":""https://zsb.hfnu.edu.cn/info/1002/3885.htm""}"
SCORE-5f1a884b-d0a6-5a06-ad73-5d7222726d1b,OFF-36968f67-2082-553e-8754-6252767775ce,2026,skill_competition,first_choice,interview_score,interview,100,,,blank_in_source,,技能大赛面试,,true,false,,SRC-HFNU-2026-LQ,"{""page"":null,""pdf"":""https://zsb.hfnu.edu.cn/__local/9/8B/26/859B739DDE01D7ED903FAFE0645_CA51B13A_18200.pdf"",""row_key"":""化学工程与工艺|合肥师范学院"",""section"":""录取最低分"",""table"":1,""url"":""https://zsb.hfnu.edu.cn/info/1002/3885.htm""}"
SCORE-7e892dd3-e379-549d-9391-961d5779062c,OFF-a32033ea-d17c-5f12-bb75-9a68fc234b39,2026,normal,first_choice,admission_min_score,four_subject_total,600,342.5,342.5,published_value,,,,true,false,,SRC-HFNU-2026-LQ,"{""page"":null,""pdf"":""https://zsb.hfnu.edu.cn/__local/9/8B/26/859B739DDE01D7ED903FAFE0645_CA51B13A_18200.pdf"",""row_key"":""商务英语|合肥师范学院"",""section"":""录取最低分"",""table"":1,""url"":""https://zsb.hfnu.edu.cn/info/1002/3885.htm""}"
SCORE-278cf0f1-4ad0-5b8f-9532-486574eb4462,OFF-a32033ea-d17c-5f12-bb75-9a68fc234b39,2026,retired_soldier_culture_exam_exempt,first_choice,admission_min_score,vocational_assessment,100,61.5,61.5,published_value,,职业适应性或职业技能综合考查,,true,false,,SRC-HFNU-2026-LQ,"{""page"":null,""pdf"":""https://zsb.hfnu.edu.cn/__local/9/8B/26/859B739DDE01D7ED903FAFE0645_CA51B13A_18200.pdf"",""row_key"":""商务英语|合肥师范学院"",""section"":""录取最低分"",""table"":1,""url"":""https://zsb.hfnu.edu.cn/info/1002/3885.htm""}"
SCORE-6dee98a8-0d46-5ed4-8a0e-679a764f1798,OFF-a32033ea-d17c-5f12-bb75-9a68fc234b39,2026,retired_soldier_non_exempt,first_choice,admission_min_score,four_subject_total,600,,,blank_in_source,,,,true,false,,SRC-HFNU-2026-LQ,"{""page"":null,""pdf"":""https://zsb.hfnu.edu.cn/__local/9/8B/26/859B739DDE01D7ED903FAFE0645_CA51B13A_18200.pdf"",""row_key"":""商务英语|合肥师范学院"",""section"":""录取最低分"",""table"":1,""url"":""https://zsb.hfnu.edu.cn/info/1002/3885.htm""}"
SCORE-a86fa29a-8c98-5307-8450-ec5c25afb181,OFF-a32033ea-d17c-5f12-bb75-9a68fc234b39,2026,registered_poor_family,first_choice,admission_min_score,four_subject_total,600,236.5,236.5,published_value,,,,true,false,,SRC-HFNU-2026-LQ,"{""page"":null,""pdf"":""https://zsb.hfnu.edu.cn/__local/9/8B/26/859B739DDE01D7ED903FAFE0645_CA51B13A_18200.pdf"",""row_key"":""商务英语|合肥师范学院"",""section"":""录取最低分"",""table"":1,""url"":""https://zsb.hfnu.edu.cn/info/1002/3885.htm""}"
SCORE-5afd0be1-2caf-5225-9ab8-3c6644f6bf92,OFF-a32033ea-d17c-5f12-bb75-9a68fc234b39,2026,skill_competition,first_choice,interview_score,interview,100,,,blank_in_source,,技能大赛面试,,true,false,,SRC-HFNU-2026-LQ,"{""page"":null,""pdf"":""https://zsb.hfnu.edu.cn/__local/9/8B/26/859B739DDE01D7ED903FAFE0645_CA51B13A_18200.pdf"",""row_key"":""商务英语|合肥师范学院"",""section"":""录取最低分"",""table"":1,""url"":""https://zsb.hfnu.edu.cn/info/1002/3885.htm""}"
SCORE-111bc046-5c19-5edc-9bf0-53b409380462,OFF-a0a75204-65b8-5059-921f-1534ddbde620,2026,normal,first_choice,admission_min_score,four_subject_total,600,395.5,395.5,published_value,,,师范,true,false,,SRC-HFNU-2026-LQ,"{""page"":null,""pdf"":""https://zsb.hfnu.edu.cn/__local/9/8B/26/859B739DDE01D7ED903FAFE0645_CA51B13A_18200.pdf"",""row_key"":""学前教育|合肥师范学院"",""section"":""录取最低分"",""table"":1,""url"":""https://zsb.hfnu.edu.cn/info/1002/3885.htm""}"
SCORE-89bbb068-860a-5a2d-b37d-25a9376be0c0,OFF-a0a75204-65b8-5059-921f-1534ddbde620,2026,retired_soldier_culture_exam_exempt,first_choice,admission_min_score,vocational_assessment,100,53.5,53.5,published_value,,职业适应性或职业技能综合考查,师范,true,false,,SRC-HFNU-2026-LQ,"{""page"":null,""pdf"":""https://zsb.hfnu.edu.cn/__local/9/8B/26/859B739DDE01D7ED903FAFE0645_CA51B13A_18200.pdf"",""row_key"":""学前教育|合肥师范学院"",""section"":""录取最低分"",""table"":1,""url"":""https://zsb.hfnu.edu.cn/info/1002/3885.htm""}"
SCORE-f6befece-8866-5f9a-9c98-c2887d52b55c,OFF-a0a75204-65b8-5059-921f-1534ddbde620,2026,retired_soldier_non_exempt,first_choice,admission_min_score,four_subject_total,600,,,blank_in_source,,,师范,true,false,,SRC-HFNU-2026-LQ,"{""page"":null,""pdf"":""https://zsb.hfnu.edu.cn/__local/9/8B/26/859B739DDE01D7ED903FAFE0645_CA51B13A_18200.pdf"",""row_key"":""学前教育|合肥师范学院"",""section"":""录取最低分"",""table"":1,""url"":""https://zsb.hfnu.edu.cn/info/1002/3885.htm""}"
SCORE-7b8c2135-65d1-5b70-be0e-da987f5bcb33,OFF-a0a75204-65b8-5059-921f-1534ddbde620,2026,registered_poor_family,first_choice,admission_min_score,four_subject_total,600,287,287,published_value,,,师范,true,false,,SRC-HFNU-2026-LQ,"{""page"":null,""pdf"":""https://zsb.hfnu.edu.cn/__local/9/8B/26/859B739DDE01D7ED903FAFE0645_CA51B13A_18200.pdf"",""row_key"":""学前教育|合肥师范学院"",""section"":""录取最低分"",""table"":1,""url"":""https://zsb.hfnu.edu.cn/info/1002/3885.htm""}"
SCORE-f4b6cfc7-f075-58ca-a9de-fa15a5dff22d,OFF-a0a75204-65b8-5059-921f-1534ddbde620,2026,skill_competition,first_choice,interview_score,interview,100,,,blank_in_source,,技能大赛面试,师范,true,false,,SRC-HFNU-2026-LQ,"{""page"":null,""pdf"":""https://zsb.hfnu.edu.cn/__local/9/8B/26/859B739DDE01D7ED903FAFE0645_CA51B13A_18200.pdf"",""row_key"":""学前教育|合肥师范学院"",""section"":""录取最低分"",""table"":1,""url"":""https://zsb.hfnu.edu.cn/info/1002/3885.htm""}"
SCORE-52484b02-b0de-54e9-a389-34d584b70d02,OFF-f452a414-b935-520d-aa10-04def9d00944,2026,normal,first_choice,admission_min_score,four_subject_total,600,448,448(专业课1:118.5),published_value,"{""tie_break_label_raw"":""专业课1"",""tie_break_metric"":""professional_1"",""tie_break_score"":""118.5""}",,师范;与淮北职业技术学院联合培养,true,false,,SRC-HFNU-2026-LQ,"{""page"":null,""pdf"":""https://zsb.hfnu.edu.cn/__local/9/8B/26/859B739DDE01D7ED903FAFE0645_CA51B13A_18200.pdf"",""row_key"":""小学教育|淮北职业技术学院"",""section"":""录取最低分"",""table"":1,""url"":""https://zsb.hfnu.edu.cn/info/1002/3885.htm""}"
SCORE-c483e646-0388-57c3-830c-67d5d67ffb23,OFF-f452a414-b935-520d-aa10-04def9d00944,2026,retired_soldier_culture_exam_exempt,first_choice,admission_min_score,vocational_assessment,100,57.5,57.5,published_value,,职业适应性或职业技能综合考查,师范;与淮北职业技术学院联合培养,true,false,,SRC-HFNU-2026-LQ,"{""page"":null,""pdf"":""https://zsb.hfnu.edu.cn/__local/9/8B/26/859B739DDE01D7ED903FAFE0645_CA51B13A_18200.pdf"",""row_key"":""小学教育|淮北职业技术学院"",""section"":""录取最低分"",""table"":1,""url"":""https://zsb.hfnu.edu.cn/info/1002/3885.htm""}"
SCORE-4c09ea02-f986-5a02-b9a9-be7cb9006c27,OFF-f452a414-b935-520d-aa10-04def9d00944,2026,retired_soldier_non_exempt,first_choice,admission_min_score,four_subject_total,600,,,blank_in_source,,,师范;与淮北职业技术学院联合培养,true,false,,SRC-HFNU-2026-LQ,"{""page"":null,""pdf"":""https://zsb.hfnu.edu.cn/__local/9/8B/26/859B739DDE01D7ED903FAFE0645_CA51B13A_18200.pdf"",""row_key"":""小学教育|淮北职业技术学院"",""section"":""录取最低分"",""table"":1,""url"":""https://zsb.hfnu.edu.cn/info/1002/3885.htm""}"
SCORE-f6129c83-f41f-5215-9764-29b4e5ec83ef,OFF-f452a414-b935-520d-aa10-04def9d00944,2026,registered_poor_family,first_choice,admission_min_score,four_subject_total,600,446,446,published_value,,,师范;与淮北职业技术学院联合培养,true,false,,SRC-HFNU-2026-LQ,"{""page"":null,""pdf"":""https://zsb.hfnu.edu.cn/__local/9/8B/26/859B739DDE01D7ED903FAFE0645_CA51B13A_18200.pdf"",""row_key"":""小学教育|淮北职业技术学院"",""section"":""录取最低分"",""table"":1,""url"":""https://zsb.hfnu.edu.cn/info/1002/3885.htm""}"
SCORE-3d306f77-1dd0-5b5f-8e92-8b4c7cf15752,OFF-f452a414-b935-520d-aa10-04def9d00944,2026,skill_competition,first_choice,interview_score,interview,100,,,blank_in_source,,技能大赛面试,师范;与淮北职业技术学院联合培养,true,false,,SRC-HFNU-2026-LQ,"{""page"":null,""pdf"":""https://zsb.hfnu.edu.cn/__local/9/8B/26/859B739DDE01D7ED903FAFE0645_CA51B13A_18200.pdf"",""row_key"":""小学教育|淮北职业技术学院"",""section"":""录取最低分"",""table"":1,""url"":""https://zsb.hfnu.edu.cn/info/1002/3885.htm""}"
SCORE-93842665-c2ba-525d-b839-304f5f597572,OFF-4812c188-85b3-520b-ad45-6cb879dea86f,2026,normal,first_choice,admission_min_score,four_subject_total,600,451.5,451.5(专业课1:126),published_value,"{""tie_break_label_raw"":""专业课1"",""tie_break_metric"":""professional_1"",""tie_break_score"":""126""}",,,true,false,,SRC-HFNU-2026-LQ,"{""page"":null,""pdf"":""https://zsb.hfnu.edu.cn/__local/9/8B/26/859B739DDE01D7ED903FAFE0645_CA51B13A_18200.pdf"",""row_key"":""市场营销|合肥师范学院"",""section"":""录取最低分"",""table"":1,""url"":""https://zsb.hfnu.edu.cn/info/1002/3885.htm""}"
SCORE-9fb837db-f5bc-532a-bd65-e4d182a3ea03,OFF-4812c188-85b3-520b-ad45-6cb879dea86f,2026,retired_soldier_culture_exam_exempt,first_choice,admission_min_score,vocational_assessment,100,64,64,published_value,,职业适应性或职业技能综合考查,,true,false,,SRC-HFNU-2026-LQ,"{""page"":null,""pdf"":""https://zsb.hfnu.edu.cn/__local/9/8B/26/859B739DDE01D7ED903FAFE0645_CA51B13A_18200.pdf"",""row_key"":""市场营销|合肥师范学院"",""section"":""录取最低分"",""table"":1,""url"":""https://zsb.hfnu.edu.cn/info/1002/3885.htm""}"
SCORE-3555f751-b566-5aa4-b4bf-20fc5e7acea0,OFF-4812c188-85b3-520b-ad45-6cb879dea86f,2026,retired_soldier_non_exempt,first_choice,admission_min_score,four_subject_total,600,,,blank_in_source,,,,true,false,,SRC-HFNU-2026-LQ,"{""page"":null,""pdf"":""https://zsb.hfnu.edu.cn/__local/9/8B/26/859B739DDE01D7ED903FAFE0645_CA51B13A_18200.pdf"",""row_key"":""市场营销|合肥师范学院"",""section"":""录取最低分"",""table"":1,""url"":""https://zsb.hfnu.edu.cn/info/1002/3885.htm""}"
SCORE-1dc6193d-9540-5610-acfb-3a2909ac539c,OFF-4812c188-85b3-520b-ad45-6cb879dea86f,2026,registered_poor_family,first_choice,admission_min_score,four_subject_total,600,443,443,published_value,,,,true,false,,SRC-HFNU-2026-LQ,"{""page"":null,""pdf"":""https://zsb.hfnu.edu.cn/__local/9/8B/26/859B739DDE01D7ED903FAFE0645_CA51B13A_18200.pdf"",""row_key"":""市场营销|合肥师范学院"",""section"":""录取最低分"",""table"":1,""url"":""https://zsb.hfnu.edu.cn/info/1002/3885.htm""}"
SCORE-54206bfa-371e-5266-98f1-a80c345eb588,OFF-4812c188-85b3-520b-ad45-6cb879dea86f,2026,skill_competition,first_choice,interview_score,interview,100,,,blank_in_source,,技能大赛面试,,true,false,,SRC-HFNU-2026-LQ,"{""page"":null,""pdf"":""https://zsb.hfnu.edu.cn/__local/9/8B/26/859B739DDE01D7ED903FAFE0645_CA51B13A_18200.pdf"",""row_key"":""市场营销|合肥师范学院"",""section"":""录取最低分"",""table"":1,""url"":""https://zsb.hfnu.edu.cn/info/1002/3885.htm""}"
SCORE-09881e75-c313-5b44-900d-7f311093ee6c,OFF-bcf67dd3-ee10-5b16-ac09-42636f865bd0,2026,normal,first_choice,admission_min_score,four_subject_total,600,367,367,published_value,,,,true,false,,SRC-HFNU-2026-LQ,"{""page"":null,""pdf"":""https://zsb.hfnu.edu.cn/__local/9/8B/26/859B739DDE01D7ED903FAFE0645_CA51B13A_18200.pdf"",""row_key"":""新能源材料与器件|合肥师范学院"",""section"":""录取最低分"",""table"":1,""url"":""https://zsb.hfnu.edu.cn/info/1002/3885.htm""}"
SCORE-2831f9cf-f168-5f08-a8b7-574e99fd9319,OFF-bcf67dd3-ee10-5b16-ac09-42636f865bd0,2026,retired_soldier_culture_exam_exempt,first_choice,admission_min_score,vocational_assessment,100,60.5,60.5,published_value,,职业适应性或职业技能综合考查,,true,false,,SRC-HFNU-2026-LQ,"{""page"":null,""pdf"":""https://zsb.hfnu.edu.cn/__local/9/8B/26/859B739DDE01D7ED903FAFE0645_CA51B13A_18200.pdf"",""row_key"":""新能源材料与器件|合肥师范学院"",""section"":""录取最低分"",""table"":1,""url"":""https://zsb.hfnu.edu.cn/info/1002/3885.htm""}"
SCORE-ae823fa6-46b3-5866-b45a-1485a6f26022,OFF-bcf67dd3-ee10-5b16-ac09-42636f865bd0,2026,retired_soldier_non_exempt,first_choice,admission_min_score,four_subject_total,600,,,blank_in_source,,,,true,false,,SRC-HFNU-2026-LQ,"{""page"":null,""pdf"":""https://zsb.hfnu.edu.cn/__local/9/8B/26/859B739DDE01D7ED903FAFE0645_CA51B13A_18200.pdf"",""row_key"":""新能源材料与器件|合肥师范学院"",""section"":""录取最低分"",""table"":1,""url"":""https://zsb.hfnu.edu.cn/info/1002/3885.htm""}"
SCORE-4b283196-80a5-5032-b53e-b613939f789d,OFF-bcf67dd3-ee10-5b16-ac09-42636f865bd0,2026,registered_poor_family,first_choice,admission_min_score,four_subject_total,600,339.5,339.5,published_value,,,,true,false,,SRC-HFNU-2026-LQ,"{""page"":null,""pdf"":""https://zsb.hfnu.edu.cn/__local/9/8B/26/859B739DDE01D7ED903FAFE0645_CA51B13A_18200.pdf"",""row_key"":""新能源材料与器件|合肥师范学院"",""section"":""录取最低分"",""table"":1,""url"":""https://zsb.hfnu.edu.cn/info/1002/3885.htm""}"
SCORE-a30bb68d-5440-554b-b313-37b520d22402,OFF-bcf67dd3-ee10-5b16-ac09-42636f865bd0,2026,skill_competition,first_choice,interview_score,interview,100,,,blank_in_source,,技能大赛面试,,true,false,,SRC-HFNU-2026-LQ,"{""page"":null,""pdf"":""https://zsb.hfnu.edu.cn/__local/9/8B/26/859B739DDE01D7ED903FAFE0645_CA51B13A_18200.pdf"",""row_key"":""新能源材料与器件|合肥师范学院"",""section"":""录取最低分"",""table"":1,""url"":""https://zsb.hfnu.edu.cn/info/1002/3885.htm""}"
SCORE-b9620135-3ad7-5caf-920e-95235f6911a6,OFF-7c49d94d-dcf1-5297-938c-f78353bf9dbe,2026,normal,first_choice,admission_min_score,four_subject_total,600,396.33,396.33,published_value,,,,true,false,,SRC-HFNU-2026-LQ,"{""page"":null,""pdf"":""https://zsb.hfnu.edu.cn/__local/9/8B/26/859B739DDE01D7ED903FAFE0645_CA51B13A_18200.pdf"",""row_key"":""服装与服饰设计|合肥师范学院"",""section"":""录取最低分"",""table"":1,""url"":""https://zsb.hfnu.edu.cn/info/1002/3885.htm""}"
SCORE-deeb8956-c2ac-50a5-9970-78aa3ddd5901,OFF-7c49d94d-dcf1-5297-938c-f78353bf9dbe,2026,retired_soldier_culture_exam_exempt,first_choice,admission_min_score,vocational_assessment,100,,,blank_in_source,,职业适应性或职业技能综合考查,,true,false,,SRC-HFNU-2026-LQ,"{""page"":null,""pdf"":""https://zsb.hfnu.edu.cn/__local/9/8B/26/859B739DDE01D7ED903FAFE0645_CA51B13A_18200.pdf"",""row_key"":""服装与服饰设计|合肥师范学院"",""section"":""录取最低分"",""table"":1,""url"":""https://zsb.hfnu.edu.cn/info/1002/3885.htm""}"
SCORE-fc69facd-e14d-5f4b-9cda-8ab7371bb953,OFF-7c49d94d-dcf1-5297-938c-f78353bf9dbe,2026,retired_soldier_non_exempt,first_choice,admission_min_score,four_subject_total,600,,,blank_in_source,,,,true,false,,SRC-HFNU-2026-LQ,"{""page"":null,""pdf"":""https://zsb.hfnu.edu.cn/__local/9/8B/26/859B739DDE01D7ED903FAFE0645_CA51B13A_18200.pdf"",""row_key"":""服装与服饰设计|合肥师范学院"",""section"":""录取最低分"",""table"":1,""url"":""https://zsb.hfnu.edu.cn/info/1002/3885.htm""}"
SCORE-03aaa4a3-6cbe-589c-88a2-f69f160ef3df,OFF-7c49d94d-dcf1-5297-938c-f78353bf9dbe,2026,registered_poor_family,first_choice,admission_min_score,four_subject_total,600,362,362,published_value,,,,true,false,,SRC-HFNU-2026-LQ,"{""page"":null,""pdf"":""https://zsb.hfnu.edu.cn/__local/9/8B/26/859B739DDE01D7ED903FAFE0645_CA51B13A_18200.pdf"",""row_key"":""服装与服饰设计|合肥师范学院"",""section"":""录取最低分"",""table"":1,""url"":""https://zsb.hfnu.edu.cn/info/1002/3885.htm""}"
SCORE-aedfa091-7478-58f3-a337-68cc0e96b2f9,OFF-7c49d94d-dcf1-5297-938c-f78353bf9dbe,2026,skill_competition,first_choice,interview_score,interview,100,,,blank_in_source,,技能大赛面试,,true,false,,SRC-HFNU-2026-LQ,"{""page"":null,""pdf"":""https://zsb.hfnu.edu.cn/__local/9/8B/26/859B739DDE01D7ED903FAFE0645_CA51B13A_18200.pdf"",""row_key"":""服装与服饰设计|合肥师范学院"",""section"":""录取最低分"",""table"":1,""url"":""https://zsb.hfnu.edu.cn/info/1002/3885.htm""}"
SCORE-c7edc9a2-62fc-587b-a0e1-9ee8679fc65b,OFF-c565073a-48ab-5762-a843-56926b366e8c,2026,normal,first_choice,admission_min_score,four_subject_total,600,407.66,407.66,published_value,,,与马鞍山师范高等专科学校联合培养,true,false,,SRC-HFNU-2026-LQ,"{""page"":null,""pdf"":""https://zsb.hfnu.edu.cn/__local/9/8B/26/859B739DDE01D7ED903FAFE0645_CA51B13A_18200.pdf"",""row_key"":""环境设计|马鞍山师范高等专科学校"",""section"":""录取最低分"",""table"":1,""url"":""https://zsb.hfnu.edu.cn/info/1002/3885.htm""}"
SCORE-e9485c2e-29e8-5ce6-9f42-add4f542fe9e,OFF-c565073a-48ab-5762-a843-56926b366e8c,2026,retired_soldier_culture_exam_exempt,first_choice,admission_min_score,vocational_assessment,100,72.5,72.5,published_value,,职业适应性或职业技能综合考查,与马鞍山师范高等专科学校联合培养,true,false,,SRC-HFNU-2026-LQ,"{""page"":null,""pdf"":""https://zsb.hfnu.edu.cn/__local/9/8B/26/859B739DDE01D7ED903FAFE0645_CA51B13A_18200.pdf"",""row_key"":""环境设计|马鞍山师范高等专科学校"",""section"":""录取最低分"",""table"":1,""url"":""https://zsb.hfnu.edu.cn/info/1002/3885.htm""}"
SCORE-8e764e16-6f2d-5495-a684-9f96736f95ea,OFF-c565073a-48ab-5762-a843-56926b366e8c,2026,retired_soldier_non_exempt,first_choice,admission_min_score,four_subject_total,600,,,blank_in_source,,,与马鞍山师范高等专科学校联合培养,true,false,,SRC-HFNU-2026-LQ,"{""page"":null,""pdf"":""https://zsb.hfnu.edu.cn/__local/9/8B/26/859B739DDE01D7ED903FAFE0645_CA51B13A_18200.pdf"",""row_key"":""环境设计|马鞍山师范高等专科学校"",""section"":""录取最低分"",""table"":1,""url"":""https://zsb.hfnu.edu.cn/info/1002/3885.htm""}"
SCORE-5f96d332-3d8e-5b13-a713-557e08fafac2,OFF-c565073a-48ab-5762-a843-56926b366e8c,2026,registered_poor_family,first_choice,admission_min_score,four_subject_total,600,408.66,408.66,published_value,,,与马鞍山师范高等专科学校联合培养,true,false,,SRC-HFNU-2026-LQ,"{""page"":null,""pdf"":""https://zsb.hfnu.edu.cn/__local/9/8B/26/859B739DDE01D7ED903FAFE0645_CA51B13A_18200.pdf"",""row_key"":""环境设计|马鞍山师范高等专科学校"",""section"":""录取最低分"",""table"":1,""url"":""https://zsb.hfnu.edu.cn/info/1002/3885.htm""}"
SCORE-9b62edbf-7d07-58fe-b990-b73bc1169795,OFF-c565073a-48ab-5762-a843-56926b366e8c,2026,skill_competition,first_choice,interview_score,interview,100,,,blank_in_source,,技能大赛面试,与马鞍山师范高等专科学校联合培养,true,false,,SRC-HFNU-2026-LQ,"{""page"":null,""pdf"":""https://zsb.hfnu.edu.cn/__local/9/8B/26/859B739DDE01D7ED903FAFE0645_CA51B13A_18200.pdf"",""row_key"":""环境设计|马鞍山师范高等专科学校"",""section"":""录取最低分"",""table"":1,""url"":""https://zsb.hfnu.edu.cn/info/1002/3885.htm""}"
SCORE-d36835aa-63d3-58a2-9e23-bb244b30bcf6,OFF-6c4195f9-eb3b-5a10-81b8-a94abecd140f,2026,normal,first_choice,admission_min_score,four_subject_total,600,417,417,published_value,,,,true,false,,SRC-HFNU-2026-LQ,"{""page"":null,""pdf"":""https://zsb.hfnu.edu.cn/__local/9/8B/26/859B739DDE01D7ED903FAFE0645_CA51B13A_18200.pdf"",""row_key"":""生物制药|合肥师范学院"",""section"":""录取最低分"",""table"":1,""url"":""https://zsb.hfnu.edu.cn/info/1002/3885.htm""}"
SCORE-7253b462-8f09-5f50-a27e-a7c8a1102209,OFF-6c4195f9-eb3b-5a10-81b8-a94abecd140f,2026,retired_soldier_culture_exam_exempt,first_choice,admission_min_score,vocational_assessment,100,70.5,70.5,published_value,,职业适应性或职业技能综合考查,,true,false,,SRC-HFNU-2026-LQ,"{""page"":null,""pdf"":""https://zsb.hfnu.edu.cn/__local/9/8B/26/859B739DDE01D7ED903FAFE0645_CA51B13A_18200.pdf"",""row_key"":""生物制药|合肥师范学院"",""section"":""录取最低分"",""table"":1,""url"":""https://zsb.hfnu.edu.cn/info/1002/3885.htm""}"
SCORE-684a225a-b870-5bc5-a3d4-25c065673876,OFF-6c4195f9-eb3b-5a10-81b8-a94abecd140f,2026,retired_soldier_non_exempt,first_choice,admission_min_score,four_subject_total,600,,,blank_in_source,,,,true,false,,SRC-HFNU-2026-LQ,"{""page"":null,""pdf"":""https://zsb.hfnu.edu.cn/__local/9/8B/26/859B739DDE01D7ED903FAFE0645_CA51B13A_18200.pdf"",""row_key"":""生物制药|合肥师范学院"",""section"":""录取最低分"",""table"":1,""url"":""https://zsb.hfnu.edu.cn/info/1002/3885.htm""}"
SCORE-fca3a3fb-61b5-5d5e-a1c1-37a563e11109,OFF-6c4195f9-eb3b-5a10-81b8-a94abecd140f,2026,registered_poor_family,first_choice,admission_min_score,four_subject_total,600,266,266,published_value,,,,true,false,,SRC-HFNU-2026-LQ,"{""page"":null,""pdf"":""https://zsb.hfnu.edu.cn/__local/9/8B/26/859B739DDE01D7ED903FAFE0645_CA51B13A_18200.pdf"",""row_key"":""生物制药|合肥师范学院"",""section"":""录取最低分"",""table"":1,""url"":""https://zsb.hfnu.edu.cn/info/1002/3885.htm""}"
SCORE-7eb888c3-7b41-5979-9e41-c71b081e8964,OFF-6c4195f9-eb3b-5a10-81b8-a94abecd140f,2026,skill_competition,first_choice,interview_score,interview,100,,,blank_in_source,,技能大赛面试,,true,false,,SRC-HFNU-2026-LQ,"{""page"":null,""pdf"":""https://zsb.hfnu.edu.cn/__local/9/8B/26/859B739DDE01D7ED903FAFE0645_CA51B13A_18200.pdf"",""row_key"":""生物制药|合肥师范学院"",""section"":""录取最低分"",""table"":1,""url"":""https://zsb.hfnu.edu.cn/info/1002/3885.htm""}"
SCORE-7d00ec41-0c69-56ca-9d40-2c3a9acac08f,OFF-151e9b32-64e0-53e7-b0e5-503daa63c802,2026,normal,first_choice,admission_min_score,four_subject_total,600,418,418,published_value,,,,true,false,,SRC-HFNU-2026-LQ,"{""page"":null,""pdf"":""https://zsb.hfnu.edu.cn/__local/9/8B/26/859B739DDE01D7ED903FAFE0645_CA51B13A_18200.pdf"",""row_key"":""电子信息工程|合肥师范学院"",""section"":""录取最低分"",""table"":1,""url"":""https://zsb.hfnu.edu.cn/info/1002/3885.htm""}"
SCORE-42a6580c-da8e-5caa-86d7-8a961d6290f8,OFF-151e9b32-64e0-53e7-b0e5-503daa63c802,2026,retired_soldier_culture_exam_exempt,first_choice,admission_min_score,vocational_assessment,100,70,70,published_value,,职业适应性或职业技能综合考查,,true,false,,SRC-HFNU-2026-LQ,"{""page"":null,""pdf"":""https://zsb.hfnu.edu.cn/__local/9/8B/26/859B739DDE01D7ED903FAFE0645_CA51B13A_18200.pdf"",""row_key"":""电子信息工程|合肥师范学院"",""section"":""录取最低分"",""table"":1,""url"":""https://zsb.hfnu.edu.cn/info/1002/3885.htm""}"
SCORE-e4329b1f-5480-519f-9723-eb2e6fa909be,OFF-151e9b32-64e0-53e7-b0e5-503daa63c802,2026,retired_soldier_non_exempt,first_choice,admission_min_score,four_subject_total,600,399,399,published_value,,,,true,false,,SRC-HFNU-2026-LQ,"{""page"":null,""pdf"":""https://zsb.hfnu.edu.cn/__local/9/8B/26/859B739DDE01D7ED903FAFE0645_CA51B13A_18200.pdf"",""row_key"":""电子信息工程|合肥师范学院"",""section"":""录取最低分"",""table"":1,""url"":""https://zsb.hfnu.edu.cn/info/1002/3885.htm""}"
SCORE-bbae53f2-6f6f-5c6f-b23f-837048a7ff3c,OFF-151e9b32-64e0-53e7-b0e5-503daa63c802,2026,registered_poor_family,first_choice,admission_min_score,four_subject_total,600,213,213,published_value,,,,true,false,,SRC-HFNU-2026-LQ,"{""page"":null,""pdf"":""https://zsb.hfnu.edu.cn/__local/9/8B/26/859B739DDE01D7ED903FAFE0645_CA51B13A_18200.pdf"",""row_key"":""电子信息工程|合肥师范学院"",""section"":""录取最低分"",""table"":1,""url"":""https://zsb.hfnu.edu.cn/info/1002/3885.htm""}"
SCORE-8018d1ee-6354-57f6-ae30-377c67b86172,OFF-151e9b32-64e0-53e7-b0e5-503daa63c802,2026,skill_competition,first_choice,interview_score,interview,100,,,blank_in_source,,技能大赛面试,,true,false,,SRC-HFNU-2026-LQ,"{""page"":null,""pdf"":""https://zsb.hfnu.edu.cn/__local/9/8B/26/859B739DDE01D7ED903FAFE0645_CA51B13A_18200.pdf"",""row_key"":""电子信息工程|合肥师范学院"",""section"":""录取最低分"",""table"":1,""url"":""https://zsb.hfnu.edu.cn/info/1002/3885.htm""}"
SCORE-29fd1c09-e98b-5582-8769-ecbecb8a71e1,OFF-18879191-3702-5d84-a8e3-8286c8faaeb2,2026,normal,first_choice,admission_min_score,four_subject_total,600,409.5,409.5,published_value,,,安徽工业经济职业技术学院,true,false,,SRC-HFNU-2026-LQ,"{""page"":null,""pdf"":""https://zsb.hfnu.edu.cn/__local/9/8B/26/859B739DDE01D7ED903FAFE0645_CA51B13A_18200.pdf"",""row_key"":""电气工程及其自动化|安徽工业经济职业技术学院"",""section"":""录取最低分"",""table"":1,""url"":""https://zsb.hfnu.edu.cn/info/1002/3885.htm""}"
SCORE-d3afbe05-0600-52d3-a9d2-4ad42296cbbc,OFF-18879191-3702-5d84-a8e3-8286c8faaeb2,2026,retired_soldier_culture_exam_exempt,first_choice,admission_min_score,vocational_assessment,100,74.5,74.5,published_value,,职业适应性或职业技能综合考查,安徽工业经济职业技术学院,true,false,,SRC-HFNU-2026-LQ,"{""page"":null,""pdf"":""https://zsb.hfnu.edu.cn/__local/9/8B/26/859B739DDE01D7ED903FAFE0645_CA51B13A_18200.pdf"",""row_key"":""电气工程及其自动化|安徽工业经济职业技术学院"",""section"":""录取最低分"",""table"":1,""url"":""https://zsb.hfnu.edu.cn/info/1002/3885.htm""}"
SCORE-76b2e8d6-bb03-52fe-a382-4f346ed011f7,OFF-18879191-3702-5d84-a8e3-8286c8faaeb2,2026,retired_soldier_non_exempt,first_choice,admission_min_score,four_subject_total,600,,,blank_in_source,,,安徽工业经济职业技术学院,true,false,,SRC-HFNU-2026-LQ,"{""page"":null,""pdf"":""https://zsb.hfnu.edu.cn/__local/9/8B/26/859B739DDE01D7ED903FAFE0645_CA51B13A_18200.pdf"",""row_key"":""电气工程及其自动化|安徽工业经济职业技术学院"",""section"":""录取最低分"",""table"":1,""url"":""https://zsb.hfnu.edu.cn/info/1002/3885.htm""}"
SCORE-128f78f5-5b93-5021-bb96-4a5b468cb77e,OFF-18879191-3702-5d84-a8e3-8286c8faaeb2,2026,registered_poor_family,first_choice,admission_min_score,four_subject_total,600,302.5,302.5,published_value,,,安徽工业经济职业技术学院,true,false,,SRC-HFNU-2026-LQ,"{""page"":null,""pdf"":""https://zsb.hfnu.edu.cn/__local/9/8B/26/859B739DDE01D7ED903FAFE0645_CA51B13A_18200.pdf"",""row_key"":""电气工程及其自动化|安徽工业经济职业技术学院"",""section"":""录取最低分"",""table"":1,""url"":""https://zsb.hfnu.edu.cn/info/1002/3885.htm""}"
SCORE-69272769-0e4f-5108-9d89-57b8ebfb2668,OFF-18879191-3702-5d84-a8e3-8286c8faaeb2,2026,skill_competition,first_choice,interview_score,interview,100,,,blank_in_source,,技能大赛面试,安徽工业经济职业技术学院,true,false,,SRC-HFNU-2026-LQ,"{""page"":null,""pdf"":""https://zsb.hfnu.edu.cn/__local/9/8B/26/859B739DDE01D7ED903FAFE0645_CA51B13A_18200.pdf"",""row_key"":""电气工程及其自动化|安徽工业经济职业技术学院"",""section"":""录取最低分"",""table"":1,""url"":""https://zsb.hfnu.edu.cn/info/1002/3885.htm""}"
SCORE-1abe1393-a393-5a93-b9d3-baba204b88af,OFF-8c6b080e-243d-5459-9ef3-449fbb1c6365,2026,normal,first_choice,admission_min_score,four_subject_total,600,455,455(专业课1:142),published_value,"{""tie_break_label_raw"":""专业课1"",""tie_break_metric"":""professional_1"",""tie_break_score"":""142""}",,与淮北职业技术学院联合培养,true,false,,SRC-HFNU-2026-LQ,"{""page"":null,""pdf"":""https://zsb.hfnu.edu.cn/__local/9/8B/26/859B739DDE01D7ED903FAFE0645_CA51B13A_18200.pdf"",""row_key"":""电气工程及其自动化|淮北职业技术学院"",""section"":""录取最低分"",""table"":1,""url"":""https://zsb.hfnu.edu.cn/info/1002/3885.htm""}"
SCORE-f79cc8e9-a24b-536b-a036-5310d6c9d94a,OFF-8c6b080e-243d-5459-9ef3-449fbb1c6365,2026,retired_soldier_culture_exam_exempt,first_choice,admission_min_score,vocational_assessment,100,,,blank_in_source,,职业适应性或职业技能综合考查,与淮北职业技术学院联合培养,true,false,,SRC-HFNU-2026-LQ,"{""page"":null,""pdf"":""https://zsb.hfnu.edu.cn/__local/9/8B/26/859B739DDE01D7ED903FAFE0645_CA51B13A_18200.pdf"",""row_key"":""电气工程及其自动化|淮北职业技术学院"",""section"":""录取最低分"",""table"":1,""url"":""https://zsb.hfnu.edu.cn/info/1002/3885.htm""}"
SCORE-54ed8c52-7f91-5b67-872e-81c76f01a4b2,OFF-8c6b080e-243d-5459-9ef3-449fbb1c6365,2026,retired_soldier_non_exempt,first_choice,admission_min_score,four_subject_total,600,,,blank_in_source,,,与淮北职业技术学院联合培养,true,false,,SRC-HFNU-2026-LQ,"{""page"":null,""pdf"":""https://zsb.hfnu.edu.cn/__local/9/8B/26/859B739DDE01D7ED903FAFE0645_CA51B13A_18200.pdf"",""row_key"":""电气工程及其自动化|淮北职业技术学院"",""section"":""录取最低分"",""table"":1,""url"":""https://zsb.hfnu.edu.cn/info/1002/3885.htm""}"
SCORE-6d157be4-1417-5783-a45a-25c32a9b8a6c,OFF-8c6b080e-243d-5459-9ef3-449fbb1c6365,2026,registered_poor_family,first_choice,admission_min_score,four_subject_total,600,249.5,249.5,published_value,,,与淮北职业技术学院联合培养,true,false,,SRC-HFNU-2026-LQ,"{""page"":null,""pdf"":""https://zsb.hfnu.edu.cn/__local/9/8B/26/859B739DDE01D7ED903FAFE0645_CA51B13A_18200.pdf"",""row_key"":""电气工程及其自动化|淮北职业技术学院"",""section"":""录取最低分"",""table"":1,""url"":""https://zsb.hfnu.edu.cn/info/1002/3885.htm""}"
SCORE-45158424-0b07-5f6c-8233-44c4169ec4c7,OFF-8c6b080e-243d-5459-9ef3-449fbb1c6365,2026,skill_competition,first_choice,interview_score,interview,100,,,blank_in_source,,技能大赛面试,与淮北职业技术学院联合培养,true,false,,SRC-HFNU-2026-LQ,"{""page"":null,""pdf"":""https://zsb.hfnu.edu.cn/__local/9/8B/26/859B739DDE01D7ED903FAFE0645_CA51B13A_18200.pdf"",""row_key"":""电气工程及其自动化|淮北职业技术学院"",""section"":""录取最低分"",""table"":1,""url"":""https://zsb.hfnu.edu.cn/info/1002/3885.htm""}"
SCORE-45497065-026b-57c9-bb6f-3b2dd1b0c59d,OFF-0f51ed51-145c-57bd-916a-08d750831d2a,2026,normal,first_choice,admission_min_score,four_subject_total,600,378,378,published_value,,,,true,false,,SRC-HFNU-2026-LQ,"{""page"":null,""pdf"":""https://zsb.hfnu.edu.cn/__local/9/8B/26/859B739DDE01D7ED903FAFE0645_CA51B13A_18200.pdf"",""row_key"":""经济统计学|合肥师范学院"",""section"":""录取最低分"",""table"":1,""url"":""https://zsb.hfnu.edu.cn/info/1002/3885.htm""}"
SCORE-4bf6382d-3ab8-5b4a-b2b8-15f401f46f9c,OFF-0f51ed51-145c-57bd-916a-08d750831d2a,2026,retired_soldier_culture_exam_exempt,first_choice,admission_min_score,vocational_assessment,100,57,57(素质39),published_value,"{""tie_break_label_raw"":""素质"",""tie_break_metric"":""quality_assessment"",""tie_break_score"":""39""}",职业适应性或职业技能综合考查,,true,false,,SRC-HFNU-2026-LQ,"{""page"":null,""pdf"":""https://zsb.hfnu.edu.cn/__local/9/8B/26/859B739DDE01D7ED903FAFE0645_CA51B13A_18200.pdf"",""row_key"":""经济统计学|合肥师范学院"",""section"":""录取最低分"",""table"":1,""url"":""https://zsb.hfnu.edu.cn/info/1002/3885.htm""}"
SCORE-412ac9ca-62ec-54f9-8591-98b483db300b,OFF-0f51ed51-145c-57bd-916a-08d750831d2a,2026,retired_soldier_non_exempt,first_choice,admission_min_score,four_subject_total,600,,,blank_in_source,,,,true,false,,SRC-HFNU-2026-LQ,"{""page"":null,""pdf"":""https://zsb.hfnu.edu.cn/__local/9/8B/26/859B739DDE01D7ED903FAFE0645_CA51B13A_18200.pdf"",""row_key"":""经济统计学|合肥师范学院"",""section"":""录取最低分"",""table"":1,""url"":""https://zsb.hfnu.edu.cn/info/1002/3885.htm""}"
SCORE-e6608e64-72a0-53d7-9b7b-2a211eb73ae9,OFF-0f51ed51-145c-57bd-916a-08d750831d2a,2026,registered_poor_family,first_choice,admission_min_score,four_subject_total,600,362,362,published_value,,,,true,false,,SRC-HFNU-2026-LQ,"{""page"":null,""pdf"":""https://zsb.hfnu.edu.cn/__local/9/8B/26/859B739DDE01D7ED903FAFE0645_CA51B13A_18200.pdf"",""row_key"":""经济统计学|合肥师范学院"",""section"":""录取最低分"",""table"":1,""url"":""https://zsb.hfnu.edu.cn/info/1002/3885.htm""}"
SCORE-4bd147f2-c7b9-537f-a861-4d8e669d88b3,OFF-0f51ed51-145c-57bd-916a-08d750831d2a,2026,skill_competition,first_choice,interview_score,interview,100,,,blank_in_source,,技能大赛面试,,true,false,,SRC-HFNU-2026-LQ,"{""page"":null,""pdf"":""https://zsb.hfnu.edu.cn/__local/9/8B/26/859B739DDE01D7ED903FAFE0645_CA51B13A_18200.pdf"",""row_key"":""经济统计学|合肥师范学院"",""section"":""录取最低分"",""table"":1,""url"":""https://zsb.hfnu.edu.cn/info/1002/3885.htm""}"
SCORE-d12403b8-9cc1-505d-9557-546788742c28,OFF-89dca1c2-dc14-5f81-85c6-c52e75766c57,2026,normal,first_choice,admission_min_score,four_subject_total,600,443,443,published_value,,,,true,false,,SRC-HFNU-2026-LQ,"{""page"":null,""pdf"":""https://zsb.hfnu.edu.cn/__local/9/8B/26/859B739DDE01D7ED903FAFE0645_CA51B13A_18200.pdf"",""row_key"":""网络与新媒体|合肥师范学院"",""section"":""录取最低分"",""table"":1,""url"":""https://zsb.hfnu.edu.cn/info/1002/3885.htm""}"
SCORE-4b818bb4-150e-5b00-a1fe-c8ce090745df,OFF-89dca1c2-dc14-5f81-85c6-c52e75766c57,2026,retired_soldier_culture_exam_exempt,first_choice,admission_min_score,vocational_assessment,100,60,60,published_value,,职业适应性或职业技能综合考查,,true,false,,SRC-HFNU-2026-LQ,"{""page"":null,""pdf"":""https://zsb.hfnu.edu.cn/__local/9/8B/26/859B739DDE01D7ED903FAFE0645_CA51B13A_18200.pdf"",""row_key"":""网络与新媒体|合肥师范学院"",""section"":""录取最低分"",""table"":1,""url"":""https://zsb.hfnu.edu.cn/info/1002/3885.htm""}"
SCORE-6bb1a568-7799-5767-8b5c-1d33e2ecd1de,OFF-89dca1c2-dc14-5f81-85c6-c52e75766c57,2026,retired_soldier_non_exempt,first_choice,admission_min_score,four_subject_total,600,,,blank_in_source,,,,true,false,,SRC-HFNU-2026-LQ,"{""page"":null,""pdf"":""https://zsb.hfnu.edu.cn/__local/9/8B/26/859B739DDE01D7ED903FAFE0645_CA51B13A_18200.pdf"",""row_key"":""网络与新媒体|合肥师范学院"",""section"":""录取最低分"",""table"":1,""url"":""https://zsb.hfnu.edu.cn/info/1002/3885.htm""}"
SCORE-00444264-6478-5516-8e77-582aec9fad78,OFF-89dca1c2-dc14-5f81-85c6-c52e75766c57,2026,registered_poor_family,first_choice,admission_min_score,four_subject_total,600,428.5,428.5,published_value,,,,true,false,,SRC-HFNU-2026-LQ,"{""page"":null,""pdf"":""https://zsb.hfnu.edu.cn/__local/9/8B/26/859B739DDE01D7ED903FAFE0645_CA51B13A_18200.pdf"",""row_key"":""网络与新媒体|合肥师范学院"",""section"":""录取最低分"",""table"":1,""url"":""https://zsb.hfnu.edu.cn/info/1002/3885.htm""}"
SCORE-7ac9879c-6f30-5510-8a80-15bee7430c19,OFF-89dca1c2-dc14-5f81-85c6-c52e75766c57,2026,skill_competition,first_choice,interview_score,interview,100,,,blank_in_source,,技能大赛面试,,true,false,,SRC-HFNU-2026-LQ,"{""page"":null,""pdf"":""https://zsb.hfnu.edu.cn/__local/9/8B/26/859B739DDE01D7ED903FAFE0645_CA51B13A_18200.pdf"",""row_key"":""网络与新媒体|合肥师范学院"",""section"":""录取最低分"",""table"":1,""url"":""https://zsb.hfnu.edu.cn/info/1002/3885.htm""}"
SCORE-a3d3ac0f-edf8-5ead-bb91-f8874d33e333,OFF-cf7e9b8f-93e4-5c83-bac4-774a8f40294f,2026,normal,first_choice,admission_min_score,four_subject_total,600,467.5,467.5,published_value,,,安徽工业经济职业技术学院,true,false,,SRC-HFNU-2026-LQ,"{""page"":null,""pdf"":""https://zsb.hfnu.edu.cn/__local/9/8B/26/859B739DDE01D7ED903FAFE0645_CA51B13A_18200.pdf"",""row_key"":""网络工程|安徽工业经济职业技术学院"",""section"":""录取最低分"",""table"":1,""url"":""https://zsb.hfnu.edu.cn/info/1002/3885.htm""}"
SCORE-0c5ae7f8-bcf3-5245-b356-3b8bfb2b147b,OFF-cf7e9b8f-93e4-5c83-bac4-774a8f40294f,2026,retired_soldier_culture_exam_exempt,first_choice,admission_min_score,vocational_assessment,100,75,75,published_value,,职业适应性或职业技能综合考查,安徽工业经济职业技术学院,true,false,,SRC-HFNU-2026-LQ,"{""page"":null,""pdf"":""https://zsb.hfnu.edu.cn/__local/9/8B/26/859B739DDE01D7ED903FAFE0645_CA51B13A_18200.pdf"",""row_key"":""网络工程|安徽工业经济职业技术学院"",""section"":""录取最低分"",""table"":1,""url"":""https://zsb.hfnu.edu.cn/info/1002/3885.htm""}"
SCORE-4ab50738-05e1-5153-84ec-38012c415c36,OFF-cf7e9b8f-93e4-5c83-bac4-774a8f40294f,2026,retired_soldier_non_exempt,first_choice,admission_min_score,four_subject_total,600,,,blank_in_source,,,安徽工业经济职业技术学院,true,false,,SRC-HFNU-2026-LQ,"{""page"":null,""pdf"":""https://zsb.hfnu.edu.cn/__local/9/8B/26/859B739DDE01D7ED903FAFE0645_CA51B13A_18200.pdf"",""row_key"":""网络工程|安徽工业经济职业技术学院"",""section"":""录取最低分"",""table"":1,""url"":""https://zsb.hfnu.edu.cn/info/1002/3885.htm""}"
SCORE-d438f459-587c-5dab-9f11-348880996bb5,OFF-cf7e9b8f-93e4-5c83-bac4-774a8f40294f,2026,registered_poor_family,first_choice,admission_min_score,four_subject_total,600,409.5,409.5,published_value,,,安徽工业经济职业技术学院,true,false,,SRC-HFNU-2026-LQ,"{""page"":null,""pdf"":""https://zsb.hfnu.edu.cn/__local/9/8B/26/859B739DDE01D7ED903FAFE0645_CA51B13A_18200.pdf"",""row_key"":""网络工程|安徽工业经济职业技术学院"",""section"":""录取最低分"",""table"":1,""url"":""https://zsb.hfnu.edu.cn/info/1002/3885.htm""}"
SCORE-93dd1f25-7034-528a-a7ee-b38da04ef9de,OFF-cf7e9b8f-93e4-5c83-bac4-774a8f40294f,2026,skill_competition,first_choice,interview_score,interview,100,,,blank_in_source,,技能大赛面试,安徽工业经济职业技术学院,true,false,,SRC-HFNU-2026-LQ,"{""page"":null,""pdf"":""https://zsb.hfnu.edu.cn/__local/9/8B/26/859B739DDE01D7ED903FAFE0645_CA51B13A_18200.pdf"",""row_key"":""网络工程|安徽工业经济职业技术学院"",""section"":""录取最低分"",""table"":1,""url"":""https://zsb.hfnu.edu.cn/info/1002/3885.htm""}"
SCORE-26660510-7488-5886-9426-c7f4a50f7d53,OFF-5532447a-b352-52ad-b96f-6d25f7a71506,2026,normal,first_choice,admission_min_score,four_subject_total,600,301.5,301.5,published_value,,,,true,false,,SRC-HFNU-2026-LQ,"{""page"":null,""pdf"":""https://zsb.hfnu.edu.cn/__local/9/8B/26/859B739DDE01D7ED903FAFE0645_CA51B13A_18200.pdf"",""row_key"":""药物制剂|合肥师范学院"",""section"":""录取最低分"",""table"":1,""url"":""https://zsb.hfnu.edu.cn/info/1002/3885.htm""}"
SCORE-0f906523-404d-5b0f-9887-6c2241ceb5e5,OFF-5532447a-b352-52ad-b96f-6d25f7a71506,2026,retired_soldier_culture_exam_exempt,first_choice,admission_min_score,vocational_assessment,100,51.5,51.5,published_value,,职业适应性或职业技能综合考查,,true,false,,SRC-HFNU-2026-LQ,"{""page"":null,""pdf"":""https://zsb.hfnu.edu.cn/__local/9/8B/26/859B739DDE01D7ED903FAFE0645_CA51B13A_18200.pdf"",""row_key"":""药物制剂|合肥师范学院"",""section"":""录取最低分"",""table"":1,""url"":""https://zsb.hfnu.edu.cn/info/1002/3885.htm""}"
SCORE-75d61192-f407-5c4d-b977-f7c00e83db81,OFF-5532447a-b352-52ad-b96f-6d25f7a71506,2026,retired_soldier_non_exempt,first_choice,admission_min_score,four_subject_total,600,,,blank_in_source,,,,true,false,,SRC-HFNU-2026-LQ,"{""page"":null,""pdf"":""https://zsb.hfnu.edu.cn/__local/9/8B/26/859B739DDE01D7ED903FAFE0645_CA51B13A_18200.pdf"",""row_key"":""药物制剂|合肥师范学院"",""section"":""录取最低分"",""table"":1,""url"":""https://zsb.hfnu.edu.cn/info/1002/3885.htm""}"
SCORE-84b1c76f-525f-5b23-9a81-eed984957b94,OFF-5532447a-b352-52ad-b96f-6d25f7a71506,2026,registered_poor_family,first_choice,admission_min_score,four_subject_total,600,179.5,179.5,published_value,,,,true,false,,SRC-HFNU-2026-LQ,"{""page"":null,""pdf"":""https://zsb.hfnu.edu.cn/__local/9/8B/26/859B739DDE01D7ED903FAFE0645_CA51B13A_18200.pdf"",""row_key"":""药物制剂|合肥师范学院"",""section"":""录取最低分"",""table"":1,""url"":""https://zsb.hfnu.edu.cn/info/1002/3885.htm""}"
SCORE-66980f57-7774-53d6-8292-3587a0a657f2,OFF-5532447a-b352-52ad-b96f-6d25f7a71506,2026,skill_competition,first_choice,interview_score,interview,100,,,blank_in_source,,技能大赛面试,,true,false,,SRC-HFNU-2026-LQ,"{""page"":null,""pdf"":""https://zsb.hfnu.edu.cn/__local/9/8B/26/859B739DDE01D7ED903FAFE0645_CA51B13A_18200.pdf"",""row_key"":""药物制剂|合肥师范学院"",""section"":""录取最低分"",""table"":1,""url"":""https://zsb.hfnu.edu.cn/info/1002/3885.htm""}"
SCORE-17d2b48e-f60b-5833-a767-f484d817c35c,OFF-09dac911-ccf0-5ae1-8365-5aaf4d660be4,2026,normal,first_choice,admission_min_score,four_subject_total,600,440,440,published_value,,,,true,false,,SRC-HFNU-2026-LQ,"{""page"":null,""pdf"":""https://zsb.hfnu.edu.cn/__local/9/8B/26/859B739DDE01D7ED903FAFE0645_CA51B13A_18200.pdf"",""row_key"":""视觉传达设计|合肥师范学院"",""section"":""录取最低分"",""table"":1,""url"":""https://zsb.hfnu.edu.cn/info/1002/3885.htm""}"
SCORE-04f68beb-42f2-55af-9c15-4396d825ccd1,OFF-09dac911-ccf0-5ae1-8365-5aaf4d660be4,2026,retired_soldier_culture_exam_exempt,first_choice,admission_min_score,vocational_assessment,100,80,80,published_value,,职业适应性或职业技能综合考查,,true,false,,SRC-HFNU-2026-LQ,"{""page"":null,""pdf"":""https://zsb.hfnu.edu.cn/__local/9/8B/26/859B739DDE01D7ED903FAFE0645_CA51B13A_18200.pdf"",""row_key"":""视觉传达设计|合肥师范学院"",""section"":""录取最低分"",""table"":1,""url"":""https://zsb.hfnu.edu.cn/info/1002/3885.htm""}"
SCORE-42645e7a-3b42-51a2-aacf-2708b81c54d4,OFF-09dac911-ccf0-5ae1-8365-5aaf4d660be4,2026,retired_soldier_non_exempt,first_choice,admission_min_score,four_subject_total,600,,,blank_in_source,,,,true,false,,SRC-HFNU-2026-LQ,"{""page"":null,""pdf"":""https://zsb.hfnu.edu.cn/__local/9/8B/26/859B739DDE01D7ED903FAFE0645_CA51B13A_18200.pdf"",""row_key"":""视觉传达设计|合肥师范学院"",""section"":""录取最低分"",""table"":1,""url"":""https://zsb.hfnu.edu.cn/info/1002/3885.htm""}"
SCORE-4e0b6d6f-0f7c-5d0c-ad9b-2142e9d55513,OFF-09dac911-ccf0-5ae1-8365-5aaf4d660be4,2026,registered_poor_family,first_choice,admission_min_score,four_subject_total,600,409.66,409.66,published_value,,,,true,false,,SRC-HFNU-2026-LQ,"{""page"":null,""pdf"":""https://zsb.hfnu.edu.cn/__local/9/8B/26/859B739DDE01D7ED903FAFE0645_CA51B13A_18200.pdf"",""row_key"":""视觉传达设计|合肥师范学院"",""section"":""录取最低分"",""table"":1,""url"":""https://zsb.hfnu.edu.cn/info/1002/3885.htm""}"
SCORE-7856b482-2f3e-5d74-aefd-139f1ab1f30d,OFF-09dac911-ccf0-5ae1-8365-5aaf4d660be4,2026,skill_competition,first_choice,interview_score,interview,100,,,blank_in_source,,技能大赛面试,,true,false,,SRC-HFNU-2026-LQ,"{""page"":null,""pdf"":""https://zsb.hfnu.edu.cn/__local/9/8B/26/859B739DDE01D7ED903FAFE0645_CA51B13A_18200.pdf"",""row_key"":""视觉传达设计|合肥师范学院"",""section"":""录取最低分"",""table"":1,""url"":""https://zsb.hfnu.edu.cn/info/1002/3885.htm""}"
SCORE-530936ca-8aaa-5bb3-94c0-b4ee985eba90,OFF-5c47fd31-3b5d-5286-940d-97de923e61ff,2026,normal,first_choice,admission_min_score,four_subject_total,600,437,437,published_value,,,安徽工业经济职业技术学院,true,false,,SRC-HFNU-2026-LQ,"{""page"":null,""pdf"":""https://zsb.hfnu.edu.cn/__local/9/8B/26/859B739DDE01D7ED903FAFE0645_CA51B13A_18200.pdf"",""row_key"":""计算机科学与技术|安徽工业经济职业技术学院"",""section"":""录取最低分"",""table"":1,""url"":""https://zsb.hfnu.edu.cn/info/1002/3885.htm""}"
SCORE-de2005f4-26a5-557c-b45e-567a7373c49c,OFF-5c47fd31-3b5d-5286-940d-97de923e61ff,2026,retired_soldier_culture_exam_exempt,first_choice,admission_min_score,vocational_assessment,100,63,63,published_value,,职业适应性或职业技能综合考查,安徽工业经济职业技术学院,true,false,,SRC-HFNU-2026-LQ,"{""page"":null,""pdf"":""https://zsb.hfnu.edu.cn/__local/9/8B/26/859B739DDE01D7ED903FAFE0645_CA51B13A_18200.pdf"",""row_key"":""计算机科学与技术|安徽工业经济职业技术学院"",""section"":""录取最低分"",""table"":1,""url"":""https://zsb.hfnu.edu.cn/info/1002/3885.htm""}"
SCORE-b442c3d8-1c61-50ad-a33c-f090eb2d2f97,OFF-5c47fd31-3b5d-5286-940d-97de923e61ff,2026,retired_soldier_non_exempt,first_choice,admission_min_score,four_subject_total,600,,,blank_in_source,,,安徽工业经济职业技术学院,true,false,,SRC-HFNU-2026-LQ,"{""page"":null,""pdf"":""https://zsb.hfnu.edu.cn/__local/9/8B/26/859B739DDE01D7ED903FAFE0645_CA51B13A_18200.pdf"",""row_key"":""计算机科学与技术|安徽工业经济职业技术学院"",""section"":""录取最低分"",""table"":1,""url"":""https://zsb.hfnu.edu.cn/info/1002/3885.htm""}"
SCORE-1a09fc89-5a0c-58fc-b9c4-a59b91d1cf43,OFF-5c47fd31-3b5d-5286-940d-97de923e61ff,2026,registered_poor_family,first_choice,admission_min_score,four_subject_total,600,407,407,published_value,,,安徽工业经济职业技术学院,true,false,,SRC-HFNU-2026-LQ,"{""page"":null,""pdf"":""https://zsb.hfnu.edu.cn/__local/9/8B/26/859B739DDE01D7ED903FAFE0645_CA51B13A_18200.pdf"",""row_key"":""计算机科学与技术|安徽工业经济职业技术学院"",""section"":""录取最低分"",""table"":1,""url"":""https://zsb.hfnu.edu.cn/info/1002/3885.htm""}"
SCORE-7223b5d6-c85b-5be8-b2d6-d624b72689b4,OFF-5c47fd31-3b5d-5286-940d-97de923e61ff,2026,skill_competition,first_choice,interview_score,interview,100,,,blank_in_source,,技能大赛面试,安徽工业经济职业技术学院,true,false,,SRC-HFNU-2026-LQ,"{""page"":null,""pdf"":""https://zsb.hfnu.edu.cn/__local/9/8B/26/859B739DDE01D7ED903FAFE0645_CA51B13A_18200.pdf"",""row_key"":""计算机科学与技术|安徽工业经济职业技术学院"",""section"":""录取最低分"",""table"":1,""url"":""https://zsb.hfnu.edu.cn/info/1002/3885.htm""}"
SCORE-a80b1c6f-4374-53cf-bf00-3ba8f8eb8c70,OFF-b37f2332-c2b6-5a0c-b24a-a1e9c0f2f797,2026,normal,first_choice,admission_min_score,four_subject_total,600,405,405,published_value,,,与马鞍山师范高等专科学校联合培养,true,false,,SRC-HFNU-2026-LQ,"{""page"":null,""pdf"":""https://zsb.hfnu.edu.cn/__local/9/8B/26/859B739DDE01D7ED903FAFE0645_CA51B13A_18200.pdf"",""row_key"":""计算机科学与技术|马鞍山师范高等专科学校"",""section"":""录取最低分"",""table"":1,""url"":""https://zsb.hfnu.edu.cn/info/1002/3885.htm""}"
SCORE-941f2b05-7d5c-5f93-838d-35eaf9902f92,OFF-b37f2332-c2b6-5a0c-b24a-a1e9c0f2f797,2026,retired_soldier_culture_exam_exempt,first_choice,admission_min_score,vocational_assessment,100,61,61,published_value,,职业适应性或职业技能综合考查,与马鞍山师范高等专科学校联合培养,true,false,,SRC-HFNU-2026-LQ,"{""page"":null,""pdf"":""https://zsb.hfnu.edu.cn/__local/9/8B/26/859B739DDE01D7ED903FAFE0645_CA51B13A_18200.pdf"",""row_key"":""计算机科学与技术|马鞍山师范高等专科学校"",""section"":""录取最低分"",""table"":1,""url"":""https://zsb.hfnu.edu.cn/info/1002/3885.htm""}"
SCORE-473aef86-f8c0-5f70-93a2-c121990d40e9,OFF-b37f2332-c2b6-5a0c-b24a-a1e9c0f2f797,2026,retired_soldier_non_exempt,first_choice,admission_min_score,four_subject_total,600,,,blank_in_source,,,与马鞍山师范高等专科学校联合培养,true,false,,SRC-HFNU-2026-LQ,"{""page"":null,""pdf"":""https://zsb.hfnu.edu.cn/__local/9/8B/26/859B739DDE01D7ED903FAFE0645_CA51B13A_18200.pdf"",""row_key"":""计算机科学与技术|马鞍山师范高等专科学校"",""section"":""录取最低分"",""table"":1,""url"":""https://zsb.hfnu.edu.cn/info/1002/3885.htm""}"
SCORE-78a74025-b87f-5477-955b-eb7e13fba80f,OFF-b37f2332-c2b6-5a0c-b24a-a1e9c0f2f797,2026,registered_poor_family,first_choice,admission_min_score,four_subject_total,600,262,262,published_value,,,与马鞍山师范高等专科学校联合培养,true,false,,SRC-HFNU-2026-LQ,"{""page"":null,""pdf"":""https://zsb.hfnu.edu.cn/__local/9/8B/26/859B739DDE01D7ED903FAFE0645_CA51B13A_18200.pdf"",""row_key"":""计算机科学与技术|马鞍山师范高等专科学校"",""section"":""录取最低分"",""table"":1,""url"":""https://zsb.hfnu.edu.cn/info/1002/3885.htm""}"
SCORE-c6a6474b-4d42-5646-963c-f5099c53533b,OFF-b37f2332-c2b6-5a0c-b24a-a1e9c0f2f797,2026,skill_competition,first_choice,interview_score,interview,100,,,blank_in_source,,技能大赛面试,与马鞍山师范高等专科学校联合培养,true,false,,SRC-HFNU-2026-LQ,"{""page"":null,""pdf"":""https://zsb.hfnu.edu.cn/__local/9/8B/26/859B739DDE01D7ED903FAFE0645_CA51B13A_18200.pdf"",""row_key"":""计算机科学与技术|马鞍山师范高等专科学校"",""section"":""录取最低分"",""table"":1,""url"":""https://zsb.hfnu.edu.cn/info/1002/3885.htm""}"
SCORE-daff48f2-5f12-5cdf-a931-690325604067,OFF-ba0cd868-eef6-5b9d-a98b-2a9e60700b49,2026,normal,first_choice,admission_min_score,four_subject_total,600,442,442(专业课1:133),published_value,"{""tie_break_label_raw"":""专业课1"",""tie_break_metric"":""professional_1"",""tie_break_score"":""133""}",,与安徽工业经济职业技术学院联合培养,true,false,,SRC-HFNU-2026-LQ,"{""page"":null,""pdf"":""https://zsb.hfnu.edu.cn/__local/9/8B/26/859B739DDE01D7ED903FAFE0645_CA51B13A_18200.pdf"",""row_key"":""财务管理|安徽工业经济职业技术学院"",""section"":""录取最低分"",""table"":1,""url"":""https://zsb.hfnu.edu.cn/info/1002/3885.htm""}"
SCORE-1966c700-b844-54d0-823d-745600fcf828,OFF-ba0cd868-eef6-5b9d-a98b-2a9e60700b49,2026,retired_soldier_culture_exam_exempt,first_choice,admission_min_score,vocational_assessment,100,74.5,74.5,published_value,,职业适应性或职业技能综合考查,与安徽工业经济职业技术学院联合培养,true,false,,SRC-HFNU-2026-LQ,"{""page"":null,""pdf"":""https://zsb.hfnu.edu.cn/__local/9/8B/26/859B739DDE01D7ED903FAFE0645_CA51B13A_18200.pdf"",""row_key"":""财务管理|安徽工业经济职业技术学院"",""section"":""录取最低分"",""table"":1,""url"":""https://zsb.hfnu.edu.cn/info/1002/3885.htm""}"
SCORE-3198d09e-aca8-508e-bda0-137fa1850578,OFF-ba0cd868-eef6-5b9d-a98b-2a9e60700b49,2026,retired_soldier_non_exempt,first_choice,admission_min_score,four_subject_total,600,,,blank_in_source,,,与安徽工业经济职业技术学院联合培养,true,false,,SRC-HFNU-2026-LQ,"{""page"":null,""pdf"":""https://zsb.hfnu.edu.cn/__local/9/8B/26/859B739DDE01D7ED903FAFE0645_CA51B13A_18200.pdf"",""row_key"":""财务管理|安徽工业经济职业技术学院"",""section"":""录取最低分"",""table"":1,""url"":""https://zsb.hfnu.edu.cn/info/1002/3885.htm""}"
SCORE-22fa336f-253b-51ad-9e5e-c1b694f7fb1d,OFF-ba0cd868-eef6-5b9d-a98b-2a9e60700b49,2026,registered_poor_family,first_choice,admission_min_score,four_subject_total,600,252.5,252.5,published_value,,,与安徽工业经济职业技术学院联合培养,true,false,,SRC-HFNU-2026-LQ,"{""page"":null,""pdf"":""https://zsb.hfnu.edu.cn/__local/9/8B/26/859B739DDE01D7ED903FAFE0645_CA51B13A_18200.pdf"",""row_key"":""财务管理|安徽工业经济职业技术学院"",""section"":""录取最低分"",""table"":1,""url"":""https://zsb.hfnu.edu.cn/info/1002/3885.htm""}"
SCORE-68906105-13a2-56ca-bbef-a8a200cf4a36,OFF-ba0cd868-eef6-5b9d-a98b-2a9e60700b49,2026,skill_competition,first_choice,interview_score,interview,100,,,blank_in_source,,技能大赛面试,与安徽工业经济职业技术学院联合培养,true,false,,SRC-HFNU-2026-LQ,"{""page"":null,""pdf"":""https://zsb.hfnu.edu.cn/__local/9/8B/26/859B739DDE01D7ED903FAFE0645_CA51B13A_18200.pdf"",""row_key"":""财务管理|安徽工业经济职业技术学院"",""section"":""录取最低分"",""table"":1,""url"":""https://zsb.hfnu.edu.cn/info/1002/3885.htm""}"
SCORE-b7b0c730-61f3-5061-a94c-6c998ff97860,OFF-ab253dc5-496c-53f8-b0bd-e63bd65c7e39,2026,normal,first_choice,admission_min_score,four_subject_total,600,444.5,444.5,published_value,,,,true,false,,SRC-HFNU-2026-LQ,"{""page"":null,""pdf"":""https://zsb.hfnu.edu.cn/__local/9/8B/26/859B739DDE01D7ED903FAFE0645_CA51B13A_18200.pdf"",""row_key"":""软件工程|合肥师范学院"",""section"":""录取最低分"",""table"":1,""url"":""https://zsb.hfnu.edu.cn/info/1002/3885.htm""}"
SCORE-9b9c8ee9-56ee-586f-af4d-79241b41dfc2,OFF-ab253dc5-496c-53f8-b0bd-e63bd65c7e39,2026,retired_soldier_culture_exam_exempt,first_choice,admission_min_score,vocational_assessment,100,63,63,published_value,,职业适应性或职业技能综合考查,,true,false,,SRC-HFNU-2026-LQ,"{""page"":null,""pdf"":""https://zsb.hfnu.edu.cn/__local/9/8B/26/859B739DDE01D7ED903FAFE0645_CA51B13A_18200.pdf"",""row_key"":""软件工程|合肥师范学院"",""section"":""录取最低分"",""table"":1,""url"":""https://zsb.hfnu.edu.cn/info/1002/3885.htm""}"
SCORE-846986c7-9569-57e5-ae35-c700b238476e,OFF-ab253dc5-496c-53f8-b0bd-e63bd65c7e39,2026,retired_soldier_non_exempt,first_choice,admission_min_score,four_subject_total,600,309,309,published_value,,,,true,false,,SRC-HFNU-2026-LQ,"{""page"":null,""pdf"":""https://zsb.hfnu.edu.cn/__local/9/8B/26/859B739DDE01D7ED903FAFE0645_CA51B13A_18200.pdf"",""row_key"":""软件工程|合肥师范学院"",""section"":""录取最低分"",""table"":1,""url"":""https://zsb.hfnu.edu.cn/info/1002/3885.htm""}"
SCORE-c6c58715-3efe-5faa-b066-702d028d23be,OFF-ab253dc5-496c-53f8-b0bd-e63bd65c7e39,2026,registered_poor_family,first_choice,admission_min_score,four_subject_total,600,363.5,363.5,published_value,,,,true,false,,SRC-HFNU-2026-LQ,"{""page"":null,""pdf"":""https://zsb.hfnu.edu.cn/__local/9/8B/26/859B739DDE01D7ED903FAFE0645_CA51B13A_18200.pdf"",""row_key"":""软件工程|合肥师范学院"",""section"":""录取最低分"",""table"":1,""url"":""https://zsb.hfnu.edu.cn/info/1002/3885.htm""}"
SCORE-9652faba-6824-556e-88b0-bcbfae41aaac,OFF-ab253dc5-496c-53f8-b0bd-e63bd65c7e39,2026,skill_competition,first_choice,interview_score,interview,100,,,blank_in_source,,技能大赛面试,,true,false,,SRC-HFNU-2026-LQ,"{""page"":null,""pdf"":""https://zsb.hfnu.edu.cn/__local/9/8B/26/859B739DDE01D7ED903FAFE0645_CA51B13A_18200.pdf"",""row_key"":""软件工程|合肥师范学院"",""section"":""录取最低分"",""table"":1,""url"":""https://zsb.hfnu.edu.cn/info/1002/3885.htm""}"
SCORE-18b39413-d6b0-53e4-a093-721c0327de76,OFF-f19fdbba-2852-5d77-ac44-b9d178ca7b7c,2026,normal,first_choice,admission_min_score,four_subject_total,600,400.5,400.5,published_value,,,,true,false,,SRC-HFNU-2026-LQ,"{""page"":null,""pdf"":""https://zsb.hfnu.edu.cn/__local/9/8B/26/859B739DDE01D7ED903FAFE0645_CA51B13A_18200.pdf"",""row_key"":""运动康复|合肥师范学院"",""section"":""录取最低分"",""table"":1,""url"":""https://zsb.hfnu.edu.cn/info/1002/3885.htm""}"
SCORE-2de8cb23-4bd8-5d41-99fa-7d34cbf49b6f,OFF-f19fdbba-2852-5d77-ac44-b9d178ca7b7c,2026,retired_soldier_culture_exam_exempt,first_choice,admission_min_score,vocational_assessment,100,72,72,published_value,,职业适应性或职业技能综合考查,,true,false,,SRC-HFNU-2026-LQ,"{""page"":null,""pdf"":""https://zsb.hfnu.edu.cn/__local/9/8B/26/859B739DDE01D7ED903FAFE0645_CA51B13A_18200.pdf"",""row_key"":""运动康复|合肥师范学院"",""section"":""录取最低分"",""table"":1,""url"":""https://zsb.hfnu.edu.cn/info/1002/3885.htm""}"
SCORE-b2e003a7-fdb1-5503-a733-4f9884f2b3be,OFF-f19fdbba-2852-5d77-ac44-b9d178ca7b7c,2026,retired_soldier_non_exempt,first_choice,admission_min_score,four_subject_total,600,,,blank_in_source,,,,true,false,,SRC-HFNU-2026-LQ,"{""page"":null,""pdf"":""https://zsb.hfnu.edu.cn/__local/9/8B/26/859B739DDE01D7ED903FAFE0645_CA51B13A_18200.pdf"",""row_key"":""运动康复|合肥师范学院"",""section"":""录取最低分"",""table"":1,""url"":""https://zsb.hfnu.edu.cn/info/1002/3885.htm""}"
SCORE-386e40ce-715c-5b1f-969c-d72fe2edf381,OFF-f19fdbba-2852-5d77-ac44-b9d178ca7b7c,2026,registered_poor_family,first_choice,admission_min_score,four_subject_total,600,391.5,391.5,published_value,,,,true,false,,SRC-HFNU-2026-LQ,"{""page"":null,""pdf"":""https://zsb.hfnu.edu.cn/__local/9/8B/26/859B739DDE01D7ED903FAFE0645_CA51B13A_18200.pdf"",""row_key"":""运动康复|合肥师范学院"",""section"":""录取最低分"",""table"":1,""url"":""https://zsb.hfnu.edu.cn/info/1002/3885.htm""}"
SCORE-8ff8503d-0bc4-5cdb-a9df-02569f58b3f5,OFF-f19fdbba-2852-5d77-ac44-b9d178ca7b7c,2026,skill_competition,first_choice,interview_score,interview,100,,,blank_in_source,,技能大赛面试,,true,false,,SRC-HFNU-2026-LQ,"{""page"":null,""pdf"":""https://zsb.hfnu.edu.cn/__local/9/8B/26/859B739DDE01D7ED903FAFE0645_CA51B13A_18200.pdf"",""row_key"":""运动康复|合肥师范学院"",""section"":""录取最低分"",""table"":1,""url"":""https://zsb.hfnu.edu.cn/info/1002/3885.htm""}"
SCORE-34b3c797-2906-5daf-986d-5ae9c4655e67,OFF-35f943d4-6b54-5577-a554-11fe0e9010a1,2026,normal,first_choice,admission_min_score,four_subject_total,600,341.5,341.5,published_value,,,,true,false,,SRC-HFNU-2026-LQ,"{""page"":null,""pdf"":""https://zsb.hfnu.edu.cn/__local/9/8B/26/859B739DDE01D7ED903FAFE0645_CA51B13A_18200.pdf"",""row_key"":""通信工程|合肥师范学院"",""section"":""录取最低分"",""table"":1,""url"":""https://zsb.hfnu.edu.cn/info/1002/3885.htm""}"
SCORE-9c9f6068-d35b-537e-bd0b-d0d49341622f,OFF-35f943d4-6b54-5577-a554-11fe0e9010a1,2026,retired_soldier_culture_exam_exempt,first_choice,admission_min_score,vocational_assessment,100,69.5,69.5,published_value,,职业适应性或职业技能综合考查,,true,false,,SRC-HFNU-2026-LQ,"{""page"":null,""pdf"":""https://zsb.hfnu.edu.cn/__local/9/8B/26/859B739DDE01D7ED903FAFE0645_CA51B13A_18200.pdf"",""row_key"":""通信工程|合肥师范学院"",""section"":""录取最低分"",""table"":1,""url"":""https://zsb.hfnu.edu.cn/info/1002/3885.htm""}"
SCORE-b34a9826-09df-5f6c-82b2-2e9e47e7307f,OFF-35f943d4-6b54-5577-a554-11fe0e9010a1,2026,retired_soldier_non_exempt,first_choice,admission_min_score,four_subject_total,600,,,blank_in_source,,,,true,false,,SRC-HFNU-2026-LQ,"{""page"":null,""pdf"":""https://zsb.hfnu.edu.cn/__local/9/8B/26/859B739DDE01D7ED903FAFE0645_CA51B13A_18200.pdf"",""row_key"":""通信工程|合肥师范学院"",""section"":""录取最低分"",""table"":1,""url"":""https://zsb.hfnu.edu.cn/info/1002/3885.htm""}"
SCORE-30e974b9-3033-5cd6-b657-27b3e520f245,OFF-35f943d4-6b54-5577-a554-11fe0e9010a1,2026,registered_poor_family,first_choice,admission_min_score,four_subject_total,600,204,204,published_value,,,,true,false,,SRC-HFNU-2026-LQ,"{""page"":null,""pdf"":""https://zsb.hfnu.edu.cn/__local/9/8B/26/859B739DDE01D7ED903FAFE0645_CA51B13A_18200.pdf"",""row_key"":""通信工程|合肥师范学院"",""section"":""录取最低分"",""table"":1,""url"":""https://zsb.hfnu.edu.cn/info/1002/3885.htm""}"
SCORE-1ae29a2e-f3c4-5a5e-929a-6fe1a8ed5c56,OFF-35f943d4-6b54-5577-a554-11fe0e9010a1,2026,skill_competition,first_choice,interview_score,interview,100,,,blank_in_source,,技能大赛面试,,true,false,,SRC-HFNU-2026-LQ,"{""page"":null,""pdf"":""https://zsb.hfnu.edu.cn/__local/9/8B/26/859B739DDE01D7ED903FAFE0645_CA51B13A_18200.pdf"",""row_key"":""通信工程|合肥师范学院"",""section"":""录取最低分"",""table"":1,""url"":""https://zsb.hfnu.edu.cn/info/1002/3885.htm""}"
SCORE-4081cf17-5e5c-5b86-be24-4c8370aadefc,OFF-4dca2114-009e-5ec0-a9ff-8fd097745fad,2026,normal,first_choice,admission_min_score,four_subject_total,600,430,430,published_value,,,师范,true,false,,SRC-HFNU-2026-LQ,"{""page"":null,""pdf"":""https://zsb.hfnu.edu.cn/__local/9/8B/26/859B739DDE01D7ED903FAFE0645_CA51B13A_18200.pdf"",""row_key"":""音乐学|合肥师范学院"",""section"":""录取最低分"",""table"":1,""url"":""https://zsb.hfnu.edu.cn/info/1002/3885.htm""}"
SCORE-45210c13-0486-5e43-88c7-4b2d0c9da2ad,OFF-4dca2114-009e-5ec0-a9ff-8fd097745fad,2026,retired_soldier_culture_exam_exempt,first_choice,admission_min_score,vocational_assessment,100,,,blank_in_source,,职业适应性或职业技能综合考查,师范,true,false,,SRC-HFNU-2026-LQ,"{""page"":null,""pdf"":""https://zsb.hfnu.edu.cn/__local/9/8B/26/859B739DDE01D7ED903FAFE0645_CA51B13A_18200.pdf"",""row_key"":""音乐学|合肥师范学院"",""section"":""录取最低分"",""table"":1,""url"":""https://zsb.hfnu.edu.cn/info/1002/3885.htm""}"
SCORE-fb9af7df-7360-5972-88fb-43fb0c22b031,OFF-4dca2114-009e-5ec0-a9ff-8fd097745fad,2026,retired_soldier_non_exempt,first_choice,admission_min_score,four_subject_total,600,,,blank_in_source,,,师范,true,false,,SRC-HFNU-2026-LQ,"{""page"":null,""pdf"":""https://zsb.hfnu.edu.cn/__local/9/8B/26/859B739DDE01D7ED903FAFE0645_CA51B13A_18200.pdf"",""row_key"":""音乐学|合肥师范学院"",""section"":""录取最低分"",""table"":1,""url"":""https://zsb.hfnu.edu.cn/info/1002/3885.htm""}"
SCORE-5e80ac2d-3924-596f-9a63-02d195c56a4b,OFF-4dca2114-009e-5ec0-a9ff-8fd097745fad,2026,registered_poor_family,first_choice,admission_min_score,four_subject_total,600,,,blank_in_source,,,师范,true,false,,SRC-HFNU-2026-LQ,"{""page"":null,""pdf"":""https://zsb.hfnu.edu.cn/__local/9/8B/26/859B739DDE01D7ED903FAFE0645_CA51B13A_18200.pdf"",""row_key"":""音乐学|合肥师范学院"",""section"":""录取最低分"",""table"":1,""url"":""https://zsb.hfnu.edu.cn/info/1002/3885.htm""}"
SCORE-e995ee95-a432-5eff-af0f-a1f99d484004,OFF-4dca2114-009e-5ec0-a9ff-8fd097745fad,2026,skill_competition,first_choice,interview_score,interview,100,,,blank_in_source,,技能大赛面试,师范,true,false,,SRC-HFNU-2026-LQ,"{""page"":null,""pdf"":""https://zsb.hfnu.edu.cn/__local/9/8B/26/859B739DDE01D7ED903FAFE0645_CA51B13A_18200.pdf"",""row_key"":""音乐学|合肥师范学院"",""section"":""录取最低分"",""table"":1,""url"":""https://zsb.hfnu.edu.cn/info/1002/3885.htm""}"
SCORE-4078e72e-1bad-57fa-b003-90c55ef1f749,OFF-39654e83-9c6e-5ee9-9adf-6ee13330c87e,2026,normal,first_choice,admission_min_score,four_subject_total,600,245.5,245.5(专业课1:73),published_value,"{""tie_break_label_raw"":""专业课1"",""tie_break_metric"":""professional_1"",""tie_break_score"":""73""}",,与马鞍山师范高等专科学校联合培养,true,false,,SRC-HFNU-2026-LQ,"{""page"":null,""pdf"":""https://zsb.hfnu.edu.cn/__local/9/8B/26/859B739DDE01D7ED903FAFE0645_CA51B13A_18200.pdf"",""row_key"":""食品质量与安全|马鞍山师范高等专科学校"",""section"":""录取最低分"",""table"":1,""url"":""https://zsb.hfnu.edu.cn/info/1002/3885.htm""}"
SCORE-7d9fdba9-3e0a-5736-9274-8d5e6027c752,OFF-39654e83-9c6e-5ee9-9adf-6ee13330c87e,2026,retired_soldier_culture_exam_exempt,first_choice,admission_min_score,vocational_assessment,100,50.5,50.5,published_value,,职业适应性或职业技能综合考查,与马鞍山师范高等专科学校联合培养,true,false,,SRC-HFNU-2026-LQ,"{""page"":null,""pdf"":""https://zsb.hfnu.edu.cn/__local/9/8B/26/859B739DDE01D7ED903FAFE0645_CA51B13A_18200.pdf"",""row_key"":""食品质量与安全|马鞍山师范高等专科学校"",""section"":""录取最低分"",""table"":1,""url"":""https://zsb.hfnu.edu.cn/info/1002/3885.htm""}"
SCORE-9dc11519-43d9-5724-9c3d-ac8d642fbe90,OFF-39654e83-9c6e-5ee9-9adf-6ee13330c87e,2026,retired_soldier_non_exempt,first_choice,admission_min_score,four_subject_total,600,,,blank_in_source,,,与马鞍山师范高等专科学校联合培养,true,false,,SRC-HFNU-2026-LQ,"{""page"":null,""pdf"":""https://zsb.hfnu.edu.cn/__local/9/8B/26/859B739DDE01D7ED903FAFE0645_CA51B13A_18200.pdf"",""row_key"":""食品质量与安全|马鞍山师范高等专科学校"",""section"":""录取最低分"",""table"":1,""url"":""https://zsb.hfnu.edu.cn/info/1002/3885.htm""}"
SCORE-d326c5cd-5c18-5359-beee-c73c4752ecc6,OFF-39654e83-9c6e-5ee9-9adf-6ee13330c87e,2026,registered_poor_family,first_choice,admission_min_score,four_subject_total,600,226.5,226.5,published_value,,,与马鞍山师范高等专科学校联合培养,true,false,,SRC-HFNU-2026-LQ,"{""page"":null,""pdf"":""https://zsb.hfnu.edu.cn/__local/9/8B/26/859B739DDE01D7ED903FAFE0645_CA51B13A_18200.pdf"",""row_key"":""食品质量与安全|马鞍山师范高等专科学校"",""section"":""录取最低分"",""table"":1,""url"":""https://zsb.hfnu.edu.cn/info/1002/3885.htm""}"
SCORE-ee380d94-6921-59c9-9273-001b46c06a42,OFF-39654e83-9c6e-5ee9-9adf-6ee13330c87e,2026,skill_competition,first_choice,interview_score,interview,100,,,blank_in_source,,技能大赛面试,与马鞍山师范高等专科学校联合培养,true,false,,SRC-HFNU-2026-LQ,"{""page"":null,""pdf"":""https://zsb.hfnu.edu.cn/__local/9/8B/26/859B739DDE01D7ED903FAFE0645_CA51B13A_18200.pdf"",""row_key"":""食品质量与安全|马鞍山师范高等专科学校"",""section"":""录取最低分"",""table"":1,""url"":""https://zsb.hfnu.edu.cn/info/1002/3885.htm""}"
