fact_source_id,table_name,record_id,source_id,relation_type,source_locator
FACTSRC-9745b0dc-12aa-5513-b7aa-4edfaa96113a,admission_rules,RULE-0b591616-6ead-5044-a3fa-9513e2a3b775,SRC-HFNU-2026-ZC,primary_evidence,"{""asset_id"":""ASSET-HFNU-2026-ZC-PDF"",""page"":""14-19"",""row_key"":""public_course_requirement"",""section"":""录取规则""}"
FACTSRC-b5f78d67-e04d-50d1-96d4-6b94e92197d5,admission_rules,RULE-13d16a4f-bb83-5362-b7de-220e385443c9,SRC-HFNU-2026-ZC,primary_evidence,"{""asset_id"":""ASSET-HFNU-2026-ZC-PDF"",""page"":""14-19"",""row_key"":""score_formula"",""section"":""录取规则""}"
FACTSRC-e469852f-64f5-5df1-8e61-04aff4c57fb6,admission_rules,RULE-17b1e575-8bba-580d-b6c3-68a6f727a23c,SRC-HFNU-2025-ZC,primary_evidence,"{""asset_id"":""ASSET-HFNU-2025-ZC-PDF"",""page"":""14-18"",""row_key"":""public_course_requirement"",""section"":""录取规则""}"
FACTSRC-eb454654-dfeb-5d35-bc00-25a66f29f9d2,admission_rules,RULE-17b438b6-dd7c-51b4-a873-506bdab39496,SRC-HFNU-2024-ZC,primary_evidence,"{""row_key"":""professional_course_requirement"",""section"":""录取规则"",""url"":""https://zsb.hfnu.edu.cn/info/1003/2715.htm""}"
FACTSRC-26470974-af9b-59c1-8ac3-f8b04cfa4d80,admission_rules,RULE-2c772960-c18c-5c98-8c46-d9a093081092,SRC-HFNU-2025-ZC,primary_evidence,"{""asset_id"":""ASSET-HFNU-2025-ZC-PDF"",""page"":""14-18"",""row_key"":""ranking_rule"",""section"":""录取规则""}"
FACTSRC-53ea3de6-1ee8-50a5-8877-7993fe6015d2,admission_rules,RULE-36b2c1dd-8fa6-57ec-8e60-64227b56547f,SRC-HFNU-2024-ZC,primary_evidence,"{""row_key"":""tie_break_rule"",""section"":""录取规则"",""url"":""https://zsb.hfnu.edu.cn/info/1003/2715.htm""}"
FACTSRC-a677a490-9172-5df1-890c-90909c486dae,admission_rules,RULE-3d70218e-a401-5e66-b215-5e76c40cb42e,SRC-HFNU-2025-ZC,primary_evidence,"{""asset_id"":""ASSET-HFNU-2025-ZC-PDF"",""page"":""14-18"",""row_key"":""professional_course_requirement"",""section"":""录取规则""}"
FACTSRC-e4290810-6143-5f23-a55c-1bfd521fad5c,admission_rules,RULE-53196141-4fa5-558a-ab71-a5e1ca09a2aa,SRC-HFNU-2025-ZC,primary_evidence,"{""asset_id"":""ASSET-HFNU-2025-ZC-PDF"",""page"":""14-18"",""row_key"":""tie_break_rule"",""section"":""录取规则""}"
FACTSRC-a590c6a5-8967-54a6-bee0-cb069a0dfa75,admission_rules,RULE-61b1f2e2-fc9a-5d1b-bbcf-3a90731b8147,SRC-HFNU-2025-ZC,primary_evidence,"{""asset_id"":""ASSET-HFNU-2025-ZC-PDF"",""page"":""14-18"",""row_key"":""score_formula"",""section"":""录取规则""}"
FACTSRC-1cab2e4f-5cd5-5fd1-a01f-6ec7c2148a98,admission_rules,RULE-730c5570-338d-5096-b6bf-f693041eedd5,SRC-HFNU-2026-ZC,primary_evidence,"{""asset_id"":""ASSET-HFNU-2026-ZC-PDF"",""page"":""14-19"",""row_key"":""ranking_rule"",""section"":""录取规则""}"
FACTSRC-90620f49-e487-585b-b191-ac18411c4fb4,admission_rules,RULE-801469d1-e932-5563-8e7e-51bc880d2a79,SRC-HFNU-2026-ZC,primary_evidence,"{""asset_id"":""ASSET-HFNU-2026-ZC-PDF"",""page"":""14-19"",""row_key"":""professional_course_requirement"",""section"":""录取规则""}"
FACTSRC-61967a7d-06d7-507e-953c-c1e51e72730c,admission_rules,RULE-8ef419bb-27a7-5e19-8c18-9e8d76a9ce44,SRC-HFNU-2026-ZC,primary_evidence,"{""asset_id"":""ASSET-HFNU-2026-ZC-PDF"",""page"":""14-19"",""row_key"":""tie_break_rule"",""section"":""录取规则""}"
FACTSRC-1883a443-f1b5-5d2c-86f9-5166e2a3d792,admission_rules,RULE-9df46dfb-c7b0-5c65-b9a1-391dc8d17d68,SRC-HFNU-2024-ZC,primary_evidence,"{""row_key"":""public_course_requirement"",""section"":""录取规则"",""url"":""https://zsb.hfnu.edu.cn/info/1003/2715.htm""}"
FACTSRC-cc90c76e-2e69-5398-ac10-ccc8a09eff06,admission_rules,RULE-ab6bf782-7726-5f9b-af1d-ab498d2cf10e,SRC-HFNU-2024-ZC,primary_evidence,"{""row_key"":""ranking_rule"",""section"":""录取规则"",""url"":""https://zsb.hfnu.edu.cn/info/1003/2715.htm""}"
FACTSRC-f9db245a-f066-54e8-b1f2-053b96a767b9,admission_rules,RULE-d447bdf1-1363-5e29-a37d-f1b18f104781,SRC-HFNU-2024-ZC,primary_evidence,"{""row_key"":""score_formula"",""section"":""录取规则"",""url"":""https://zsb.hfnu.edu.cn/info/1003/2715.htm""}"
FACTSRC-260fbb10-6fb1-5cfb-8d94-30e9646506fb,admission_scores,SCORE-00444264-6478-5516-8e77-582aec9fad78,SRC-HFNU-2026-LQ,primary_evidence,"{""asset_id"":""ASSET-HFNU-2026-LQ-EMBEDDED-PDF"",""page"":1,""row_key"":""网络与新媒体|合肥师范学院"",""section"":""录取最低分"",""table"":1}"
FACTSRC-da757e8c-5e6d-5ef4-93f2-1a489d4a1a36,admission_scores,SCORE-012cbae9-ff76-5807-a027-ca2b1a3ba93b,SRC-HFNU-2024-LQ,primary_evidence,"{""row_key"":""人力资源管理|合肥师范学院"",""section"":""录取最低分"",""table"":4,""url"":""https://zsb.hfnu.edu.cn/info/1002/3065.htm""}"
FACTSRC-88909b93-56b2-5c11-a179-525683b46462,admission_scores,SCORE-01eb47a7-ba20-5b67-9d6c-ca084e27d5d1,SRC-HFNU-2026-LQ,primary_evidence,"{""asset_id"":""ASSET-HFNU-2026-LQ-EMBEDDED-PDF"",""page"":1,""row_key"":""互联网金融|合肥师范学院"",""section"":""录取最低分"",""table"":1}"
FACTSRC-1297e368-a5f5-5ccc-b8dd-0ad34bfec86b,admission_scores,SCORE-01ecb0d3-b161-5f09-af6d-3bfdb73e07b8,SRC-HFNU-2025-LQ,primary_evidence,"{""row_key"":""音乐学|合肥师范学院"",""section"":""录取最低分"",""table"":1,""url"":""https://zsb.hfnu.edu.cn/info/1002/3475.htm""}"
FACTSRC-f7851c0d-17b1-579d-9ae1-6eee01692851,admission_scores,SCORE-024970bb-19a6-5462-a78d-1fc20d368c27,SRC-HFNU-2024-LQ,primary_evidence,"{""row_key"":""服装与服饰设计|合肥师范学院"",""section"":""录取最低分"",""table"":4,""url"":""https://zsb.hfnu.edu.cn/info/1002/3065.htm""}"
FACTSRC-bd36b505-0a9d-5877-8bb7-ba51c0549cd9,admission_scores,SCORE-0294d99d-204b-57c7-8dc6-5a75f7b0cec3,SRC-HFNU-2024-LQ,primary_evidence,"{""row_key"":""互联网金融|合肥师范学院"",""section"":""录取最低分"",""table"":4,""url"":""https://zsb.hfnu.edu.cn/info/1002/3065.htm""}"
FACTSRC-0e71360d-26fd-5211-a5b4-471737fe06e9,admission_scores,SCORE-02ab1dfd-34fe-536c-97ac-2b06fe87f092,SRC-HFNU-2024-LQ,primary_evidence,"{""row_key"":""经济统计学|合肥师范学院"",""section"":""录取最低分"",""table"":4,""url"":""https://zsb.hfnu.edu.cn/info/1002/3065.htm""}"
FACTSRC-87378736-8099-54c4-8efa-8cfb1ba97cd0,admission_scores,SCORE-03aaa4a3-6cbe-589c-88a2-f69f160ef3df,SRC-HFNU-2026-LQ,primary_evidence,"{""asset_id"":""ASSET-HFNU-2026-LQ-EMBEDDED-PDF"",""page"":2,""row_key"":""服装与服饰设计|合肥师范学院"",""section"":""录取最低分"",""table"":1}"
FACTSRC-c004de4c-2680-575d-a8e6-41a0276a8d90,admission_scores,SCORE-046c46a8-7f8b-5b23-8401-844c180e149e,SRC-HFNU-2025-LQ,primary_evidence,"{""row_key"":""小学教育|淮北职业技术学院"",""section"":""录取最低分"",""table"":1,""url"":""https://zsb.hfnu.edu.cn/info/1002/3475.htm""}"
FACTSRC-49fb00f0-23af-5314-8172-0a9e2d68169f,admission_scores,SCORE-04f68beb-42f2-55af-9c15-4396d825ccd1,SRC-HFNU-2026-LQ,primary_evidence,"{""asset_id"":""ASSET-HFNU-2026-LQ-EMBEDDED-PDF"",""page"":2,""row_key"":""视觉传达设计|合肥师范学院"",""section"":""录取最低分"",""table"":1}"
FACTSRC-a17d9284-14ac-5fcb-92dd-86ee9ad62d1f,admission_scores,SCORE-054b1617-e1f9-54a7-85ab-a68b64a3c89d,SRC-HFNU-2025-LQ,primary_evidence,"{""row_key"":""财务管理|安徽工业经济职业技术学院"",""section"":""录取最低分"",""table"":1,""url"":""https://zsb.hfnu.edu.cn/info/1002/3475.htm""}"
FACTSRC-b76c62ce-a7d5-5bf8-9605-8cb8559fc35d,admission_scores,SCORE-0607a524-739e-576d-bd51-3f9ecff7470c,SRC-HFNU-2025-LQ,primary_evidence,"{""row_key"":""学前教育|合肥师范学院"",""section"":""录取最低分"",""table"":1,""url"":""https://zsb.hfnu.edu.cn/info/1002/3475.htm""}"
FACTSRC-20a9d5fc-30c7-5e58-8d69-754c05748329,admission_scores,SCORE-06aab576-7bc9-5d26-a0a7-33bf031233a4,SRC-HFNU-2025-LQ,primary_evidence,"{""row_key"":""通信工程|合肥师范学院"",""section"":""录取最低分"",""table"":1,""url"":""https://zsb.hfnu.edu.cn/info/1002/3475.htm""}"
FACTSRC-2882eaa6-6c24-57f9-aea8-e93359558499,admission_scores,SCORE-07246e08-a991-5d4e-adee-cdca9dfdcf2d,SRC-HFNU-2025-LQ,primary_evidence,"{""row_key"":""服装与服饰设计|合肥师范学院"",""section"":""录取最低分"",""table"":1,""url"":""https://zsb.hfnu.edu.cn/info/1002/3475.htm""}"
FACTSRC-26856844-6f7a-5ed1-884a-4563a4e6974a,admission_scores,SCORE-07de6713-f701-5a8a-981c-d53ba5aa12a7,SRC-HFNU-2025-LQ,primary_evidence,"{""row_key"":""计算机科学与技术|安徽工业经济职业技术学院"",""section"":""录取最低分"",""table"":1,""url"":""https://zsb.hfnu.edu.cn/info/1002/3475.htm""}"
FACTSRC-cc058c36-2916-558b-8125-de4bff008fe1,admission_scores,SCORE-07ef8c33-e0c9-5ae7-98a7-23331b2f25ff,SRC-HFNU-2025-LQ,primary_evidence,"{""row_key"":""数据科学与大数据技术|合肥师范学院"",""section"":""录取最低分"",""table"":1,""url"":""https://zsb.hfnu.edu.cn/info/1002/3475.htm""}"
FACTSRC-0fd598cc-73a8-54a9-a335-8a2e1682eac1,admission_scores,SCORE-092fc9a7-9dee-5b87-ab14-e016d94a488e,SRC-HFNU-2024-LQ,primary_evidence,"{""row_key"":""计算机科学与技术|安徽工业经济职业技术学院"",""section"":""录取最低分"",""table"":4,""url"":""https://zsb.hfnu.edu.cn/info/1002/3065.htm""}"
FACTSRC-4bae711f-477d-5e84-935a-f2d2e3590cb2,admission_scores,SCORE-09881e75-c313-5b44-900d-7f311093ee6c,SRC-HFNU-2026-LQ,primary_evidence,"{""asset_id"":""ASSET-HFNU-2026-LQ-EMBEDDED-PDF"",""page"":2,""row_key"":""新能源材料与器件|合肥师范学院"",""section"":""录取最低分"",""table"":1}"
FACTSRC-91e05afc-f959-5419-81a5-cbdeb4f8270c,admission_scores,SCORE-099c8b22-bb42-54f6-b50f-5202f632e9b3,SRC-HFNU-2025-LQ,primary_evidence,"{""row_key"":""计算机科学与技术|马鞍山师范高等专科学校"",""section"":""录取最低分"",""table"":1,""url"":""https://zsb.hfnu.edu.cn/info/1002/3475.htm""}"
FACTSRC-3acc807d-1beb-5ce4-8b03-644eb8ff86da,admission_scores,SCORE-09b904cf-0081-5698-acb1-9ef2587c9776,SRC-HFNU-2024-LQ,primary_evidence,"{""row_key"":""商务英语|合肥师范学院"",""section"":""录取最低分"",""table"":4,""url"":""https://zsb.hfnu.edu.cn/info/1002/3065.htm""}"
FACTSRC-da491cb7-b228-520e-be21-8a419af8a706,admission_scores,SCORE-0a41710a-26e7-5e87-a7a2-93cd5c9d5547,SRC-HFNU-2025-LQ,primary_evidence,"{""row_key"":""学前教育|合肥师范学院"",""section"":""录取最低分"",""table"":1,""url"":""https://zsb.hfnu.edu.cn/info/1002/3475.htm""}"
FACTSRC-d3feb710-cbc9-535a-a759-e6fc2de9eade,admission_scores,SCORE-0bac43e3-a85a-5c6f-9ead-b519d7787309,SRC-HFNU-2024-LQ,primary_evidence,"{""row_key"":""电气工程及其自动化|淮北职业技术学院"",""section"":""录取最低分"",""table"":4,""url"":""https://zsb.hfnu.edu.cn/info/1002/3065.htm""}"
FACTSRC-b4098bfa-56d8-564e-ad1d-748a5ed792c8,admission_scores,SCORE-0c5ae7f8-bcf3-5245-b356-3b8bfb2b147b,SRC-HFNU-2026-LQ,primary_evidence,"{""asset_id"":""ASSET-HFNU-2026-LQ-EMBEDDED-PDF"",""page"":2,""row_key"":""网络工程|安徽工业经济职业技术学院"",""section"":""录取最低分"",""table"":1}"
FACTSRC-9a84b9a2-ce08-5f9e-a5ab-ddb7cadd6004,admission_scores,SCORE-0c65c6d8-231f-5864-bc62-c79c317040a4,SRC-HFNU-2024-LQ,primary_evidence,"{""row_key"":""小学教育|淮北职业技术学院"",""section"":""录取最低分"",""table"":4,""url"":""https://zsb.hfnu.edu.cn/info/1002/3065.htm""}"
FACTSRC-ad321352-5c76-5de9-8745-d64907fe594d,admission_scores,SCORE-0c8ad54a-7f08-5210-9e89-d84b8105ed57,SRC-HFNU-2025-LQ,primary_evidence,"{""row_key"":""电气工程及其自动化|安徽工业经济职业技术学院"",""section"":""录取最低分"",""table"":1,""url"":""https://zsb.hfnu.edu.cn/info/1002/3475.htm""}"
FACTSRC-291e4555-5bda-532e-86d3-822100813c1b,admission_scores,SCORE-0cb38887-fbcd-5cb8-b296-30a99725ee36,SRC-HFNU-2025-LQ,primary_evidence,"{""row_key"":""人力资源管理|合肥师范学院"",""section"":""录取最低分"",""table"":1,""url"":""https://zsb.hfnu.edu.cn/info/1002/3475.htm""}"
FACTSRC-3cebb04b-d8dc-52e6-b22d-98c4001532f9,admission_scores,SCORE-0d058da4-b23f-5ae9-a982-c7f5dc809b0b,SRC-HFNU-2025-LQ,primary_evidence,"{""row_key"":""新能源材料与器件|合肥师范学院"",""section"":""录取最低分"",""table"":1,""url"":""https://zsb.hfnu.edu.cn/info/1002/3475.htm""}"
FACTSRC-bf8c7f5d-49bc-5349-bdc7-a64cd2e9ae60,admission_scores,SCORE-0e42ed1a-38f9-5112-a4c6-d023cbbe1790,SRC-HFNU-2025-LQ,primary_evidence,"{""row_key"":""新能源材料与器件|合肥师范学院"",""section"":""录取最低分"",""table"":1,""url"":""https://zsb.hfnu.edu.cn/info/1002/3475.htm""}"
FACTSRC-ccc741f1-5e9f-5ec9-b372-c40836229035,admission_scores,SCORE-0eefedac-d163-59bc-9ce7-ab7f001687ad,SRC-HFNU-2024-LQ,primary_evidence,"{""row_key"":""小学教育|淮北职业技术学院"",""section"":""录取最低分"",""table"":4,""url"":""https://zsb.hfnu.edu.cn/info/1002/3065.htm""}"
FACTSRC-49884635-f736-59d1-a20d-12e3d5660282,admission_scores,SCORE-0f10871f-4b99-5562-8fc7-a8ec264719f8,SRC-HFNU-2024-LQ,primary_evidence,"{""row_key"":""电子信息工程|合肥师范学院"",""section"":""录取最低分"",""table"":4,""url"":""https://zsb.hfnu.edu.cn/info/1002/3065.htm""}"
FACTSRC-ee2bb38a-7bb7-5245-a09f-02a672b7df2a,admission_scores,SCORE-0f79b77f-3987-5476-a695-10dd85183e78,SRC-HFNU-2026-LQ,primary_evidence,"{""asset_id"":""ASSET-HFNU-2026-LQ-EMBEDDED-PDF"",""page"":1,""row_key"":""互联网金融|合肥师范学院"",""section"":""录取最低分"",""table"":1}"
FACTSRC-c1f54906-6a90-5914-87e6-affe62a629af,admission_scores,SCORE-0f906523-404d-5b0f-9887-6c2241ceb5e5,SRC-HFNU-2026-LQ,primary_evidence,"{""asset_id"":""ASSET-HFNU-2026-LQ-EMBEDDED-PDF"",""page"":1,""row_key"":""药物制剂|合肥师范学院"",""section"":""录取最低分"",""table"":1}"
FACTSRC-9af0325d-65aa-5b37-883f-696ae6536570,admission_scores,SCORE-111bc046-5c19-5edc-9bf0-53b409380462,SRC-HFNU-2026-LQ,primary_evidence,"{""asset_id"":""ASSET-HFNU-2026-LQ-EMBEDDED-PDF"",""page"":1,""row_key"":""学前教育|合肥师范学院"",""section"":""录取最低分"",""table"":1}"
FACTSRC-3b203e76-50ab-511a-a2c8-9d9c5033f9ef,admission_scores,SCORE-127481a8-d844-5145-8f4a-a5662cba7a61,SRC-HFNU-2024-LQ,primary_evidence,"{""row_key"":""软件工程|合肥师范学院"",""section"":""录取最低分"",""table"":4,""url"":""https://zsb.hfnu.edu.cn/info/1002/3065.htm""}"
FACTSRC-14d69e44-0edc-5f93-87a5-3e63ff992060,admission_scores,SCORE-12869bb4-92d1-5643-84fe-36d5d92935c7,SRC-HFNU-2025-LQ,primary_evidence,"{""row_key"":""生物制药|合肥师范学院"",""section"":""录取最低分"",""table"":1,""url"":""https://zsb.hfnu.edu.cn/info/1002/3475.htm""}"
FACTSRC-6e61f571-2883-5581-a901-adad9c227796,admission_scores,SCORE-128e5b79-02b8-591f-9beb-896fc63d0c80,SRC-HFNU-2025-LQ,primary_evidence,"{""row_key"":""市场营销|合肥师范学院"",""section"":""录取最低分"",""table"":1,""url"":""https://zsb.hfnu.edu.cn/info/1002/3475.htm""}"
FACTSRC-ce81b634-ecb1-5105-bec2-9a46d1416447,admission_scores,SCORE-128f78f5-5b93-5021-bb96-4a5b468cb77e,SRC-HFNU-2026-LQ,primary_evidence,"{""asset_id"":""ASSET-HFNU-2026-LQ-EMBEDDED-PDF"",""page"":2,""row_key"":""电气工程及其自动化|安徽工业经济职业技术学院"",""section"":""录取最低分"",""table"":1}"
FACTSRC-c38c63b4-bc37-5339-ac29-eaf26fb29031,admission_scores,SCORE-12f22621-134a-5920-9d60-20aee644ba55,SRC-HFNU-2025-LQ,primary_evidence,"{""row_key"":""网络与新媒体|合肥师范学院"",""section"":""录取最低分"",""table"":1,""url"":""https://zsb.hfnu.edu.cn/info/1002/3475.htm""}"
FACTSRC-37311cd3-7646-5cf5-9969-cb58d8e41982,admission_scores,SCORE-13826bac-80f1-53ab-8b2e-81afaf6c8e53,SRC-HFNU-2025-LQ,primary_evidence,"{""row_key"":""市场营销|合肥师范学院"",""section"":""录取最低分"",""table"":1,""url"":""https://zsb.hfnu.edu.cn/info/1002/3475.htm""}"
FACTSRC-bacb70cd-fde2-52d9-a4db-caea7dc876ed,admission_scores,SCORE-15a15543-6b10-534c-b7a6-883ed3e8db85,SRC-HFNU-2024-LQ,primary_evidence,"{""row_key"":""数据科学与大数据技术|合肥师范学院"",""section"":""录取最低分"",""table"":4,""url"":""https://zsb.hfnu.edu.cn/info/1002/3065.htm""}"
FACTSRC-b952fe09-feb3-52f8-9e7b-931b61725654,admission_scores,SCORE-17d2b48e-f60b-5833-a767-f484d817c35c,SRC-HFNU-2026-LQ,primary_evidence,"{""asset_id"":""ASSET-HFNU-2026-LQ-EMBEDDED-PDF"",""page"":2,""row_key"":""视觉传达设计|合肥师范学院"",""section"":""录取最低分"",""table"":1}"
FACTSRC-aeb83da1-198f-5be2-ad52-a15fbc675706,admission_scores,SCORE-17e41175-b594-532c-85eb-21b9059d436d,SRC-HFNU-2024-LQ,primary_evidence,"{""row_key"":""财务管理|安徽工业经济职业技术学院"",""section"":""录取最低分"",""table"":4,""url"":""https://zsb.hfnu.edu.cn/info/1002/3065.htm""}"
FACTSRC-e1b93b9a-1347-5375-be44-08af1d2ca70e,admission_scores,SCORE-18b39413-d6b0-53e4-a093-721c0327de76,SRC-HFNU-2026-LQ,primary_evidence,"{""asset_id"":""ASSET-HFNU-2026-LQ-EMBEDDED-PDF"",""page"":2,""row_key"":""运动康复|合肥师范学院"",""section"":""录取最低分"",""table"":1}"
FACTSRC-ef70a621-11c7-5dc1-9a01-5b8b16955779,admission_scores,SCORE-1932c12f-a4a7-5177-b4c2-5f23aba6229d,SRC-HFNU-2024-LQ,primary_evidence,"{""row_key"":""制药工程|合肥职业技术学院"",""section"":""录取最低分"",""table"":4,""url"":""https://zsb.hfnu.edu.cn/info/1002/3065.htm""}"
FACTSRC-5ba4c8f3-ea01-5983-aefe-3a0b3d15df45,admission_scores,SCORE-1966c700-b844-54d0-823d-745600fcf828,SRC-HFNU-2026-LQ,primary_evidence,"{""asset_id"":""ASSET-HFNU-2026-LQ-EMBEDDED-PDF"",""page"":2,""row_key"":""财务管理|安徽工业经济职业技术学院"",""section"":""录取最低分"",""table"":1}"
FACTSRC-6a776b89-813b-513d-bf96-7f27d5cd1089,admission_scores,SCORE-1a09fc89-5a0c-58fc-b9c4-a59b91d1cf43,SRC-HFNU-2026-LQ,primary_evidence,"{""asset_id"":""ASSET-HFNU-2026-LQ-EMBEDDED-PDF"",""page"":2,""row_key"":""计算机科学与技术|安徽工业经济职业技术学院"",""section"":""录取最低分"",""table"":1}"
FACTSRC-a800abce-b85b-5df3-92b9-c61e221a9cde,admission_scores,SCORE-1a19c5e7-ff85-5630-8749-ee04ac6ede4c,SRC-HFNU-2024-LQ,primary_evidence,"{""row_key"":""生物制药|合肥师范学院"",""section"":""录取最低分"",""table"":4,""url"":""https://zsb.hfnu.edu.cn/info/1002/3065.htm""}"
FACTSRC-a0e90edf-01cb-5e0c-ac73-a25e324dcc62,admission_scores,SCORE-1abe1393-a393-5a93-b9d3-baba204b88af,SRC-HFNU-2026-LQ,primary_evidence,"{""asset_id"":""ASSET-HFNU-2026-LQ-EMBEDDED-PDF"",""page"":2,""row_key"":""电气工程及其自动化|淮北职业技术学院"",""section"":""录取最低分"",""table"":1}"
FACTSRC-57545a64-dead-5355-96c9-c6f08d297028,admission_scores,SCORE-1ae29a2e-f3c4-5a5e-929a-6fe1a8ed5c56,SRC-HFNU-2026-LQ,primary_evidence,"{""asset_id"":""ASSET-HFNU-2026-LQ-EMBEDDED-PDF"",""page"":1,""row_key"":""通信工程|合肥师范学院"",""section"":""录取最低分"",""table"":1}"
FACTSRC-8e5a91ce-ca09-5ac6-8601-73352c6bbf35,admission_scores,SCORE-1b6514c2-6338-54b3-ad71-7a8d9f11e133,SRC-HFNU-2025-LQ,primary_evidence,"{""row_key"":""视觉传达设计|合肥师范学院"",""section"":""录取最低分"",""table"":1,""url"":""https://zsb.hfnu.edu.cn/info/1002/3475.htm""}"
FACTSRC-2707ce90-619a-56e3-843d-3ee099f103c7,admission_scores,SCORE-1dc6193d-9540-5610-acfb-3a2909ac539c,SRC-HFNU-2026-LQ,primary_evidence,"{""asset_id"":""ASSET-HFNU-2026-LQ-EMBEDDED-PDF"",""page"":1,""row_key"":""市场营销|合肥师范学院"",""section"":""录取最低分"",""table"":1}"
FACTSRC-6df7c6e0-f816-5482-9bdb-195de82fb0ad,admission_scores,SCORE-1e2c8006-34b7-5bae-881d-9f3286ff5e70,SRC-HFNU-2024-LQ,primary_evidence,"{""row_key"":""电气工程及其自动化|淮北职业技术学院"",""section"":""录取最低分"",""table"":4,""url"":""https://zsb.hfnu.edu.cn/info/1002/3065.htm""}"
FACTSRC-b5f526f4-d537-5adc-81c5-6c5c7632c402,admission_scores,SCORE-1fc56286-868e-5ce2-bb4d-6ab6010cea76,SRC-HFNU-2024-LQ,primary_evidence,"{""row_key"":""商务英语|合肥师范学院"",""section"":""录取最低分"",""table"":4,""url"":""https://zsb.hfnu.edu.cn/info/1002/3065.htm""}"
FACTSRC-1d19e8a6-bd14-5bca-a0a0-05ad7281a667,admission_scores,SCORE-1fd99847-2871-5e13-8130-7fdcd7a199ea,SRC-HFNU-2026-LQ,primary_evidence,"{""asset_id"":""ASSET-HFNU-2026-LQ-EMBEDDED-PDF"",""page"":1,""row_key"":""化学工程与工艺|合肥师范学院"",""section"":""录取最低分"",""table"":1}"
FACTSRC-199c5648-2f50-5205-a0b0-8c763a3e7e54,admission_scores,SCORE-1fdb7da1-5ac4-52b5-b7dc-bf742f067f04,SRC-HFNU-2025-LQ,primary_evidence,"{""row_key"":""化学工程与工艺|合肥师范学院"",""section"":""录取最低分"",""table"":1,""url"":""https://zsb.hfnu.edu.cn/info/1002/3475.htm""}"
FACTSRC-3d8d7765-31fe-5af1-85d3-7a312f005d84,admission_scores,SCORE-20bfb144-8858-5055-a1e0-da6ee03efff2,SRC-HFNU-2024-LQ,primary_evidence,"{""row_key"":""互联网金融|合肥师范学院"",""section"":""录取最低分"",""table"":4,""url"":""https://zsb.hfnu.edu.cn/info/1002/3065.htm""}"
FACTSRC-c7c4ba88-a78e-5090-8413-f66f68450b9f,admission_scores,SCORE-20cdf372-bf56-545f-954e-16aef66f7422,SRC-HFNU-2025-LQ,primary_evidence,"{""row_key"":""经济统计学|合肥师范学院"",""section"":""录取最低分"",""table"":1,""url"":""https://zsb.hfnu.edu.cn/info/1002/3475.htm""}"
FACTSRC-7cbdf48e-a9b4-5d50-bef4-f8b0876fe3b2,admission_scores,SCORE-211b68b1-8422-50cf-9ab2-f8c43d74c76d,SRC-HFNU-2025-LQ,primary_evidence,"{""row_key"":""计算机科学与技术|马鞍山师范高等专科学校"",""section"":""录取最低分"",""table"":1,""url"":""https://zsb.hfnu.edu.cn/info/1002/3475.htm""}"
FACTSRC-5404dbdb-3a27-5e7d-b663-ef84154e8f87,admission_scores,SCORE-212c311e-6154-5c56-b6db-7b3da5a98fae,SRC-HFNU-2025-LQ,primary_evidence,"{""row_key"":""电子信息工程|合肥师范学院"",""section"":""录取最低分"",""table"":1,""url"":""https://zsb.hfnu.edu.cn/info/1002/3475.htm""}"
FACTSRC-2a7d9bf8-caaf-5087-a93e-2595640577fa,admission_scores,SCORE-21736c7b-04cf-5f47-9575-7d7fbddda4b6,SRC-HFNU-2025-LQ,primary_evidence,"{""row_key"":""小学教育|淮北职业技术学院"",""section"":""录取最低分"",""table"":1,""url"":""https://zsb.hfnu.edu.cn/info/1002/3475.htm""}"
FACTSRC-110670dd-2d37-5aca-9363-f959ae2ccc04,admission_scores,SCORE-217fdd45-3f46-5489-9963-bfab0e38ee97,SRC-HFNU-2025-LQ,primary_evidence,"{""row_key"":""经济统计学|合肥师范学院"",""section"":""录取最低分"",""table"":1,""url"":""https://zsb.hfnu.edu.cn/info/1002/3475.htm""}"
FACTSRC-0d4577a7-431e-5ea9-b99b-490617d1fdb1,admission_scores,SCORE-22f3ce01-45f7-5d7a-a2da-30048d489fbd,SRC-HFNU-2025-LQ,primary_evidence,"{""row_key"":""网络工程|合肥职业技术学院"",""section"":""录取最低分"",""table"":1,""url"":""https://zsb.hfnu.edu.cn/info/1002/3475.htm""}"
FACTSRC-1c79a934-8453-5568-a74d-919279d8a3ff,admission_scores,SCORE-22fa336f-253b-51ad-9e5e-c1b694f7fb1d,SRC-HFNU-2026-LQ,primary_evidence,"{""asset_id"":""ASSET-HFNU-2026-LQ-EMBEDDED-PDF"",""page"":2,""row_key"":""财务管理|安徽工业经济职业技术学院"",""section"":""录取最低分"",""table"":1}"
FACTSRC-480bffd4-50dc-54ca-b080-b5daf7e5dc88,admission_scores,SCORE-2328e121-3a28-576e-a31b-d7b3a7d09f98,SRC-HFNU-2024-LQ,primary_evidence,"{""row_key"":""学前教育|合肥师范学院"",""section"":""录取最低分"",""table"":4,""url"":""https://zsb.hfnu.edu.cn/info/1002/3065.htm""}"
FACTSRC-894e4f8e-cbce-56a5-9784-69ea3b97700c,admission_scores,SCORE-23dbe0dc-313f-5590-afc3-42ec876d216f,SRC-HFNU-2025-LQ,primary_evidence,"{""row_key"":""计算机科学与技术|马鞍山师范高等专科学校"",""section"":""录取最低分"",""table"":1,""url"":""https://zsb.hfnu.edu.cn/info/1002/3475.htm""}"
FACTSRC-1c6f445f-e49a-5dfa-94c9-ff877453a510,admission_scores,SCORE-26660510-7488-5886-9426-c7f4a50f7d53,SRC-HFNU-2026-LQ,primary_evidence,"{""asset_id"":""ASSET-HFNU-2026-LQ-EMBEDDED-PDF"",""page"":1,""row_key"":""药物制剂|合肥师范学院"",""section"":""录取最低分"",""table"":1}"
FACTSRC-a3ec5caf-7d93-5f0f-ad89-d6f934d01091,admission_scores,SCORE-27224714-856b-5651-864b-d468db34cf67,SRC-HFNU-2025-LQ,primary_evidence,"{""row_key"":""服装与服饰设计|合肥师范学院"",""section"":""录取最低分"",""table"":1,""url"":""https://zsb.hfnu.edu.cn/info/1002/3475.htm""}"
FACTSRC-5a19f5d3-56b3-5f30-b085-b07d5dcc2faf,admission_scores,SCORE-277ed3cd-9a96-56e5-9c28-efe2bc7dad0b,SRC-HFNU-2024-LQ,primary_evidence,"{""row_key"":""学前教育|合肥师范学院"",""section"":""录取最低分"",""table"":4,""url"":""https://zsb.hfnu.edu.cn/info/1002/3065.htm""}"
FACTSRC-83eb9b2a-97b6-5975-ac98-a435d642147a,admission_scores,SCORE-278cf0f1-4ad0-5b8f-9532-486574eb4462,SRC-HFNU-2026-LQ,primary_evidence,"{""asset_id"":""ASSET-HFNU-2026-LQ-EMBEDDED-PDF"",""page"":1,""row_key"":""商务英语|合肥师范学院"",""section"":""录取最低分"",""table"":1}"
FACTSRC-87886c6d-33d9-5afe-ae62-ede9bec99097,admission_scores,SCORE-2831f9cf-f168-5f08-a8b7-574e99fd9319,SRC-HFNU-2026-LQ,primary_evidence,"{""asset_id"":""ASSET-HFNU-2026-LQ-EMBEDDED-PDF"",""page"":2,""row_key"":""新能源材料与器件|合肥师范学院"",""section"":""录取最低分"",""table"":1}"
FACTSRC-5fc7078e-1627-57e0-b8b9-11b61919f0d6,admission_scores,SCORE-2870a539-7a0f-50ef-86a0-949a3e6e7b0e,SRC-HFNU-2024-LQ,primary_evidence,"{""row_key"":""网络与新媒体|合肥师范学院"",""section"":""录取最低分"",""table"":4,""url"":""https://zsb.hfnu.edu.cn/info/1002/3065.htm""}"
FACTSRC-b5afdccd-c0ae-5aa6-9b09-a347ec500a35,admission_scores,SCORE-29219b5c-2af2-5119-8447-5e88d7230bfe,SRC-HFNU-2024-LQ,primary_evidence,"{""row_key"":""材料科学与工程|合肥师范学院"",""section"":""录取最低分"",""table"":4,""url"":""https://zsb.hfnu.edu.cn/info/1002/3065.htm""}"
FACTSRC-4d093167-26b0-533c-bc48-4cebcdc29748,admission_scores,SCORE-29c3972b-84c1-5f8c-a711-98e7b04217e2,SRC-HFNU-2025-LQ,primary_evidence,"{""row_key"":""财务管理|安徽工业经济职业技术学院"",""section"":""录取最低分"",""table"":1,""url"":""https://zsb.hfnu.edu.cn/info/1002/3475.htm""}"
FACTSRC-1ff1d59f-deac-521f-b7a1-09ea3ee4aac7,admission_scores,SCORE-29fd1c09-e98b-5582-8769-ecbecb8a71e1,SRC-HFNU-2026-LQ,primary_evidence,"{""asset_id"":""ASSET-HFNU-2026-LQ-EMBEDDED-PDF"",""page"":2,""row_key"":""电气工程及其自动化|安徽工业经济职业技术学院"",""section"":""录取最低分"",""table"":1}"
FACTSRC-2c9e8a97-d610-5fd1-9991-e2eb60630ce0,admission_scores,SCORE-2a572914-7654-5682-bc2b-7d5953f387f4,SRC-HFNU-2024-LQ,primary_evidence,"{""row_key"":""网络与新媒体|合肥师范学院"",""section"":""录取最低分"",""table"":4,""url"":""https://zsb.hfnu.edu.cn/info/1002/3065.htm""}"
FACTSRC-3f9937de-9a34-5f5f-af0e-9ab6bc2b881d,admission_scores,SCORE-2abbeeb9-1f49-53aa-8d64-8918fb0b0776,SRC-HFNU-2024-LQ,primary_evidence,"{""row_key"":""计算机科学与技术|马鞍山师范高等专科学校"",""section"":""录取最低分"",""table"":4,""url"":""https://zsb.hfnu.edu.cn/info/1002/3065.htm""}"
FACTSRC-b173215a-9656-5cec-9935-2cafa0c08aff,admission_scores,SCORE-2c2b12ac-e4a9-51ae-bb89-24ec21d48f42,SRC-HFNU-2025-LQ,primary_evidence,"{""row_key"":""人力资源管理|合肥师范学院"",""section"":""录取最低分"",""table"":1,""url"":""https://zsb.hfnu.edu.cn/info/1002/3475.htm""}"
FACTSRC-41f647dc-f12a-51bf-a265-26831e8ad2d7,admission_scores,SCORE-2de8cb23-4bd8-5d41-99fa-7d34cbf49b6f,SRC-HFNU-2026-LQ,primary_evidence,"{""asset_id"":""ASSET-HFNU-2026-LQ-EMBEDDED-PDF"",""page"":2,""row_key"":""运动康复|合肥师范学院"",""section"":""录取最低分"",""table"":1}"
FACTSRC-39738faf-aa47-51d6-b270-0fa8e1e3981a,admission_scores,SCORE-2f24fe35-05ea-5c6c-9d3a-eed142a8bb57,SRC-HFNU-2024-LQ,primary_evidence,"{""row_key"":""计算机科学与技术|安徽工业经济职业技术学院"",""section"":""录取最低分"",""table"":4,""url"":""https://zsb.hfnu.edu.cn/info/1002/3065.htm""}"
FACTSRC-0e445a23-ebf1-5322-8cfb-6d979b9e5c30,admission_scores,SCORE-2f84c7cf-be09-5d91-906f-0ba6e5f34959,SRC-HFNU-2025-LQ,primary_evidence,"{""row_key"":""电子信息工程|合肥师范学院"",""section"":""录取最低分"",""table"":1,""url"":""https://zsb.hfnu.edu.cn/info/1002/3475.htm""}"
FACTSRC-f0d3e43f-3421-56e3-b283-ffa69e82c2dd,admission_scores,SCORE-2fa398de-5c91-52cd-9fe1-3a6ac9360a13,SRC-HFNU-2024-LQ,primary_evidence,"{""row_key"":""食品质量与安全|马鞍山师范高等专科学校"",""section"":""录取最低分"",""table"":4,""url"":""https://zsb.hfnu.edu.cn/info/1002/3065.htm""}"
FACTSRC-3a451941-2815-55d2-b877-2a5600a16e7d,admission_scores,SCORE-300e523b-8c7a-5640-bced-ddd6cdb1b8b2,SRC-HFNU-2026-LQ,primary_evidence,"{""asset_id"":""ASSET-HFNU-2026-LQ-EMBEDDED-PDF"",""page"":1,""row_key"":""化学工程与工艺|合肥师范学院"",""section"":""录取最低分"",""table"":1}"
FACTSRC-2d34ef69-f4c5-500d-a8e6-e297838f0a26,admission_scores,SCORE-305d9251-3777-5427-819a-a3f0a0f1b964,SRC-HFNU-2025-LQ,primary_evidence,"{""row_key"":""环境设计|马鞍山师范高等专科学校"",""section"":""录取最低分"",""table"":1,""url"":""https://zsb.hfnu.edu.cn/info/1002/3475.htm""}"
FACTSRC-c30b48c0-17d0-5e32-a1d3-25f406c784e7,admission_scores,SCORE-307ab356-a88e-5d60-9f90-4ea1fea0af69,SRC-HFNU-2024-LQ,primary_evidence,"{""row_key"":""环境设计|马鞍山师范高等专科学校"",""section"":""录取最低分"",""table"":4,""url"":""https://zsb.hfnu.edu.cn/info/1002/3065.htm""}"
FACTSRC-e34c72f8-256b-560f-bf36-93dc054fc8ff,admission_scores,SCORE-30e974b9-3033-5cd6-b657-27b3e520f245,SRC-HFNU-2026-LQ,primary_evidence,"{""asset_id"":""ASSET-HFNU-2026-LQ-EMBEDDED-PDF"",""page"":1,""row_key"":""通信工程|合肥师范学院"",""section"":""录取最低分"",""table"":1}"
FACTSRC-a463778c-7b7e-51c3-b649-45a5e273b17a,admission_scores,SCORE-3198d09e-aca8-508e-bda0-137fa1850578,SRC-HFNU-2026-LQ,primary_evidence,"{""asset_id"":""ASSET-HFNU-2026-LQ-EMBEDDED-PDF"",""page"":2,""row_key"":""财务管理|安徽工业经济职业技术学院"",""section"":""录取最低分"",""table"":1}"
FACTSRC-957dee03-cdd8-5d1a-9b22-6deb92768100,admission_scores,SCORE-3299e211-1eff-5839-ad30-9797b4b1b85a,SRC-HFNU-2025-LQ,primary_evidence,"{""row_key"":""财务管理|安徽工业经济职业技术学院"",""section"":""录取最低分"",""table"":1,""url"":""https://zsb.hfnu.edu.cn/info/1002/3475.htm""}"
FACTSRC-9aeb3a3a-0888-5a26-bdef-5f5dfb069c12,admission_scores,SCORE-33da196b-6f4e-59ab-b28f-5e40b77c5f6b,SRC-HFNU-2025-LQ,primary_evidence,"{""row_key"":""人力资源管理|合肥师范学院"",""section"":""录取最低分"",""table"":1,""url"":""https://zsb.hfnu.edu.cn/info/1002/3475.htm""}"
FACTSRC-b29aa02d-cfa9-58b6-8a47-ee3bbf982374,admission_scores,SCORE-344be959-5b43-56ef-a423-b4d3508fc705,SRC-HFNU-2024-LQ,primary_evidence,"{""row_key"":""药物制剂|合肥师范学院"",""section"":""录取最低分"",""table"":4,""url"":""https://zsb.hfnu.edu.cn/info/1002/3065.htm""}"
FACTSRC-0d46d8b0-ebb8-5803-9d6f-7e7fe0390693,admission_scores,SCORE-34b3c797-2906-5daf-986d-5ae9c4655e67,SRC-HFNU-2026-LQ,primary_evidence,"{""asset_id"":""ASSET-HFNU-2026-LQ-EMBEDDED-PDF"",""page"":1,""row_key"":""通信工程|合肥师范学院"",""section"":""录取最低分"",""table"":1}"
FACTSRC-9037f3a4-0540-5b25-a8a1-22e83f9aa7fd,admission_scores,SCORE-35029e0b-9063-5624-99f3-976625ed1c58,SRC-HFNU-2024-LQ,primary_evidence,"{""row_key"":""运动康复|合肥职业技术学院"",""section"":""录取最低分"",""table"":4,""url"":""https://zsb.hfnu.edu.cn/info/1002/3065.htm""}"
FACTSRC-ad1b1620-705f-588b-b318-42cb0637771f,admission_scores,SCORE-3555f751-b566-5aa4-b4bf-20fc5e7acea0,SRC-HFNU-2026-LQ,primary_evidence,"{""asset_id"":""ASSET-HFNU-2026-LQ-EMBEDDED-PDF"",""page"":1,""row_key"":""市场营销|合肥师范学院"",""section"":""录取最低分"",""table"":1}"
FACTSRC-44855a27-3494-5043-80f7-80004330408c,admission_scores,SCORE-366d7114-d44c-5aa9-a62a-c52aa0dd9749,SRC-HFNU-2025-LQ,primary_evidence,"{""row_key"":""食品质量与安全|马鞍山师范高等专科学校"",""section"":""录取最低分"",""table"":1,""url"":""https://zsb.hfnu.edu.cn/info/1002/3475.htm""}"
FACTSRC-c8d4746d-d863-5a55-966c-2dd7f4189b1d,admission_scores,SCORE-36ee1445-afe5-5ac6-b7b7-17040cc1f20a,SRC-HFNU-2024-LQ,primary_evidence,"{""row_key"":""动画|合肥师范学院"",""section"":""录取最低分"",""table"":4,""url"":""https://zsb.hfnu.edu.cn/info/1002/3065.htm""}"
FACTSRC-7a5c386b-07b2-5429-80b4-220e217b4415,admission_scores,SCORE-378902b9-6489-5c36-b6cb-9f50f7cc116c,SRC-HFNU-2024-LQ,primary_evidence,"{""row_key"":""电子信息工程|合肥师范学院"",""section"":""录取最低分"",""table"":4,""url"":""https://zsb.hfnu.edu.cn/info/1002/3065.htm""}"
FACTSRC-a0d4efca-0b31-538a-abef-06f1ddeeb3d9,admission_scores,SCORE-37ea99e1-28fd-5b78-aa5c-235019a078a0,SRC-HFNU-2024-LQ,primary_evidence,"{""row_key"":""生物制药|合肥师范学院"",""section"":""录取最低分"",""table"":4,""url"":""https://zsb.hfnu.edu.cn/info/1002/3065.htm""}"
FACTSRC-b6b8eb29-d47c-58f4-a70d-deb88ec1f665,admission_scores,SCORE-384386b8-f2a0-5ee7-86aa-9898ca0f1159,SRC-HFNU-2024-LQ,primary_evidence,"{""row_key"":""经济统计学|合肥师范学院"",""section"":""录取最低分"",""table"":4,""url"":""https://zsb.hfnu.edu.cn/info/1002/3065.htm""}"
FACTSRC-91257af5-a58e-5142-a3b0-eef27e242301,admission_scores,SCORE-386e40ce-715c-5b1f-969c-d72fe2edf381,SRC-HFNU-2026-LQ,primary_evidence,"{""asset_id"":""ASSET-HFNU-2026-LQ-EMBEDDED-PDF"",""page"":2,""row_key"":""运动康复|合肥师范学院"",""section"":""录取最低分"",""table"":1}"
FACTSRC-3ff849e5-57cd-5fa3-81c1-092799de8214,admission_scores,SCORE-3889f619-e655-5f95-a7cc-5e0fe723e5cb,SRC-HFNU-2024-LQ,primary_evidence,"{""row_key"":""药物制剂|合肥师范学院"",""section"":""录取最低分"",""table"":4,""url"":""https://zsb.hfnu.edu.cn/info/1002/3065.htm""}"
FACTSRC-4ff8c213-ce89-537f-a368-300e0faffdee,admission_scores,SCORE-38d1e091-beac-599e-966e-f46c16f69fbe,SRC-HFNU-2024-LQ,primary_evidence,"{""row_key"":""运动康复|合肥职业技术学院"",""section"":""录取最低分"",""table"":4,""url"":""https://zsb.hfnu.edu.cn/info/1002/3065.htm""}"
FACTSRC-8f49e772-572a-5f72-949b-fc6406f2dd33,admission_scores,SCORE-39b43a5d-3390-54d9-a7ca-ed4e7b5e03c1,SRC-HFNU-2024-LQ,primary_evidence,"{""row_key"":""人力资源管理|合肥师范学院"",""section"":""录取最低分"",""table"":4,""url"":""https://zsb.hfnu.edu.cn/info/1002/3065.htm""}"
FACTSRC-32d7cdda-8b66-50c3-a4e5-664631bcb5b7,admission_scores,SCORE-39bb7595-24d2-5bd5-8bae-840cd894c446,SRC-HFNU-2025-LQ,primary_evidence,"{""row_key"":""电气工程及其自动化|淮北职业技术学院"",""section"":""录取最低分"",""table"":1,""url"":""https://zsb.hfnu.edu.cn/info/1002/3475.htm""}"
FACTSRC-ec83553f-b5e7-5a81-83a9-6e33c8a02dce,admission_scores,SCORE-39d052ae-27ac-5128-8202-cab358de9924,SRC-HFNU-2025-LQ,primary_evidence,"{""row_key"":""环境设计|马鞍山师范高等专科学校"",""section"":""录取最低分"",""table"":1,""url"":""https://zsb.hfnu.edu.cn/info/1002/3475.htm""}"
FACTSRC-c16acf45-592d-57d9-bda7-1c127bb7e8f4,admission_scores,SCORE-3ccdfbb7-0cf1-5cb2-b02e-b4182b8b800a,SRC-HFNU-2025-LQ,primary_evidence,"{""row_key"":""软件工程|合肥师范学院"",""section"":""录取最低分"",""table"":1,""url"":""https://zsb.hfnu.edu.cn/info/1002/3475.htm""}"
FACTSRC-17b8cc2c-32e3-5b34-9463-a729107559bf,admission_scores,SCORE-3d012c9c-c055-5ad8-a256-2bcc62eaea59,SRC-HFNU-2025-LQ,primary_evidence,"{""row_key"":""动画|合肥师范学院"",""section"":""录取最低分"",""table"":1,""url"":""https://zsb.hfnu.edu.cn/info/1002/3475.htm""}"
FACTSRC-7bb18f4e-3f7d-5e29-a0fa-2a5acdc7a7a7,admission_scores,SCORE-3d306f77-1dd0-5b5f-8e92-8b4c7cf15752,SRC-HFNU-2026-LQ,primary_evidence,"{""asset_id"":""ASSET-HFNU-2026-LQ-EMBEDDED-PDF"",""page"":2,""row_key"":""小学教育|淮北职业技术学院"",""section"":""录取最低分"",""table"":1}"
FACTSRC-fc1223d8-9fc0-50b6-ab70-1f9da9699c71,admission_scores,SCORE-3d989530-3b56-56ef-892d-99f465f284e5,SRC-HFNU-2025-LQ,primary_evidence,"{""row_key"":""网络工程|安徽工业经济职业技术学院"",""section"":""录取最低分"",""table"":1,""url"":""https://zsb.hfnu.edu.cn/info/1002/3475.htm""}"
FACTSRC-5c123920-f6ba-5f7d-83e9-7d322d81c2c6,admission_scores,SCORE-3d9ebc8b-70f7-5073-b6aa-5c99b2ece92e,SRC-HFNU-2025-LQ,primary_evidence,"{""row_key"":""服装与服饰设计|合肥师范学院"",""section"":""录取最低分"",""table"":1,""url"":""https://zsb.hfnu.edu.cn/info/1002/3475.htm""}"
FACTSRC-86f77a35-1e28-50e6-a358-935244a1234d,admission_scores,SCORE-3e0fd7e3-5089-52dd-bba0-9ca478271dc2,SRC-HFNU-2024-LQ,primary_evidence,"{""row_key"":""通信工程|合肥师范学院"",""section"":""录取最低分"",""table"":4,""url"":""https://zsb.hfnu.edu.cn/info/1002/3065.htm""}"
FACTSRC-d991e233-ceac-5028-b8b5-b2a431d9594c,admission_scores,SCORE-3e2bc128-91e2-51cf-9259-562218bc9719,SRC-HFNU-2025-LQ,primary_evidence,"{""row_key"":""药物制剂|合肥师范学院"",""section"":""录取最低分"",""table"":1,""url"":""https://zsb.hfnu.edu.cn/info/1002/3475.htm""}"
FACTSRC-1c4c92a0-7fcc-5c5c-afd3-1fd8353c7dbd,admission_scores,SCORE-3e541ab3-12ec-5578-a100-703c2be293f2,SRC-HFNU-2024-LQ,primary_evidence,"{""row_key"":""电气工程及其自动化|安徽工业经济职业技术学院"",""section"":""录取最低分"",""table"":4,""url"":""https://zsb.hfnu.edu.cn/info/1002/3065.htm""}"
FACTSRC-7b9f1883-1ccb-5d12-90b3-9df04f82b5cb,admission_scores,SCORE-3ee61f98-16e3-5332-9d1b-d6601ad0121c,SRC-HFNU-2025-LQ,primary_evidence,"{""row_key"":""计算机科学与技术|马鞍山师范高等专科学校"",""section"":""录取最低分"",""table"":1,""url"":""https://zsb.hfnu.edu.cn/info/1002/3475.htm""}"
FACTSRC-ddb17740-1617-5955-96f2-6cddb6ffa54c,admission_scores,SCORE-3f3f2f12-029a-59d7-9954-616256c06d39,SRC-HFNU-2024-LQ,primary_evidence,"{""row_key"":""市场营销|安徽工业经济职业技术学院"",""section"":""录取最低分"",""table"":4,""url"":""https://zsb.hfnu.edu.cn/info/1002/3065.htm""}"
FACTSRC-7d2edceb-cea5-521a-8d0e-5a7c7add39d7,admission_scores,SCORE-403b8162-48f0-51ef-9ccc-fbe54ba2c34f,SRC-HFNU-2025-LQ,primary_evidence,"{""row_key"":""食品质量与安全|马鞍山师范高等专科学校"",""section"":""录取最低分"",""table"":1,""url"":""https://zsb.hfnu.edu.cn/info/1002/3475.htm""}"
FACTSRC-be8a754c-834f-5718-8c1e-26b250500207,admission_scores,SCORE-4078e72e-1bad-57fa-b003-90c55ef1f749,SRC-HFNU-2026-LQ,primary_evidence,"{""asset_id"":""ASSET-HFNU-2026-LQ-EMBEDDED-PDF"",""page"":2,""row_key"":""食品质量与安全|马鞍山师范高等专科学校"",""section"":""录取最低分"",""table"":1}"
FACTSRC-6ab17050-e333-5fdd-9b43-552b56b5dba8,admission_scores,SCORE-4081cf17-5e5c-5b86-be24-4c8370aadefc,SRC-HFNU-2026-LQ,primary_evidence,"{""asset_id"":""ASSET-HFNU-2026-LQ-EMBEDDED-PDF"",""page"":2,""row_key"":""音乐学|合肥师范学院"",""section"":""录取最低分"",""table"":1}"
FACTSRC-2149ef74-985d-548a-b562-21df499e2f2f,admission_scores,SCORE-412ac9ca-62ec-54f9-8591-98b483db300b,SRC-HFNU-2026-LQ,primary_evidence,"{""asset_id"":""ASSET-HFNU-2026-LQ-EMBEDDED-PDF"",""page"":1,""row_key"":""经济统计学|合肥师范学院"",""section"":""录取最低分"",""table"":1}"
FACTSRC-3de721ed-41a1-5ba3-963e-a62945a9a60a,admission_scores,SCORE-4172ddf3-8a35-593f-be51-7745587a8a56,SRC-HFNU-2024-LQ,primary_evidence,"{""row_key"":""互联网金融|合肥师范学院"",""section"":""录取最低分"",""table"":4,""url"":""https://zsb.hfnu.edu.cn/info/1002/3065.htm""}"
FACTSRC-80d184fb-fac0-52a2-b699-114c07edec98,admission_scores,SCORE-4257bf47-4b40-5050-a868-898d5852007f,SRC-HFNU-2025-LQ,primary_evidence,"{""row_key"":""食品质量与安全|马鞍山师范高等专科学校"",""section"":""录取最低分"",""table"":1,""url"":""https://zsb.hfnu.edu.cn/info/1002/3475.htm""}"
FACTSRC-98a51871-83b6-56d5-8e71-85a040f4c185,admission_scores,SCORE-42645e7a-3b42-51a2-aacf-2708b81c54d4,SRC-HFNU-2026-LQ,primary_evidence,"{""asset_id"":""ASSET-HFNU-2026-LQ-EMBEDDED-PDF"",""page"":2,""row_key"":""视觉传达设计|合肥师范学院"",""section"":""录取最低分"",""table"":1}"
FACTSRC-d7923327-cd4f-566c-b99d-375b3d5f618c,admission_scores,SCORE-42a6580c-da8e-5caa-86d7-8a961d6290f8,SRC-HFNU-2026-LQ,primary_evidence,"{""asset_id"":""ASSET-HFNU-2026-LQ-EMBEDDED-PDF"",""page"":1,""row_key"":""电子信息工程|合肥师范学院"",""section"":""录取最低分"",""table"":1}"
FACTSRC-ba78f128-8bc4-5b73-ada0-1a996fe0834b,admission_scores,SCORE-42eaeda2-8859-5959-a249-e2d3b1695f83,SRC-HFNU-2024-LQ,primary_evidence,"{""row_key"":""视觉传达设计|合肥师范学院"",""section"":""录取最低分"",""table"":4,""url"":""https://zsb.hfnu.edu.cn/info/1002/3065.htm""}"
FACTSRC-46338c90-d005-5403-b025-c2e35986dcdc,admission_scores,SCORE-42ffd4cd-ad31-5dfc-ba9a-cce776a4144c,SRC-HFNU-2024-LQ,primary_evidence,"{""row_key"":""数据科学与大数据技术|合肥师范学院"",""section"":""录取最低分"",""table"":4,""url"":""https://zsb.hfnu.edu.cn/info/1002/3065.htm""}"
FACTSRC-f27be597-7926-5402-a133-23e78b4aee4c,admission_scores,SCORE-43408c69-0476-5636-8d69-22d82f950932,SRC-HFNU-2024-LQ,primary_evidence,"{""row_key"":""人力资源管理|合肥师范学院"",""section"":""录取最低分"",""table"":4,""url"":""https://zsb.hfnu.edu.cn/info/1002/3065.htm""}"
FACTSRC-113ce27d-425d-55a9-a7da-4fec8f362be7,admission_scores,SCORE-43491ea0-5dba-548a-8d52-95e23173bf8a,SRC-HFNU-2024-LQ,primary_evidence,"{""row_key"":""电气工程及其自动化|安徽工业经济职业技术学院"",""section"":""录取最低分"",""table"":4,""url"":""https://zsb.hfnu.edu.cn/info/1002/3065.htm""}"
FACTSRC-0b427792-73ab-505a-a5d6-e3974716dc75,admission_scores,SCORE-437216a3-cfc7-5f5b-b333-3bb77e25aec5,SRC-HFNU-2024-LQ,primary_evidence,"{""row_key"":""网络工程|安徽工业经济职业技术学院"",""section"":""录取最低分"",""table"":4,""url"":""https://zsb.hfnu.edu.cn/info/1002/3065.htm""}"
FACTSRC-74f651f3-7fde-52cb-8d36-0eb6a7eba041,admission_scores,SCORE-43afc50a-f987-5c9c-95c2-d6bfe852f6d4,SRC-HFNU-2025-LQ,primary_evidence,"{""row_key"":""音乐学|合肥师范学院"",""section"":""录取最低分"",""table"":1,""url"":""https://zsb.hfnu.edu.cn/info/1002/3475.htm""}"
FACTSRC-aa007048-04b5-5edd-a377-559f3654ef18,admission_scores,SCORE-445391a6-672c-5ab6-a2e6-738a71421da7,SRC-HFNU-2025-LQ,primary_evidence,"{""row_key"":""小学教育|淮北职业技术学院"",""section"":""录取最低分"",""table"":1,""url"":""https://zsb.hfnu.edu.cn/info/1002/3475.htm""}"
FACTSRC-f91ac4e2-3586-58d6-af27-71e79ea385fd,admission_scores,SCORE-445fd049-6c43-5f7d-b451-bd2f430614b6,SRC-HFNU-2024-LQ,primary_evidence,"{""row_key"":""经济统计学|合肥师范学院"",""section"":""录取最低分"",""table"":4,""url"":""https://zsb.hfnu.edu.cn/info/1002/3065.htm""}"
FACTSRC-8fee15cb-a467-5358-96b2-edacbfed0f59,admission_scores,SCORE-44b06a37-38a5-5182-9739-a7eb3d6238b9,SRC-HFNU-2024-LQ,primary_evidence,"{""row_key"":""通信工程|合肥师范学院"",""section"":""录取最低分"",""table"":4,""url"":""https://zsb.hfnu.edu.cn/info/1002/3065.htm""}"
FACTSRC-bd3d621c-5c77-564b-a25f-4ead503f3d4a,admission_scores,SCORE-44e24f3d-5331-5ceb-a7eb-31b75f0dc537,SRC-HFNU-2026-LQ,primary_evidence,"{""asset_id"":""ASSET-HFNU-2026-LQ-EMBEDDED-PDF"",""page"":1,""row_key"":""化学工程与工艺|合肥师范学院"",""section"":""录取最低分"",""table"":1}"
FACTSRC-35c73291-eb0d-572a-9463-4761044629ac,admission_scores,SCORE-45069e0e-518f-5540-a018-5bb09d8aa5be,SRC-HFNU-2025-LQ,primary_evidence,"{""row_key"":""商务英语|合肥师范学院"",""section"":""录取最低分"",""table"":1,""url"":""https://zsb.hfnu.edu.cn/info/1002/3475.htm""}"
FACTSRC-af9928f9-8303-5adb-a022-73b84bf06cb7,admission_scores,SCORE-45158424-0b07-5f6c-8233-44c4169ec4c7,SRC-HFNU-2026-LQ,primary_evidence,"{""asset_id"":""ASSET-HFNU-2026-LQ-EMBEDDED-PDF"",""page"":2,""row_key"":""电气工程及其自动化|淮北职业技术学院"",""section"":""录取最低分"",""table"":1}"
FACTSRC-59956d4b-c94d-531f-acca-98ec31e90c92,admission_scores,SCORE-451e9586-6800-51a7-b228-77f574694977,SRC-HFNU-2025-LQ,primary_evidence,"{""row_key"":""新能源材料与器件|合肥师范学院"",""section"":""录取最低分"",""table"":1,""url"":""https://zsb.hfnu.edu.cn/info/1002/3475.htm""}"
FACTSRC-8f6d99c5-5714-5869-a8fb-5cdaa0404127,admission_scores,SCORE-45210c13-0486-5e43-88c7-4b2d0c9da2ad,SRC-HFNU-2026-LQ,primary_evidence,"{""asset_id"":""ASSET-HFNU-2026-LQ-EMBEDDED-PDF"",""page"":2,""row_key"":""音乐学|合肥师范学院"",""section"":""录取最低分"",""table"":1}"
FACTSRC-daa6dac2-81a8-50c9-9213-897ffdaacd72,admission_scores,SCORE-452992e6-c645-5e92-b629-9a36af3fbb5f,SRC-HFNU-2024-LQ,primary_evidence,"{""row_key"":""环境设计|马鞍山师范高等专科学校"",""section"":""录取最低分"",""table"":4,""url"":""https://zsb.hfnu.edu.cn/info/1002/3065.htm""}"
FACTSRC-ca5597ff-8fe4-55a4-9b26-3fa3734d22ff,admission_scores,SCORE-45497065-026b-57c9-bb6f-3b2dd1b0c59d,SRC-HFNU-2026-LQ,primary_evidence,"{""asset_id"":""ASSET-HFNU-2026-LQ-EMBEDDED-PDF"",""page"":1,""row_key"":""经济统计学|合肥师范学院"",""section"":""录取最低分"",""table"":1}"
FACTSRC-879f3b3e-4b56-54b4-97e3-832ba463bfea,admission_scores,SCORE-45a8d3c9-cfb3-5568-9f8a-70ab4571eba0,SRC-HFNU-2024-LQ,primary_evidence,"{""row_key"":""财务管理|安徽工业经济职业技术学院"",""section"":""录取最低分"",""table"":4,""url"":""https://zsb.hfnu.edu.cn/info/1002/3065.htm""}"
FACTSRC-32bb3255-d88c-5926-84e1-05b3e4500393,admission_scores,SCORE-45f06b37-a695-5c29-b03b-c1dec91595ee,SRC-HFNU-2024-LQ,primary_evidence,"{""row_key"":""商务英语|合肥师范学院"",""section"":""录取最低分"",""table"":4,""url"":""https://zsb.hfnu.edu.cn/info/1002/3065.htm""}"
FACTSRC-841d6223-b7cc-57be-b9c3-2de1cd4d5363,admission_scores,SCORE-4661f14f-f09a-5d62-b8ba-5e5addb1f38a,SRC-HFNU-2025-LQ,primary_evidence,"{""row_key"":""学前教育|合肥师范学院"",""section"":""录取最低分"",""table"":1,""url"":""https://zsb.hfnu.edu.cn/info/1002/3475.htm""}"
FACTSRC-62b1bb34-5fe3-5472-a383-dac0995c7991,admission_scores,SCORE-473aef86-f8c0-5f70-93a2-c121990d40e9,SRC-HFNU-2026-LQ,primary_evidence,"{""asset_id"":""ASSET-HFNU-2026-LQ-EMBEDDED-PDF"",""page"":2,""row_key"":""计算机科学与技术|马鞍山师范高等专科学校"",""section"":""录取最低分"",""table"":1}"
FACTSRC-d5405de1-af2e-5376-8bfa-3b7aa02c9ec1,admission_scores,SCORE-48136050-a066-5778-9f86-3c52f2566ec7,SRC-HFNU-2025-LQ,primary_evidence,"{""row_key"":""互联网金融|合肥师范学院"",""section"":""录取最低分"",""table"":1,""url"":""https://zsb.hfnu.edu.cn/info/1002/3475.htm""}"
FACTSRC-ef22e213-c34a-5326-9815-c163a1275b44,admission_scores,SCORE-4ab50738-05e1-5153-84ec-38012c415c36,SRC-HFNU-2026-LQ,primary_evidence,"{""asset_id"":""ASSET-HFNU-2026-LQ-EMBEDDED-PDF"",""page"":2,""row_key"":""网络工程|安徽工业经济职业技术学院"",""section"":""录取最低分"",""table"":1}"
FACTSRC-039633dc-2a7d-5355-8e96-d48ecb041f6e,admission_scores,SCORE-4b283196-80a5-5032-b53e-b613939f789d,SRC-HFNU-2026-LQ,primary_evidence,"{""asset_id"":""ASSET-HFNU-2026-LQ-EMBEDDED-PDF"",""page"":2,""row_key"":""新能源材料与器件|合肥师范学院"",""section"":""录取最低分"",""table"":1}"
FACTSRC-4d021641-bd72-59b4-9cd6-3b9c926aafec,admission_scores,SCORE-4b397d04-ff47-5afb-a25d-caf72b5cf80f,SRC-HFNU-2024-LQ,primary_evidence,"{""row_key"":""电子信息工程|合肥师范学院"",""section"":""录取最低分"",""table"":4,""url"":""https://zsb.hfnu.edu.cn/info/1002/3065.htm""}"
FACTSRC-c0cdefb4-3ff6-5e32-8148-9953ae8d0594,admission_scores,SCORE-4b45cadb-fc2a-5eb2-b1f9-a42532f88326,SRC-HFNU-2025-LQ,primary_evidence,"{""row_key"":""经济统计学|合肥师范学院"",""section"":""录取最低分"",""table"":1,""url"":""https://zsb.hfnu.edu.cn/info/1002/3475.htm""}"
FACTSRC-06c456e5-ba52-551c-847d-b602aeefa332,admission_scores,SCORE-4b818bb4-150e-5b00-a1fe-c8ce090745df,SRC-HFNU-2026-LQ,primary_evidence,"{""asset_id"":""ASSET-HFNU-2026-LQ-EMBEDDED-PDF"",""page"":1,""row_key"":""网络与新媒体|合肥师范学院"",""section"":""录取最低分"",""table"":1}"
FACTSRC-587aa9ff-f927-5760-8f01-57f3ca133d09,admission_scores,SCORE-4bd147f2-c7b9-537f-a861-4d8e669d88b3,SRC-HFNU-2026-LQ,primary_evidence,"{""asset_id"":""ASSET-HFNU-2026-LQ-EMBEDDED-PDF"",""page"":1,""row_key"":""经济统计学|合肥师范学院"",""section"":""录取最低分"",""table"":1}"
FACTSRC-94c40fed-2413-5ac7-be58-b5573b93f7b2,admission_scores,SCORE-4bf6382d-3ab8-5b4a-b2b8-15f401f46f9c,SRC-HFNU-2026-LQ,primary_evidence,"{""asset_id"":""ASSET-HFNU-2026-LQ-EMBEDDED-PDF"",""page"":1,""row_key"":""经济统计学|合肥师范学院"",""section"":""录取最低分"",""table"":1}"
FACTSRC-bf66dcb6-246a-5355-8560-b3db8c4f70c9,admission_scores,SCORE-4c09ea02-f986-5a02-b9a9-be7cb9006c27,SRC-HFNU-2026-LQ,primary_evidence,"{""asset_id"":""ASSET-HFNU-2026-LQ-EMBEDDED-PDF"",""page"":2,""row_key"":""小学教育|淮北职业技术学院"",""section"":""录取最低分"",""table"":1}"
FACTSRC-3a71c783-c75c-5e15-83ac-f3644d2c32e2,admission_scores,SCORE-4d4d3b87-cd80-5bba-8d73-08cb0ddaad28,SRC-HFNU-2024-LQ,primary_evidence,"{""row_key"":""电气工程及其自动化|安徽工业经济职业技术学院"",""section"":""录取最低分"",""table"":4,""url"":""https://zsb.hfnu.edu.cn/info/1002/3065.htm""}"
FACTSRC-006e79f7-72db-5d7e-a056-fa663cb3d4bb,admission_scores,SCORE-4df92691-8486-5309-a9ae-e055bf90a841,SRC-HFNU-2025-LQ,primary_evidence,"{""row_key"":""生物制药|合肥师范学院"",""section"":""录取最低分"",""table"":1,""url"":""https://zsb.hfnu.edu.cn/info/1002/3475.htm""}"
FACTSRC-a91f8e9f-838c-53a0-bd53-c730eb79c859,admission_scores,SCORE-4e0b6d6f-0f7c-5d0c-ad9b-2142e9d55513,SRC-HFNU-2026-LQ,primary_evidence,"{""asset_id"":""ASSET-HFNU-2026-LQ-EMBEDDED-PDF"",""page"":2,""row_key"":""视觉传达设计|合肥师范学院"",""section"":""录取最低分"",""table"":1}"
FACTSRC-a59734b9-1cd1-5b03-9e55-ad32dd258ceb,admission_scores,SCORE-503f8fde-7b3b-55a4-ade3-436a308f5d2f,SRC-HFNU-2025-LQ,primary_evidence,"{""row_key"":""软件工程|合肥师范学院"",""section"":""录取最低分"",""table"":1,""url"":""https://zsb.hfnu.edu.cn/info/1002/3475.htm""}"
FACTSRC-49422b67-819a-5af1-98bd-a76d5288ef89,admission_scores,SCORE-51b6011d-62f1-5549-81af-fe8663249eb4,SRC-HFNU-2026-LQ,primary_evidence,"{""asset_id"":""ASSET-HFNU-2026-LQ-EMBEDDED-PDF"",""page"":1,""row_key"":""互联网金融|合肥师范学院"",""section"":""录取最低分"",""table"":1}"
FACTSRC-71f5b3e3-c927-5712-8670-5f7883f02412,admission_scores,SCORE-523e8997-f325-542e-9118-70447b3dd209,SRC-HFNU-2024-LQ,primary_evidence,"{""row_key"":""学前教育|合肥师范学院"",""section"":""录取最低分"",""table"":4,""url"":""https://zsb.hfnu.edu.cn/info/1002/3065.htm""}"
FACTSRC-a89817f0-a31b-5129-bb40-3a38b9469629,admission_scores,SCORE-523edcf5-7938-585b-afec-288e22af05b1,SRC-HFNU-2024-LQ,primary_evidence,"{""row_key"":""制药工程|合肥职业技术学院"",""section"":""录取最低分"",""table"":4,""url"":""https://zsb.hfnu.edu.cn/info/1002/3065.htm""}"
FACTSRC-95d2b831-7ef3-5ad0-94b2-79f54626538b,admission_scores,SCORE-52484b02-b0de-54e9-a389-34d584b70d02,SRC-HFNU-2026-LQ,primary_evidence,"{""asset_id"":""ASSET-HFNU-2026-LQ-EMBEDDED-PDF"",""page"":2,""row_key"":""小学教育|淮北职业技术学院"",""section"":""录取最低分"",""table"":1}"
FACTSRC-efd6ee00-d7a6-5470-8d38-997fd83ff90a,admission_scores,SCORE-5281d358-6da5-58c5-9ba8-b59bf85f4029,SRC-HFNU-2025-LQ,primary_evidence,"{""row_key"":""制药工程|合肥职业技术学院"",""section"":""录取最低分"",""table"":1,""url"":""https://zsb.hfnu.edu.cn/info/1002/3475.htm""}"
FACTSRC-5c266f3b-1875-5501-a082-cb1d5d31b724,admission_scores,SCORE-52f17e13-a336-566e-be19-e417b711d272,SRC-HFNU-2025-LQ,primary_evidence,"{""row_key"":""化学工程与工艺|合肥师范学院"",""section"":""录取最低分"",""table"":1,""url"":""https://zsb.hfnu.edu.cn/info/1002/3475.htm""}"
FACTSRC-ce468c8d-a143-50f7-b192-3b14822e5681,admission_scores,SCORE-530936ca-8aaa-5bb3-94c0-b4ee985eba90,SRC-HFNU-2026-LQ,primary_evidence,"{""asset_id"":""ASSET-HFNU-2026-LQ-EMBEDDED-PDF"",""page"":2,""row_key"":""计算机科学与技术|安徽工业经济职业技术学院"",""section"":""录取最低分"",""table"":1}"
FACTSRC-8aab5daa-934a-56b3-b017-1432df90b964,admission_scores,SCORE-53178ed9-3ff4-5fe6-ae0a-2548110d8f97,SRC-HFNU-2025-LQ,primary_evidence,"{""row_key"":""动画|合肥师范学院"",""section"":""录取最低分"",""table"":1,""url"":""https://zsb.hfnu.edu.cn/info/1002/3475.htm""}"
FACTSRC-8523ab24-554a-5c6b-8dcc-0eee9f1ddca6,admission_scores,SCORE-54206bfa-371e-5266-98f1-a80c345eb588,SRC-HFNU-2026-LQ,primary_evidence,"{""asset_id"":""ASSET-HFNU-2026-LQ-EMBEDDED-PDF"",""page"":1,""row_key"":""市场营销|合肥师范学院"",""section"":""录取最低分"",""table"":1}"
FACTSRC-47d62c52-919f-5ba3-98f0-32aed709b5a3,admission_scores,SCORE-54ed8c52-7f91-5b67-872e-81c76f01a4b2,SRC-HFNU-2026-LQ,primary_evidence,"{""asset_id"":""ASSET-HFNU-2026-LQ-EMBEDDED-PDF"",""page"":2,""row_key"":""电气工程及其自动化|淮北职业技术学院"",""section"":""录取最低分"",""table"":1}"
FACTSRC-245e25f0-65ee-535a-a264-9346afe50d1e,admission_scores,SCORE-55635a50-fd80-5a0f-9e5d-d514a296d964,SRC-HFNU-2024-LQ,primary_evidence,"{""row_key"":""学前教育|合肥师范学院"",""section"":""录取最低分"",""table"":4,""url"":""https://zsb.hfnu.edu.cn/info/1002/3065.htm""}"
FACTSRC-24d7d9e0-4709-5bd9-8118-335d4d24a651,admission_scores,SCORE-55c1d699-2ab5-5640-b4f9-c08e4443d543,SRC-HFNU-2024-LQ,primary_evidence,"{""row_key"":""计算机科学与技术|马鞍山师范高等专科学校"",""section"":""录取最低分"",""table"":4,""url"":""https://zsb.hfnu.edu.cn/info/1002/3065.htm""}"
FACTSRC-00ea3845-4c90-52c0-99b1-031992d8934b,admission_scores,SCORE-564c3fff-a76d-54e0-8dc6-c0ec0f022d03,SRC-HFNU-2024-LQ,primary_evidence,"{""row_key"":""环境设计|马鞍山师范高等专科学校"",""section"":""录取最低分"",""table"":4,""url"":""https://zsb.hfnu.edu.cn/info/1002/3065.htm""}"
FACTSRC-2937b9a6-bddf-5a2c-bfb4-1704715cac1b,admission_scores,SCORE-56d81b74-c734-5638-890f-8cae302d6363,SRC-HFNU-2026-LQ,primary_evidence,"{""asset_id"":""ASSET-HFNU-2026-LQ-EMBEDDED-PDF"",""page"":1,""row_key"":""人力资源管理|合肥师范学院"",""section"":""录取最低分"",""table"":1}"
FACTSRC-66ad4b59-aa70-5f79-81dd-22abf7d04dbc,admission_scores,SCORE-570d65e6-e9cc-583d-a075-e819521fd1a8,SRC-HFNU-2024-LQ,primary_evidence,"{""row_key"":""数据科学与大数据技术|合肥师范学院"",""section"":""录取最低分"",""table"":4,""url"":""https://zsb.hfnu.edu.cn/info/1002/3065.htm""}"
FACTSRC-329a6040-96a2-5722-9550-24617ffa00bc,admission_scores,SCORE-57a536e2-3e47-5ada-8afd-cbdc974a3643,SRC-HFNU-2025-LQ,primary_evidence,"{""row_key"":""新能源材料与器件|合肥师范学院"",""section"":""录取最低分"",""table"":1,""url"":""https://zsb.hfnu.edu.cn/info/1002/3475.htm""}"
FACTSRC-a7444ac3-6855-5df8-a197-4e9167b62e48,admission_scores,SCORE-5a8b195d-9e7f-5b9b-8ff8-d3044f3e6ec2,SRC-HFNU-2024-LQ,primary_evidence,"{""row_key"":""食品质量与安全|马鞍山师范高等专科学校"",""section"":""录取最低分"",""table"":4,""url"":""https://zsb.hfnu.edu.cn/info/1002/3065.htm""}"
FACTSRC-4e46c610-7105-50d7-b7c9-f237db0a01da,admission_scores,SCORE-5af2636c-f62d-508a-8afd-e701773a7fad,SRC-HFNU-2024-LQ,primary_evidence,"{""row_key"":""商务英语|合肥师范学院"",""section"":""录取最低分"",""table"":4,""url"":""https://zsb.hfnu.edu.cn/info/1002/3065.htm""}"
FACTSRC-c6e51549-0813-5fc8-999c-a45ba8b02cbb,admission_scores,SCORE-5afd0be1-2caf-5225-9ab8-3c6644f6bf92,SRC-HFNU-2026-LQ,primary_evidence,"{""asset_id"":""ASSET-HFNU-2026-LQ-EMBEDDED-PDF"",""page"":1,""row_key"":""商务英语|合肥师范学院"",""section"":""录取最低分"",""table"":1}"
FACTSRC-d4d79728-d228-5448-be18-ee6cc83e8936,admission_scores,SCORE-5b89849b-67da-5936-9475-b680f3e18502,SRC-HFNU-2025-LQ,primary_evidence,"{""row_key"":""通信工程|合肥师范学院"",""section"":""录取最低分"",""table"":1,""url"":""https://zsb.hfnu.edu.cn/info/1002/3475.htm""}"
FACTSRC-cbc1e216-ba66-515b-9da0-a52a8f2dccc5,admission_scores,SCORE-5d210ef5-ace6-5762-a505-7655bb1a191e,SRC-HFNU-2024-LQ,primary_evidence,"{""row_key"":""计算机科学与技术|安徽工业经济职业技术学院"",""section"":""录取最低分"",""table"":4,""url"":""https://zsb.hfnu.edu.cn/info/1002/3065.htm""}"
FACTSRC-590e4d3e-a580-5459-b7c7-12012328405c,admission_scores,SCORE-5dc21ae5-75ee-5ce0-925d-cc14f925dd2f,SRC-HFNU-2025-LQ,primary_evidence,"{""row_key"":""视觉传达设计|合肥师范学院"",""section"":""录取最低分"",""table"":1,""url"":""https://zsb.hfnu.edu.cn/info/1002/3475.htm""}"
FACTSRC-bef053a7-a649-54e1-a53b-61278b776e47,admission_scores,SCORE-5dd200db-1770-59f2-849a-899e57861307,SRC-HFNU-2024-LQ,primary_evidence,"{""row_key"":""制药工程|合肥职业技术学院"",""section"":""录取最低分"",""table"":4,""url"":""https://zsb.hfnu.edu.cn/info/1002/3065.htm""}"
FACTSRC-66e7ed4a-cab2-5c76-8067-3f30a9044b46,admission_scores,SCORE-5de5d5bb-5f29-5c10-9d7c-aebc08b618d6,SRC-HFNU-2024-LQ,primary_evidence,"{""row_key"":""化学工程与工艺|合肥师范学院"",""section"":""录取最低分"",""table"":4,""url"":""https://zsb.hfnu.edu.cn/info/1002/3065.htm""}"
FACTSRC-a63f83b7-4120-5ae7-ad7e-51057f6c19c7,admission_scores,SCORE-5e80ac2d-3924-596f-9a63-02d195c56a4b,SRC-HFNU-2026-LQ,primary_evidence,"{""asset_id"":""ASSET-HFNU-2026-LQ-EMBEDDED-PDF"",""page"":2,""row_key"":""音乐学|合肥师范学院"",""section"":""录取最低分"",""table"":1}"
FACTSRC-ede4beca-53e5-53c4-b4b6-efef0fc79d2f,admission_scores,SCORE-5eee448a-0ee0-54f9-ba9e-945c7642577a,SRC-HFNU-2025-LQ,primary_evidence,"{""row_key"":""经济统计学|合肥师范学院"",""section"":""录取最低分"",""table"":1,""url"":""https://zsb.hfnu.edu.cn/info/1002/3475.htm""}"
FACTSRC-00519b48-da75-5862-b795-49904025c2b8,admission_scores,SCORE-5f1a884b-d0a6-5a06-ad73-5d7222726d1b,SRC-HFNU-2026-LQ,primary_evidence,"{""asset_id"":""ASSET-HFNU-2026-LQ-EMBEDDED-PDF"",""page"":1,""row_key"":""化学工程与工艺|合肥师范学院"",""section"":""录取最低分"",""table"":1}"
FACTSRC-adf3e9e5-7693-5af2-bb44-791398b12c68,admission_scores,SCORE-5f308535-6803-5711-b32c-05c18e98631f,SRC-HFNU-2024-LQ,primary_evidence,"{""row_key"":""数据科学与大数据技术|合肥师范学院"",""section"":""录取最低分"",""table"":4,""url"":""https://zsb.hfnu.edu.cn/info/1002/3065.htm""}"
FACTSRC-bda71e8f-9006-58f8-9b5d-3e7d56bb8d13,admission_scores,SCORE-5f6aa3ee-8f9a-5307-900e-92884eea3ea2,SRC-HFNU-2025-LQ,primary_evidence,"{""row_key"":""网络与新媒体|合肥师范学院"",""section"":""录取最低分"",""table"":1,""url"":""https://zsb.hfnu.edu.cn/info/1002/3475.htm""}"
FACTSRC-1af9e2c3-b161-58a2-814e-859707e7cb2e,admission_scores,SCORE-5f8fb072-3ea8-5705-b1cd-bd2f88172907,SRC-HFNU-2025-LQ,primary_evidence,"{""row_key"":""视觉传达设计|合肥师范学院"",""section"":""录取最低分"",""table"":1,""url"":""https://zsb.hfnu.edu.cn/info/1002/3475.htm""}"
FACTSRC-d16eb918-0bf6-5163-b753-d039026af690,admission_scores,SCORE-5f96d332-3d8e-5b13-a713-557e08fafac2,SRC-HFNU-2026-LQ,primary_evidence,"{""asset_id"":""ASSET-HFNU-2026-LQ-EMBEDDED-PDF"",""page"":2,""row_key"":""环境设计|马鞍山师范高等专科学校"",""section"":""录取最低分"",""table"":1}"
FACTSRC-676a1528-4e5b-5b41-9b9e-8cb3e9982260,admission_scores,SCORE-600ef655-f29a-5be8-be8f-ec96662cdbac,SRC-HFNU-2024-LQ,primary_evidence,"{""row_key"":""网络工程|安徽工业经济职业技术学院"",""section"":""录取最低分"",""table"":4,""url"":""https://zsb.hfnu.edu.cn/info/1002/3065.htm""}"
FACTSRC-3b213614-6479-5895-a9df-fbb95948358b,admission_scores,SCORE-619ee246-40ba-50e5-97eb-f722242b35b0,SRC-HFNU-2025-LQ,primary_evidence,"{""row_key"":""软件工程|合肥师范学院"",""section"":""录取最低分"",""table"":1,""url"":""https://zsb.hfnu.edu.cn/info/1002/3475.htm""}"
FACTSRC-7cd90371-9ab8-5774-86d0-24f24e12be93,admission_scores,SCORE-61cb7fa9-5d7a-535c-bf61-17ac92287223,SRC-HFNU-2024-LQ,primary_evidence,"{""row_key"":""人力资源管理|合肥师范学院"",""section"":""录取最低分"",""table"":4,""url"":""https://zsb.hfnu.edu.cn/info/1002/3065.htm""}"
FACTSRC-174e116e-9952-5635-887e-73d48aefc37a,admission_scores,SCORE-633f41df-d2bc-5b0d-b46b-5b94d304d3b9,SRC-HFNU-2024-LQ,primary_evidence,"{""row_key"":""药物制剂|合肥师范学院"",""section"":""录取最低分"",""table"":4,""url"":""https://zsb.hfnu.edu.cn/info/1002/3065.htm""}"
FACTSRC-fede7afa-19fb-59e8-a4df-94e8a82a46f6,admission_scores,SCORE-63cbfe12-4f3d-5040-994a-e65d78af5946,SRC-HFNU-2024-LQ,primary_evidence,"{""row_key"":""软件工程|合肥师范学院"",""section"":""录取最低分"",""table"":4,""url"":""https://zsb.hfnu.edu.cn/info/1002/3065.htm""}"
FACTSRC-2aab56fa-c7ec-5d91-9a9e-e0c39a58206b,admission_scores,SCORE-659c7121-145f-5cca-bca8-238ea606d101,SRC-HFNU-2024-LQ,primary_evidence,"{""row_key"":""通信工程|合肥师范学院"",""section"":""录取最低分"",""table"":4,""url"":""https://zsb.hfnu.edu.cn/info/1002/3065.htm""}"
FACTSRC-ad9f45a5-29af-5eed-9e15-21ce40f5969b,admission_scores,SCORE-65a092fd-2762-595f-a0fb-0c0cc5d162e8,SRC-HFNU-2024-LQ,primary_evidence,"{""row_key"":""计算机科学与技术|安徽工业经济职业技术学院"",""section"":""录取最低分"",""table"":4,""url"":""https://zsb.hfnu.edu.cn/info/1002/3065.htm""}"
FACTSRC-04b63ddf-74db-5eaf-a2b3-a9a271106ac0,admission_scores,SCORE-66980f57-7774-53d6-8292-3587a0a657f2,SRC-HFNU-2026-LQ,primary_evidence,"{""asset_id"":""ASSET-HFNU-2026-LQ-EMBEDDED-PDF"",""page"":1,""row_key"":""药物制剂|合肥师范学院"",""section"":""录取最低分"",""table"":1}"
FACTSRC-1ce1fd63-09a4-56df-a353-2062f9800e08,admission_scores,SCORE-673d9251-9018-570d-aaa2-db1e76ef8023,SRC-HFNU-2024-LQ,primary_evidence,"{""row_key"":""制药工程|合肥职业技术学院"",""section"":""录取最低分"",""table"":4,""url"":""https://zsb.hfnu.edu.cn/info/1002/3065.htm""}"
FACTSRC-f2c2da78-2a38-5592-92a0-f37636378f3e,admission_scores,SCORE-675031e8-d240-5edf-aacb-103bbe6f2624,SRC-HFNU-2024-LQ,primary_evidence,"{""row_key"":""材料科学与工程|合肥师范学院"",""section"":""录取最低分"",""table"":4,""url"":""https://zsb.hfnu.edu.cn/info/1002/3065.htm""}"
FACTSRC-582d580c-53cc-5770-b48d-77c1e8a6f470,admission_scores,SCORE-684a225a-b870-5bc5-a3d4-25c065673876,SRC-HFNU-2026-LQ,primary_evidence,"{""asset_id"":""ASSET-HFNU-2026-LQ-EMBEDDED-PDF"",""page"":1,""row_key"":""生物制药|合肥师范学院"",""section"":""录取最低分"",""table"":1}"
FACTSRC-6a43e35d-6986-5687-a7c4-dec7552cc481,admission_scores,SCORE-68906105-13a2-56ca-bbef-a8a200cf4a36,SRC-HFNU-2026-LQ,primary_evidence,"{""asset_id"":""ASSET-HFNU-2026-LQ-EMBEDDED-PDF"",""page"":2,""row_key"":""财务管理|安徽工业经济职业技术学院"",""section"":""录取最低分"",""table"":1}"
FACTSRC-ac229592-d844-548d-8f84-f573b426bf56,admission_scores,SCORE-69272769-0e4f-5108-9d89-57b8ebfb2668,SRC-HFNU-2026-LQ,primary_evidence,"{""asset_id"":""ASSET-HFNU-2026-LQ-EMBEDDED-PDF"",""page"":2,""row_key"":""电气工程及其自动化|安徽工业经济职业技术学院"",""section"":""录取最低分"",""table"":1}"
FACTSRC-f18170a7-672c-59ce-a1b4-c049c5ce8c4a,admission_scores,SCORE-694361f4-2b8a-520a-8904-9c7642783f8d,SRC-HFNU-2025-LQ,primary_evidence,"{""row_key"":""数据科学与大数据技术|合肥师范学院"",""section"":""录取最低分"",""table"":1,""url"":""https://zsb.hfnu.edu.cn/info/1002/3475.htm""}"
FACTSRC-f8a84833-30a9-587d-bd35-fdb780d6892d,admission_scores,SCORE-6a48981b-0101-51e0-9fba-97635803c3f2,SRC-HFNU-2024-LQ,primary_evidence,"{""row_key"":""动画|合肥师范学院"",""section"":""录取最低分"",""table"":4,""url"":""https://zsb.hfnu.edu.cn/info/1002/3065.htm""}"
FACTSRC-c76b4804-e5e7-52e8-bf3c-6b938ec98e6c,admission_scores,SCORE-6afde8ef-4af7-5150-ad8d-9233b6114be4,SRC-HFNU-2024-LQ,primary_evidence,"{""row_key"":""电气工程及其自动化|安徽工业经济职业技术学院"",""section"":""录取最低分"",""table"":4,""url"":""https://zsb.hfnu.edu.cn/info/1002/3065.htm""}"
FACTSRC-22423376-ca58-50e0-bbf1-c52a58589947,admission_scores,SCORE-6bb1a568-7799-5767-8b5c-1d33e2ecd1de,SRC-HFNU-2026-LQ,primary_evidence,"{""asset_id"":""ASSET-HFNU-2026-LQ-EMBEDDED-PDF"",""page"":1,""row_key"":""网络与新媒体|合肥师范学院"",""section"":""录取最低分"",""table"":1}"
FACTSRC-3b375af9-2ccc-584c-aed3-9bdd67bdaaca,admission_scores,SCORE-6bb6647d-b515-5e76-9934-706c14767b4a,SRC-HFNU-2025-LQ,primary_evidence,"{""row_key"":""音乐学|合肥师范学院"",""section"":""录取最低分"",""table"":1,""url"":""https://zsb.hfnu.edu.cn/info/1002/3475.htm""}"
FACTSRC-e3d243df-d6e3-5582-b4b1-f6964d16137a,admission_scores,SCORE-6ce5b2b9-d524-5b95-8b4a-6c6ff7a3c343,SRC-HFNU-2026-LQ,primary_evidence,"{""asset_id"":""ASSET-HFNU-2026-LQ-EMBEDDED-PDF"",""page"":2,""row_key"":""动画|合肥师范学院"",""section"":""录取最低分"",""table"":1}"
FACTSRC-896ccec9-f91c-5b70-8e74-752227c19464,admission_scores,SCORE-6cf0ec81-6e13-560f-b294-ea1f733bb465,SRC-HFNU-2025-LQ,primary_evidence,"{""row_key"":""制药工程|合肥职业技术学院"",""section"":""录取最低分"",""table"":1,""url"":""https://zsb.hfnu.edu.cn/info/1002/3475.htm""}"
FACTSRC-e45bc439-5083-55ab-9397-56c72cd26688,admission_scores,SCORE-6d157be4-1417-5783-a45a-25c32a9b8a6c,SRC-HFNU-2026-LQ,primary_evidence,"{""asset_id"":""ASSET-HFNU-2026-LQ-EMBEDDED-PDF"",""page"":2,""row_key"":""电气工程及其自动化|淮北职业技术学院"",""section"":""录取最低分"",""table"":1}"
FACTSRC-45472b6e-b26e-5e33-8b94-ebc96859c002,admission_scores,SCORE-6dee98a8-0d46-5ed4-8a0e-679a764f1798,SRC-HFNU-2026-LQ,primary_evidence,"{""asset_id"":""ASSET-HFNU-2026-LQ-EMBEDDED-PDF"",""page"":1,""row_key"":""商务英语|合肥师范学院"",""section"":""录取最低分"",""table"":1}"
FACTSRC-51bf86ac-c92e-5268-9d11-c6d73c055826,admission_scores,SCORE-6f703720-efff-50de-915a-95ebe75626af,SRC-HFNU-2026-LQ,primary_evidence,"{""asset_id"":""ASSET-HFNU-2026-LQ-EMBEDDED-PDF"",""page"":1,""row_key"":""人力资源管理|合肥师范学院"",""section"":""录取最低分"",""table"":1}"
FACTSRC-4c06a3eb-5e51-5a42-ad9f-9c5da6be2b53,admission_scores,SCORE-6f8a0669-fb02-572d-a7db-ce72abd084af,SRC-HFNU-2024-LQ,primary_evidence,"{""row_key"":""新能源材料与器件|合肥师范学院"",""section"":""录取最低分"",""table"":4,""url"":""https://zsb.hfnu.edu.cn/info/1002/3065.htm""}"
FACTSRC-f47af2f7-7ff4-5e7e-bca1-ae5099edf20e,admission_scores,SCORE-706c2efa-2af4-5046-8936-73d7957aa032,SRC-HFNU-2025-LQ,primary_evidence,"{""row_key"":""计算机科学与技术|马鞍山师范高等专科学校"",""section"":""录取最低分"",""table"":1,""url"":""https://zsb.hfnu.edu.cn/info/1002/3475.htm""}"
FACTSRC-06e01975-3c5e-5162-8be8-313b98f80eee,admission_scores,SCORE-70eb5afb-fadf-50d5-9c1f-3c25a96682ed,SRC-HFNU-2024-LQ,primary_evidence,"{""row_key"":""生物制药|合肥师范学院"",""section"":""录取最低分"",""table"":4,""url"":""https://zsb.hfnu.edu.cn/info/1002/3065.htm""}"
FACTSRC-510d89d5-11d1-5af7-88fa-fef6219c32b1,admission_scores,SCORE-71cbda3d-a6f2-500e-baf9-a9fdd0ff98f0,SRC-HFNU-2024-LQ,primary_evidence,"{""row_key"":""小学教育|淮北职业技术学院"",""section"":""录取最低分"",""table"":4,""url"":""https://zsb.hfnu.edu.cn/info/1002/3065.htm""}"
FACTSRC-aae76ee6-9f64-5266-ab56-215ba805d324,admission_scores,SCORE-7223b5d6-c85b-5be8-b2d6-d624b72689b4,SRC-HFNU-2026-LQ,primary_evidence,"{""asset_id"":""ASSET-HFNU-2026-LQ-EMBEDDED-PDF"",""page"":2,""row_key"":""计算机科学与技术|安徽工业经济职业技术学院"",""section"":""录取最低分"",""table"":1}"
FACTSRC-fd40d20f-d036-572c-a469-9dbc84889023,admission_scores,SCORE-7253b462-8f09-5f50-a27e-a7c8a1102209,SRC-HFNU-2026-LQ,primary_evidence,"{""asset_id"":""ASSET-HFNU-2026-LQ-EMBEDDED-PDF"",""page"":1,""row_key"":""生物制药|合肥师范学院"",""section"":""录取最低分"",""table"":1}"
FACTSRC-ee1b9bb4-e90a-5c49-b8d7-49ae211e99b0,admission_scores,SCORE-728a1a75-131b-5c20-99bf-caf89f6c4998,SRC-HFNU-2026-LQ,primary_evidence,"{""asset_id"":""ASSET-HFNU-2026-LQ-EMBEDDED-PDF"",""page"":1,""row_key"":""互联网金融|合肥师范学院"",""section"":""录取最低分"",""table"":1}"
FACTSRC-ca7c3efb-2a01-5384-8ea7-d4811d952813,admission_scores,SCORE-74933081-6f7b-5ab7-93d8-dc4e958b9960,SRC-HFNU-2025-LQ,primary_evidence,"{""row_key"":""药物制剂|合肥师范学院"",""section"":""录取最低分"",""table"":1,""url"":""https://zsb.hfnu.edu.cn/info/1002/3475.htm""}"
FACTSRC-3fdf6408-a510-5b94-96ce-49fc938aad99,admission_scores,SCORE-74b6b125-b65a-5b4d-b005-181435f72d50,SRC-HFNU-2026-LQ,primary_evidence,"{""asset_id"":""ASSET-HFNU-2026-LQ-EMBEDDED-PDF"",""page"":1,""row_key"":""人力资源管理|合肥师范学院"",""section"":""录取最低分"",""table"":1}"
FACTSRC-3c051973-523c-59f7-91c4-441bd7de0da1,admission_scores,SCORE-75d61192-f407-5c4d-b977-f7c00e83db81,SRC-HFNU-2026-LQ,primary_evidence,"{""asset_id"":""ASSET-HFNU-2026-LQ-EMBEDDED-PDF"",""page"":1,""row_key"":""药物制剂|合肥师范学院"",""section"":""录取最低分"",""table"":1}"
FACTSRC-1b116dea-e81d-5eed-85e0-bdabeead34dc,admission_scores,SCORE-76b2e8d6-bb03-52fe-a382-4f346ed011f7,SRC-HFNU-2026-LQ,primary_evidence,"{""asset_id"":""ASSET-HFNU-2026-LQ-EMBEDDED-PDF"",""page"":2,""row_key"":""电气工程及其自动化|安徽工业经济职业技术学院"",""section"":""录取最低分"",""table"":1}"
FACTSRC-087dc660-e118-574a-aa59-78907eefb35b,admission_scores,SCORE-772ab985-90c4-511e-819f-58ed3c7febbc,SRC-HFNU-2025-LQ,primary_evidence,"{""row_key"":""市场营销|合肥师范学院"",""section"":""录取最低分"",""table"":1,""url"":""https://zsb.hfnu.edu.cn/info/1002/3475.htm""}"
FACTSRC-d72bfaf9-8c76-5700-9cae-440e36941659,admission_scores,SCORE-77669322-876c-5ed5-b511-18431f51cd65,SRC-HFNU-2025-LQ,primary_evidence,"{""row_key"":""互联网金融|合肥师范学院"",""section"":""录取最低分"",""table"":1,""url"":""https://zsb.hfnu.edu.cn/info/1002/3475.htm""}"
FACTSRC-c9c54edc-88b0-58e0-9ccc-917205c5c01c,admission_scores,SCORE-777d5afe-98bd-5f13-8b99-8e88aaf3db23,SRC-HFNU-2025-LQ,primary_evidence,"{""row_key"":""环境设计|马鞍山师范高等专科学校"",""section"":""录取最低分"",""table"":1,""url"":""https://zsb.hfnu.edu.cn/info/1002/3475.htm""}"
FACTSRC-a190f69a-57b4-584f-9e7e-472e9a026212,admission_scores,SCORE-7856b482-2f3e-5d74-aefd-139f1ab1f30d,SRC-HFNU-2026-LQ,primary_evidence,"{""asset_id"":""ASSET-HFNU-2026-LQ-EMBEDDED-PDF"",""page"":2,""row_key"":""视觉传达设计|合肥师范学院"",""section"":""录取最低分"",""table"":1}"
FACTSRC-836f41cd-9d5b-5b34-adfa-39cffd3141a5,admission_scores,SCORE-78a74025-b87f-5477-955b-eb7e13fba80f,SRC-HFNU-2026-LQ,primary_evidence,"{""asset_id"":""ASSET-HFNU-2026-LQ-EMBEDDED-PDF"",""page"":2,""row_key"":""计算机科学与技术|马鞍山师范高等专科学校"",""section"":""录取最低分"",""table"":1}"
FACTSRC-9488f707-00c0-5f6b-bdf9-4ec598844ecf,admission_scores,SCORE-79c5ee62-d279-5c84-8f2e-091f8730cc2b,SRC-HFNU-2025-LQ,primary_evidence,"{""row_key"":""网络与新媒体|合肥师范学院"",""section"":""录取最低分"",""table"":1,""url"":""https://zsb.hfnu.edu.cn/info/1002/3475.htm""}"
FACTSRC-1905abd9-2939-5daa-9ae4-c1adb6ae5bfc,admission_scores,SCORE-7abb85d9-706e-5308-bf8b-3ff602d23e94,SRC-HFNU-2024-LQ,primary_evidence,"{""row_key"":""服装与服饰设计|合肥师范学院"",""section"":""录取最低分"",""table"":4,""url"":""https://zsb.hfnu.edu.cn/info/1002/3065.htm""}"
FACTSRC-8bcba105-915c-5751-9700-ca12c4d17316,admission_scores,SCORE-7ac9879c-6f30-5510-8a80-15bee7430c19,SRC-HFNU-2026-LQ,primary_evidence,"{""asset_id"":""ASSET-HFNU-2026-LQ-EMBEDDED-PDF"",""page"":1,""row_key"":""网络与新媒体|合肥师范学院"",""section"":""录取最低分"",""table"":1}"
FACTSRC-4635008b-9628-5493-8b9d-33f5ebcae4f0,admission_scores,SCORE-7b5d2a8a-423e-5816-9368-1d59f207b0b5,SRC-HFNU-2025-LQ,primary_evidence,"{""row_key"":""运动康复|合肥职业技术学院"",""section"":""录取最低分"",""table"":1,""url"":""https://zsb.hfnu.edu.cn/info/1002/3475.htm""}"
FACTSRC-c8b2c3a9-d252-5e68-bcd3-b50bfba3f42e,admission_scores,SCORE-7b8c2135-65d1-5b70-be0e-da987f5bcb33,SRC-HFNU-2026-LQ,primary_evidence,"{""asset_id"":""ASSET-HFNU-2026-LQ-EMBEDDED-PDF"",""page"":1,""row_key"":""学前教育|合肥师范学院"",""section"":""录取最低分"",""table"":1}"
FACTSRC-c46626b5-ee80-5a5f-bc4e-a819547c4289,admission_scores,SCORE-7d00ec41-0c69-56ca-9d40-2c3a9acac08f,SRC-HFNU-2026-LQ,primary_evidence,"{""asset_id"":""ASSET-HFNU-2026-LQ-EMBEDDED-PDF"",""page"":1,""row_key"":""电子信息工程|合肥师范学院"",""section"":""录取最低分"",""table"":1}"
FACTSRC-f8d14bc9-6c18-5142-9f8c-020ec3cbb688,admission_scores,SCORE-7d9fdba9-3e0a-5736-9274-8d5e6027c752,SRC-HFNU-2026-LQ,primary_evidence,"{""asset_id"":""ASSET-HFNU-2026-LQ-EMBEDDED-PDF"",""page"":2,""row_key"":""食品质量与安全|马鞍山师范高等专科学校"",""section"":""录取最低分"",""table"":1}"
FACTSRC-803fda44-3888-50d4-ac87-bad79ac2cfa7,admission_scores,SCORE-7da44f30-25eb-57c7-b46f-e866a3f98aa7,SRC-HFNU-2025-LQ,primary_evidence,"{""row_key"":""生物制药|合肥师范学院"",""section"":""录取最低分"",""table"":1,""url"":""https://zsb.hfnu.edu.cn/info/1002/3475.htm""}"
FACTSRC-0e8eafe7-c828-5151-9867-6788dca07dae,admission_scores,SCORE-7e0279ef-0df7-5ef3-9d59-5e91fff3d9be,SRC-HFNU-2025-LQ,primary_evidence,"{""row_key"":""通信工程|合肥师范学院"",""section"":""录取最低分"",""table"":1,""url"":""https://zsb.hfnu.edu.cn/info/1002/3475.htm""}"
FACTSRC-b4c1d9cf-3a5f-57e3-8472-1a3ee3443d15,admission_scores,SCORE-7e6f7f93-34a4-5a1d-b182-93ac0a8185a1,SRC-HFNU-2024-LQ,primary_evidence,"{""row_key"":""服装与服饰设计|合肥师范学院"",""section"":""录取最低分"",""table"":4,""url"":""https://zsb.hfnu.edu.cn/info/1002/3065.htm""}"
FACTSRC-f1283490-64c2-55bc-9b3f-abb04050b136,admission_scores,SCORE-7e892dd3-e379-549d-9391-961d5779062c,SRC-HFNU-2026-LQ,primary_evidence,"{""asset_id"":""ASSET-HFNU-2026-LQ-EMBEDDED-PDF"",""page"":1,""row_key"":""商务英语|合肥师范学院"",""section"":""录取最低分"",""table"":1}"
FACTSRC-22c697c5-e725-570a-aa0f-b046c5370732,admission_scores,SCORE-7eb888c3-7b41-5979-9e41-c71b081e8964,SRC-HFNU-2026-LQ,primary_evidence,"{""asset_id"":""ASSET-HFNU-2026-LQ-EMBEDDED-PDF"",""page"":1,""row_key"":""生物制药|合肥师范学院"",""section"":""录取最低分"",""table"":1}"
FACTSRC-c5700510-552b-5be9-a80e-da710f60ef7c,admission_scores,SCORE-80125f0d-286b-5415-9e23-216c79edce83,SRC-HFNU-2025-LQ,primary_evidence,"{""row_key"":""电气工程及其自动化|安徽工业经济职业技术学院"",""section"":""录取最低分"",""table"":1,""url"":""https://zsb.hfnu.edu.cn/info/1002/3475.htm""}"
FACTSRC-6cb5b191-6190-5c47-85d7-8fa7d2e35156,admission_scores,SCORE-8018d1ee-6354-57f6-ae30-377c67b86172,SRC-HFNU-2026-LQ,primary_evidence,"{""asset_id"":""ASSET-HFNU-2026-LQ-EMBEDDED-PDF"",""page"":1,""row_key"":""电子信息工程|合肥师范学院"",""section"":""录取最低分"",""table"":1}"
FACTSRC-ca35c947-d1c1-55dc-893d-f00afaac53e5,admission_scores,SCORE-803da791-a589-5cef-b998-a0170cba7e0c,SRC-HFNU-2024-LQ,primary_evidence,"{""row_key"":""服装与服饰设计|合肥师范学院"",""section"":""录取最低分"",""table"":4,""url"":""https://zsb.hfnu.edu.cn/info/1002/3065.htm""}"
FACTSRC-a65092f4-bfd3-5c7a-abea-f0c3c32039d1,admission_scores,SCORE-806319bb-c2f6-5338-aca1-7664e8a3ed88,SRC-HFNU-2024-LQ,primary_evidence,"{""row_key"":""环境设计|马鞍山师范高等专科学校"",""section"":""录取最低分"",""table"":4,""url"":""https://zsb.hfnu.edu.cn/info/1002/3065.htm""}"
FACTSRC-0e3a3699-c269-5eec-813e-f8ab33f93107,admission_scores,SCORE-812cef3e-01fc-56fd-9989-dd0888b54448,SRC-HFNU-2025-LQ,primary_evidence,"{""row_key"":""商务英语|合肥师范学院"",""section"":""录取最低分"",""table"":1,""url"":""https://zsb.hfnu.edu.cn/info/1002/3475.htm""}"
FACTSRC-36b5cf66-3000-586a-907f-83e56f7cf783,admission_scores,SCORE-8214d2df-7c78-5507-b52d-e80180895e7c,SRC-HFNU-2024-LQ,primary_evidence,"{""row_key"":""新能源材料与器件|合肥师范学院"",""section"":""录取最低分"",""table"":4,""url"":""https://zsb.hfnu.edu.cn/info/1002/3065.htm""}"
FACTSRC-4685d592-f6aa-526a-b616-5b096cc1a013,admission_scores,SCORE-821f698d-3cf1-5d44-be5d-5994398dd7e7,SRC-HFNU-2025-LQ,primary_evidence,"{""row_key"":""商务英语|合肥师范学院"",""section"":""录取最低分"",""table"":1,""url"":""https://zsb.hfnu.edu.cn/info/1002/3475.htm""}"
FACTSRC-709063ff-c6c2-5ab0-a20d-87edbdcdbf86,admission_scores,SCORE-827ebb4a-9aee-5588-9725-e8159beb7a3f,SRC-HFNU-2024-LQ,primary_evidence,"{""row_key"":""网络工程|安徽工业经济职业技术学院"",""section"":""录取最低分"",""table"":4,""url"":""https://zsb.hfnu.edu.cn/info/1002/3065.htm""}"
FACTSRC-9f8e7aa7-548d-5b9d-80eb-95371e166bed,admission_scores,SCORE-82f9b610-c4e2-5bc5-a647-04fc71fb6e91,SRC-HFNU-2024-LQ,primary_evidence,"{""row_key"":""计算机科学与技术|马鞍山师范高等专科学校"",""section"":""录取最低分"",""table"":4,""url"":""https://zsb.hfnu.edu.cn/info/1002/3065.htm""}"
FACTSRC-7f131709-17fe-5cee-b848-a94896fa70c0,admission_scores,SCORE-83dad403-23c2-5b36-9975-d6a4a0180a2e,SRC-HFNU-2025-LQ,primary_evidence,"{""row_key"":""小学教育|淮北职业技术学院"",""section"":""录取最低分"",""table"":1,""url"":""https://zsb.hfnu.edu.cn/info/1002/3475.htm""}"
FACTSRC-bf98dbcc-f6d5-5729-9f47-7ef324c37222,admission_scores,SCORE-846986c7-9569-57e5-ae35-c700b238476e,SRC-HFNU-2026-LQ,primary_evidence,"{""asset_id"":""ASSET-HFNU-2026-LQ-EMBEDDED-PDF"",""page"":1,""row_key"":""软件工程|合肥师范学院"",""section"":""录取最低分"",""table"":1}"
FACTSRC-6d77d47a-c4ad-57d0-947b-122f27930faf,admission_scores,SCORE-84b1c76f-525f-5b23-9a81-eed984957b94,SRC-HFNU-2026-LQ,primary_evidence,"{""asset_id"":""ASSET-HFNU-2026-LQ-EMBEDDED-PDF"",""page"":1,""row_key"":""药物制剂|合肥师范学院"",""section"":""录取最低分"",""table"":1}"
FACTSRC-151dc78c-2e0c-5bb4-a6c7-d718b2e1e560,admission_scores,SCORE-8658fb88-4ed9-507a-a540-0898f71869e2,SRC-HFNU-2025-LQ,primary_evidence,"{""row_key"":""食品质量与安全|马鞍山师范高等专科学校"",""section"":""录取最低分"",""table"":1,""url"":""https://zsb.hfnu.edu.cn/info/1002/3475.htm""}"
FACTSRC-a9fcbd8a-d263-57b3-b706-6fb5e392bc3a,admission_scores,SCORE-87437b70-e035-5cc1-99f5-00614e2f361e,SRC-HFNU-2025-LQ,primary_evidence,"{""row_key"":""生物制药|合肥师范学院"",""section"":""录取最低分"",""table"":1,""url"":""https://zsb.hfnu.edu.cn/info/1002/3475.htm""}"
FACTSRC-0b5a8d72-972d-5eda-bbf1-861d8bf207bd,admission_scores,SCORE-87b0df51-d867-56e5-9bd2-819480d484b1,SRC-HFNU-2024-LQ,primary_evidence,"{""row_key"":""电气工程及其自动化|淮北职业技术学院"",""section"":""录取最低分"",""table"":4,""url"":""https://zsb.hfnu.edu.cn/info/1002/3065.htm""}"
FACTSRC-a926745c-0242-59dd-89d7-0e7191fde676,admission_scores,SCORE-88c15ff4-4f6e-5502-a521-f81dec8208d1,SRC-HFNU-2025-LQ,primary_evidence,"{""row_key"":""互联网金融|合肥师范学院"",""section"":""录取最低分"",""table"":1,""url"":""https://zsb.hfnu.edu.cn/info/1002/3475.htm""}"
FACTSRC-585498f9-bf36-5688-a602-61c9b44e2935,admission_scores,SCORE-88f088c6-5a0c-56fb-ab57-58a50a79331a,SRC-HFNU-2025-LQ,primary_evidence,"{""row_key"":""电子信息工程|合肥师范学院"",""section"":""录取最低分"",""table"":1,""url"":""https://zsb.hfnu.edu.cn/info/1002/3475.htm""}"
FACTSRC-70e95005-d634-55ba-a7c1-8043fe3c4695,admission_scores,SCORE-89bbb068-860a-5a2d-b37d-25a9376be0c0,SRC-HFNU-2026-LQ,primary_evidence,"{""asset_id"":""ASSET-HFNU-2026-LQ-EMBEDDED-PDF"",""page"":1,""row_key"":""学前教育|合肥师范学院"",""section"":""录取最低分"",""table"":1}"
FACTSRC-f0303a49-6d4b-558e-adcf-57222f8d8987,admission_scores,SCORE-8a5a8f19-5cd9-5632-8f8c-4f9fe2fcb122,SRC-HFNU-2024-LQ,primary_evidence,"{""row_key"":""运动康复|合肥职业技术学院"",""section"":""录取最低分"",""table"":4,""url"":""https://zsb.hfnu.edu.cn/info/1002/3065.htm""}"
FACTSRC-0fe23b2c-9bfd-56eb-a3c6-620c00de45b8,admission_scores,SCORE-8b4dd637-7637-52f7-ab4e-031426859cca,SRC-HFNU-2026-LQ,primary_evidence,"{""asset_id"":""ASSET-HFNU-2026-LQ-EMBEDDED-PDF"",""page"":2,""row_key"":""动画|合肥师范学院"",""section"":""录取最低分"",""table"":1}"
FACTSRC-cbf9d4f6-92a7-5901-a07e-91b660a35ead,admission_scores,SCORE-8b83c511-7201-5ee2-9b0e-f123ed219282,SRC-HFNU-2024-LQ,primary_evidence,"{""row_key"":""软件工程|合肥师范学院"",""section"":""录取最低分"",""table"":4,""url"":""https://zsb.hfnu.edu.cn/info/1002/3065.htm""}"
FACTSRC-2dc5efd6-2eb2-5a89-a66d-ec438ee3c464,admission_scores,SCORE-8b8decf0-616c-58b5-a7ca-4aa8982ad3e8,SRC-HFNU-2025-LQ,primary_evidence,"{""row_key"":""市场营销|合肥师范学院"",""section"":""录取最低分"",""table"":1,""url"":""https://zsb.hfnu.edu.cn/info/1002/3475.htm""}"
FACTSRC-e0d36c62-a502-57c1-b7e9-73e881549e0b,admission_scores,SCORE-8bea87b7-b541-51e5-a7bc-bd90cc84b107,SRC-HFNU-2024-LQ,primary_evidence,"{""row_key"":""食品质量与安全|马鞍山师范高等专科学校"",""section"":""录取最低分"",""table"":4,""url"":""https://zsb.hfnu.edu.cn/info/1002/3065.htm""}"
FACTSRC-2909627b-6a61-5a01-9f24-bf1a47138644,admission_scores,SCORE-8c3fa4aa-bc28-58d8-b2c6-84393f8f0afb,SRC-HFNU-2024-LQ,primary_evidence,"{""row_key"":""通信工程|合肥师范学院"",""section"":""录取最低分"",""table"":4,""url"":""https://zsb.hfnu.edu.cn/info/1002/3065.htm""}"
FACTSRC-3c39ccdb-f9ad-5de1-b766-8d2be870cd6a,admission_scores,SCORE-8d81baef-02e8-5653-b14e-4dfe5c83f1a6,SRC-HFNU-2025-LQ,primary_evidence,"{""row_key"":""网络工程|合肥职业技术学院"",""section"":""录取最低分"",""table"":1,""url"":""https://zsb.hfnu.edu.cn/info/1002/3475.htm""}"
FACTSRC-5dda25a7-5479-5708-aaf0-ff7b50109201,admission_scores,SCORE-8e3eb6c3-b045-556e-8223-0c0ca57d7d73,SRC-HFNU-2024-LQ,primary_evidence,"{""row_key"":""市场营销|安徽工业经济职业技术学院"",""section"":""录取最低分"",""table"":4,""url"":""https://zsb.hfnu.edu.cn/info/1002/3065.htm""}"
FACTSRC-27dcda52-f075-5927-b861-dee6ab5f77e0,admission_scores,SCORE-8e764e16-6f2d-5495-a684-9f96736f95ea,SRC-HFNU-2026-LQ,primary_evidence,"{""asset_id"":""ASSET-HFNU-2026-LQ-EMBEDDED-PDF"",""page"":2,""row_key"":""环境设计|马鞍山师范高等专科学校"",""section"":""录取最低分"",""table"":1}"
FACTSRC-8227efee-3383-5030-90ca-235a1c79e068,admission_scores,SCORE-8e96e64e-b5f5-53bb-924d-19b1fa9da420,SRC-HFNU-2024-LQ,primary_evidence,"{""row_key"":""运动康复|合肥职业技术学院"",""section"":""录取最低分"",""table"":4,""url"":""https://zsb.hfnu.edu.cn/info/1002/3065.htm""}"
FACTSRC-b57ad390-43b0-5289-bcb3-1f1f11dec3fc,admission_scores,SCORE-8f5bccea-e498-5741-ae99-09238d59d56b,SRC-HFNU-2024-LQ,primary_evidence,"{""row_key"":""动画|合肥师范学院"",""section"":""录取最低分"",""table"":4,""url"":""https://zsb.hfnu.edu.cn/info/1002/3065.htm""}"
FACTSRC-44f443ad-0daa-5f2f-88a0-f0842be953f3,admission_scores,SCORE-8ff8503d-0bc4-5cdb-a9df-02569f58b3f5,SRC-HFNU-2026-LQ,primary_evidence,"{""asset_id"":""ASSET-HFNU-2026-LQ-EMBEDDED-PDF"",""page"":2,""row_key"":""运动康复|合肥师范学院"",""section"":""录取最低分"",""table"":1}"
FACTSRC-52e9ab9e-3aaa-52b9-a70b-dae6cccdc39a,admission_scores,SCORE-90cb78f5-b596-5834-8fe9-4f9b69cdbf29,SRC-HFNU-2025-LQ,primary_evidence,"{""row_key"":""音乐学|合肥师范学院"",""section"":""录取最低分"",""table"":1,""url"":""https://zsb.hfnu.edu.cn/info/1002/3475.htm""}"
FACTSRC-60c9d4ec-a777-5631-8340-abd717bd9bca,admission_scores,SCORE-91032160-2975-565d-8058-1ae2387a92de,SRC-HFNU-2025-LQ,primary_evidence,"{""row_key"":""学前教育|合肥师范学院"",""section"":""录取最低分"",""table"":1,""url"":""https://zsb.hfnu.edu.cn/info/1002/3475.htm""}"
FACTSRC-8e1eede9-8dbb-529a-a33b-ef4b1f2f1550,admission_scores,SCORE-9198f825-aefb-55c1-b30b-da7bec7053dc,SRC-HFNU-2025-LQ,primary_evidence,"{""row_key"":""财务管理|安徽工业经济职业技术学院"",""section"":""录取最低分"",""table"":1,""url"":""https://zsb.hfnu.edu.cn/info/1002/3475.htm""}"
FACTSRC-db696df9-1f15-54e8-bb61-18438b05b956,admission_scores,SCORE-91b3820b-2e23-56fd-85f4-453c1237f1e4,SRC-HFNU-2025-LQ,primary_evidence,"{""row_key"":""制药工程|合肥职业技术学院"",""section"":""录取最低分"",""table"":1,""url"":""https://zsb.hfnu.edu.cn/info/1002/3475.htm""}"
FACTSRC-378a784b-b676-55a8-b90e-1386b6b441ab,admission_scores,SCORE-9258b9e6-00f2-54c4-9f83-0edcda1f598f,SRC-HFNU-2025-LQ,primary_evidence,"{""row_key"":""财务管理|安徽工业经济职业技术学院"",""section"":""录取最低分"",""table"":1,""url"":""https://zsb.hfnu.edu.cn/info/1002/3475.htm""}"
FACTSRC-9b85a9e1-b60c-554a-8793-b0a31dc09d2c,admission_scores,SCORE-93842665-c2ba-525d-b839-304f5f597572,SRC-HFNU-2026-LQ,primary_evidence,"{""asset_id"":""ASSET-HFNU-2026-LQ-EMBEDDED-PDF"",""page"":1,""row_key"":""市场营销|合肥师范学院"",""section"":""录取最低分"",""table"":1}"
FACTSRC-5d76eeb8-7f1d-5e33-81c1-c51a43ce89a9,admission_scores,SCORE-93dd1f25-7034-528a-a7ee-b38da04ef9de,SRC-HFNU-2026-LQ,primary_evidence,"{""asset_id"":""ASSET-HFNU-2026-LQ-EMBEDDED-PDF"",""page"":2,""row_key"":""网络工程|安徽工业经济职业技术学院"",""section"":""录取最低分"",""table"":1}"
FACTSRC-e2b6d2ed-354e-5175-a997-28a5693aa240,admission_scores,SCORE-941f2b05-7d5c-5f93-838d-35eaf9902f92,SRC-HFNU-2026-LQ,primary_evidence,"{""asset_id"":""ASSET-HFNU-2026-LQ-EMBEDDED-PDF"",""page"":2,""row_key"":""计算机科学与技术|马鞍山师范高等专科学校"",""section"":""录取最低分"",""table"":1}"
FACTSRC-8d12de36-e718-55b6-9d5a-11e835a52d98,admission_scores,SCORE-94462270-a9d9-5c6c-a26d-fbc78d401eb9,SRC-HFNU-2024-LQ,primary_evidence,"{""row_key"":""网络与新媒体|合肥师范学院"",""section"":""录取最低分"",""table"":4,""url"":""https://zsb.hfnu.edu.cn/info/1002/3065.htm""}"
FACTSRC-d42d960f-6663-5899-a635-2bdd2c2ca982,admission_scores,SCORE-945ca035-6326-5720-bc88-8c2c51d9ff26,SRC-HFNU-2024-LQ,primary_evidence,"{""row_key"":""电气工程及其自动化|淮北职业技术学院"",""section"":""录取最低分"",""table"":4,""url"":""https://zsb.hfnu.edu.cn/info/1002/3065.htm""}"
FACTSRC-2f380fb4-5f64-5aca-8bd2-7101ce225751,admission_scores,SCORE-9652faba-6824-556e-88b0-bcbfae41aaac,SRC-HFNU-2026-LQ,primary_evidence,"{""asset_id"":""ASSET-HFNU-2026-LQ-EMBEDDED-PDF"",""page"":1,""row_key"":""软件工程|合肥师范学院"",""section"":""录取最低分"",""table"":1}"
FACTSRC-5ac246d3-37f3-5045-8d00-506a2c55eaff,admission_scores,SCORE-978c1678-0b38-50d6-b8f9-13e84dc810e7,SRC-HFNU-2024-LQ,primary_evidence,"{""row_key"":""商务英语|合肥师范学院"",""section"":""录取最低分"",""table"":4,""url"":""https://zsb.hfnu.edu.cn/info/1002/3065.htm""}"
FACTSRC-de67283f-8856-5ab0-96f8-3ca26f66cd38,admission_scores,SCORE-97b994df-5913-5ad6-95e2-7d1f55b33835,SRC-HFNU-2025-LQ,primary_evidence,"{""row_key"":""网络工程|合肥职业技术学院"",""section"":""录取最低分"",""table"":1,""url"":""https://zsb.hfnu.edu.cn/info/1002/3475.htm""}"
FACTSRC-d71fe47b-8688-54d2-95c7-331e6a91073d,admission_scores,SCORE-991d9e97-ad02-5864-bb18-5bc6938f92f0,SRC-HFNU-2025-LQ,primary_evidence,"{""row_key"":""数据科学与大数据技术|合肥师范学院"",""section"":""录取最低分"",""table"":1,""url"":""https://zsb.hfnu.edu.cn/info/1002/3475.htm""}"
FACTSRC-87172bf3-2728-56e2-afc0-7f7994915727,admission_scores,SCORE-99ad926a-204d-565e-9502-2d4573168176,SRC-HFNU-2026-LQ,primary_evidence,"{""asset_id"":""ASSET-HFNU-2026-LQ-EMBEDDED-PDF"",""page"":1,""row_key"":""人力资源管理|合肥师范学院"",""section"":""录取最低分"",""table"":1}"
FACTSRC-b85b132b-4b26-5623-963d-dffcb46858e7,admission_scores,SCORE-9a7738a7-6e0b-58ea-bedd-89c9f7616bae,SRC-HFNU-2024-LQ,primary_evidence,"{""row_key"":""动画|合肥师范学院"",""section"":""录取最低分"",""table"":4,""url"":""https://zsb.hfnu.edu.cn/info/1002/3065.htm""}"
FACTSRC-9cc8087d-5db1-51e1-85d7-732bbb052e45,admission_scores,SCORE-9aa4f226-10ec-5077-a7fd-1a731bf95c84,SRC-HFNU-2025-LQ,primary_evidence,"{""row_key"":""化学工程与工艺|合肥师范学院"",""section"":""录取最低分"",""table"":1,""url"":""https://zsb.hfnu.edu.cn/info/1002/3475.htm""}"
FACTSRC-dc9ed25d-fc4e-505d-93c7-68fdafab7933,admission_scores,SCORE-9b62edbf-7d07-58fe-b990-b73bc1169795,SRC-HFNU-2026-LQ,primary_evidence,"{""asset_id"":""ASSET-HFNU-2026-LQ-EMBEDDED-PDF"",""page"":2,""row_key"":""环境设计|马鞍山师范高等专科学校"",""section"":""录取最低分"",""table"":1}"
FACTSRC-43455e7d-54c4-5dfe-94e4-f3d50390f2d1,admission_scores,SCORE-9b9c8ee9-56ee-586f-af4d-79241b41dfc2,SRC-HFNU-2026-LQ,primary_evidence,"{""asset_id"":""ASSET-HFNU-2026-LQ-EMBEDDED-PDF"",""page"":1,""row_key"":""软件工程|合肥师范学院"",""section"":""录取最低分"",""table"":1}"
FACTSRC-270c5395-42e2-57a7-b514-92e4df5433ea,admission_scores,SCORE-9bcff0da-8019-55fa-80ff-816a1cdd5e79,SRC-HFNU-2025-LQ,primary_evidence,"{""row_key"":""数据科学与大数据技术|合肥师范学院"",""section"":""录取最低分"",""table"":1,""url"":""https://zsb.hfnu.edu.cn/info/1002/3475.htm""}"
FACTSRC-74021261-ff87-55e5-8da5-2e120ec1dceb,admission_scores,SCORE-9c8dd595-187a-5e8c-8dbf-d976b43898ed,SRC-HFNU-2025-LQ,primary_evidence,"{""row_key"":""计算机科学与技术|安徽工业经济职业技术学院"",""section"":""录取最低分"",""table"":1,""url"":""https://zsb.hfnu.edu.cn/info/1002/3475.htm""}"
FACTSRC-bced72d0-8243-5d73-a4f0-677758870257,admission_scores,SCORE-9c9f6068-d35b-537e-bd0b-d0d49341622f,SRC-HFNU-2026-LQ,primary_evidence,"{""asset_id"":""ASSET-HFNU-2026-LQ-EMBEDDED-PDF"",""page"":1,""row_key"":""通信工程|合肥师范学院"",""section"":""录取最低分"",""table"":1}"
FACTSRC-d68de858-1e55-59ad-8253-1486a897a69d,admission_scores,SCORE-9d6a0d4c-6096-5f71-879d-0aef50ff55c7,SRC-HFNU-2025-LQ,primary_evidence,"{""row_key"":""通信工程|合肥师范学院"",""section"":""录取最低分"",""table"":1,""url"":""https://zsb.hfnu.edu.cn/info/1002/3475.htm""}"
FACTSRC-1e5bc997-3703-5a2f-aa37-2e0fdde78859,admission_scores,SCORE-9dc11519-43d9-5724-9c3d-ac8d642fbe90,SRC-HFNU-2026-LQ,primary_evidence,"{""asset_id"":""ASSET-HFNU-2026-LQ-EMBEDDED-PDF"",""page"":2,""row_key"":""食品质量与安全|马鞍山师范高等专科学校"",""section"":""录取最低分"",""table"":1}"
FACTSRC-a5342e8e-cf50-5c7a-b21d-aae3a495eadc,admission_scores,SCORE-9e9019fe-5fb9-5763-a0af-90d885e2e35a,SRC-HFNU-2024-LQ,primary_evidence,"{""row_key"":""食品质量与安全|马鞍山师范高等专科学校"",""section"":""录取最低分"",""table"":4,""url"":""https://zsb.hfnu.edu.cn/info/1002/3065.htm""}"
FACTSRC-f6c4ed69-f189-53ff-8b42-9f6fbc5a19a4,admission_scores,SCORE-9f32bf8c-a3c2-51a8-acc7-516f499bbad3,SRC-HFNU-2025-LQ,primary_evidence,"{""row_key"":""小学教育|淮北职业技术学院"",""section"":""录取最低分"",""table"":1,""url"":""https://zsb.hfnu.edu.cn/info/1002/3475.htm""}"
FACTSRC-ee0115a9-1375-5b80-a5e9-41d118f6b903,admission_scores,SCORE-9fb837db-f5bc-532a-bd65-e4d182a3ea03,SRC-HFNU-2026-LQ,primary_evidence,"{""asset_id"":""ASSET-HFNU-2026-LQ-EMBEDDED-PDF"",""page"":1,""row_key"":""市场营销|合肥师范学院"",""section"":""录取最低分"",""table"":1}"
FACTSRC-83318f27-8b6b-55e8-9782-2030169750a9,admission_scores,SCORE-9fd31ffe-c3bc-59dd-90f5-f995eb9605cc,SRC-HFNU-2024-LQ,primary_evidence,"{""row_key"":""新能源材料与器件|合肥师范学院"",""section"":""录取最低分"",""table"":4,""url"":""https://zsb.hfnu.edu.cn/info/1002/3065.htm""}"
FACTSRC-906d8bde-08de-5b1b-bbfd-e2380fac2d0d,admission_scores,SCORE-a0671f63-0bcc-5552-a285-a8e943da3a18,SRC-HFNU-2025-LQ,primary_evidence,"{""row_key"":""动画|合肥师范学院"",""section"":""录取最低分"",""table"":1,""url"":""https://zsb.hfnu.edu.cn/info/1002/3475.htm""}"
FACTSRC-94818da9-27ae-584c-bcf0-5cd0bd104e4b,admission_scores,SCORE-a09e6d5b-c58b-5953-85fa-7ecdcdddb5d7,SRC-HFNU-2024-LQ,primary_evidence,"{""row_key"":""生物制药|合肥师范学院"",""section"":""录取最低分"",""table"":4,""url"":""https://zsb.hfnu.edu.cn/info/1002/3065.htm""}"
FACTSRC-5bec7564-5155-58de-82c5-6bf32066e8ba,admission_scores,SCORE-a16019fc-9d20-5a4b-bf53-5521b53f0200,SRC-HFNU-2025-LQ,primary_evidence,"{""row_key"":""电气工程及其自动化|淮北职业技术学院"",""section"":""录取最低分"",""table"":1,""url"":""https://zsb.hfnu.edu.cn/info/1002/3475.htm""}"
FACTSRC-3b43cf7b-39fa-555d-a9f7-ab7d969cf50d,admission_scores,SCORE-a2391f0f-3d0a-5ef0-b6be-0d93bca4c9c9,SRC-HFNU-2024-LQ,primary_evidence,"{""row_key"":""电气工程及其自动化|安徽工业经济职业技术学院"",""section"":""录取最低分"",""table"":4,""url"":""https://zsb.hfnu.edu.cn/info/1002/3065.htm""}"
FACTSRC-1a6f1b4b-71ed-57de-948b-cdd83656b289,admission_scores,SCORE-a27f234c-15d9-5b6c-8433-a01c71d48f4f,SRC-HFNU-2024-LQ,primary_evidence,"{""row_key"":""药物制剂|合肥师范学院"",""section"":""录取最低分"",""table"":4,""url"":""https://zsb.hfnu.edu.cn/info/1002/3065.htm""}"
FACTSRC-ad9590a5-c1e2-550c-9ecf-74f4be4b16ae,admission_scores,SCORE-a30bb68d-5440-554b-b313-37b520d22402,SRC-HFNU-2026-LQ,primary_evidence,"{""asset_id"":""ASSET-HFNU-2026-LQ-EMBEDDED-PDF"",""page"":2,""row_key"":""新能源材料与器件|合肥师范学院"",""section"":""录取最低分"",""table"":1}"
FACTSRC-248c25ab-50e2-5a58-9e86-f303da62c4b6,admission_scores,SCORE-a31f1b8e-c7de-55b1-a691-037c69ff5dd1,SRC-HFNU-2025-LQ,primary_evidence,"{""row_key"":""服装与服饰设计|合肥师范学院"",""section"":""录取最低分"",""table"":1,""url"":""https://zsb.hfnu.edu.cn/info/1002/3475.htm""}"
FACTSRC-a63beffc-cc74-5e25-a7a7-78f21e6634ef,admission_scores,SCORE-a3d3ac0f-edf8-5ead-bb91-f8874d33e333,SRC-HFNU-2026-LQ,primary_evidence,"{""asset_id"":""ASSET-HFNU-2026-LQ-EMBEDDED-PDF"",""page"":2,""row_key"":""网络工程|安徽工业经济职业技术学院"",""section"":""录取最低分"",""table"":1}"
FACTSRC-b1fd0d23-11bf-539b-8a92-1ecfdbefae80,admission_scores,SCORE-a42665e1-d41d-59cb-98d9-872b2fdbffef,SRC-HFNU-2024-LQ,primary_evidence,"{""row_key"":""视觉传达设计|合肥师范学院"",""section"":""录取最低分"",""table"":4,""url"":""https://zsb.hfnu.edu.cn/info/1002/3065.htm""}"
FACTSRC-fccf0252-8e2c-5259-a8ad-2fa754b112ed,admission_scores,SCORE-a4537c1f-2bcf-5c75-b38e-b60a57b3e167,SRC-HFNU-2024-LQ,primary_evidence,"{""row_key"":""化学工程与工艺|合肥师范学院"",""section"":""录取最低分"",""table"":4,""url"":""https://zsb.hfnu.edu.cn/info/1002/3065.htm""}"
FACTSRC-887540d3-8dcf-53ab-a5da-40d540f44b1c,admission_scores,SCORE-a576bfb6-4098-5a22-ab00-5807610f14d2,SRC-HFNU-2025-LQ,primary_evidence,"{""row_key"":""经济统计学|合肥师范学院"",""section"":""录取最低分"",""table"":1,""url"":""https://zsb.hfnu.edu.cn/info/1002/3475.htm""}"
FACTSRC-7f06eb5f-2b9e-5ccc-893b-f7868612201b,admission_scores,SCORE-a5c3a0e3-c9a9-5d77-95cf-3f9c55f3d425,SRC-HFNU-2024-LQ,primary_evidence,"{""row_key"":""化学工程与工艺|合肥师范学院"",""section"":""录取最低分"",""table"":4,""url"":""https://zsb.hfnu.edu.cn/info/1002/3065.htm""}"
FACTSRC-1321497b-87c8-50d6-ba53-7eed2d3ecc72,admission_scores,SCORE-a7f59654-8906-55ed-83c9-1f23282f9799,SRC-HFNU-2025-LQ,primary_evidence,"{""row_key"":""计算机科学与技术|安徽工业经济职业技术学院"",""section"":""录取最低分"",""table"":1,""url"":""https://zsb.hfnu.edu.cn/info/1002/3475.htm""}"
FACTSRC-556ef839-008e-5e26-9102-9ca27ee1f792,admission_scores,SCORE-a80b1c6f-4374-53cf-bf00-3ba8f8eb8c70,SRC-HFNU-2026-LQ,primary_evidence,"{""asset_id"":""ASSET-HFNU-2026-LQ-EMBEDDED-PDF"",""page"":2,""row_key"":""计算机科学与技术|马鞍山师范高等专科学校"",""section"":""录取最低分"",""table"":1}"
FACTSRC-f0d72f4c-877e-5cc0-8eec-098e2169f027,admission_scores,SCORE-a858f685-6e59-5a0d-a6c5-09385f8355d2,SRC-HFNU-2025-LQ,primary_evidence,"{""row_key"":""数据科学与大数据技术|合肥师范学院"",""section"":""录取最低分"",""table"":1,""url"":""https://zsb.hfnu.edu.cn/info/1002/3475.htm""}"
FACTSRC-b02789c4-53a1-5f2a-91cc-aea7b7ff8bc2,admission_scores,SCORE-a86fa29a-8c98-5307-8450-ec5c25afb181,SRC-HFNU-2026-LQ,primary_evidence,"{""asset_id"":""ASSET-HFNU-2026-LQ-EMBEDDED-PDF"",""page"":1,""row_key"":""商务英语|合肥师范学院"",""section"":""录取最低分"",""table"":1}"
FACTSRC-87204d6d-3afe-536f-a8bc-6d132193a6b6,admission_scores,SCORE-a89147a0-5663-5250-b8b0-25491fbf6843,SRC-HFNU-2024-LQ,primary_evidence,"{""row_key"":""通信工程|合肥师范学院"",""section"":""录取最低分"",""table"":4,""url"":""https://zsb.hfnu.edu.cn/info/1002/3065.htm""}"
FACTSRC-b67f166c-12f8-5005-9bc6-a394becb9139,admission_scores,SCORE-a9265244-2197-5086-9aa5-9da2c586b903,SRC-HFNU-2025-LQ,primary_evidence,"{""row_key"":""网络工程|安徽工业经济职业技术学院"",""section"":""录取最低分"",""table"":1,""url"":""https://zsb.hfnu.edu.cn/info/1002/3475.htm""}"
FACTSRC-4b84d1fb-7e44-59bf-bd7a-d44cb67e14f9,admission_scores,SCORE-a9ed6225-6e49-52e8-b044-e54111244a2e,SRC-HFNU-2024-LQ,primary_evidence,"{""row_key"":""制药工程|合肥职业技术学院"",""section"":""录取最低分"",""table"":4,""url"":""https://zsb.hfnu.edu.cn/info/1002/3065.htm""}"
FACTSRC-6dc2bc7b-11e9-5a79-8500-5975b2d53f25,admission_scores,SCORE-ab3a8501-916c-5817-b6a6-93c432e235c1,SRC-HFNU-2025-LQ,primary_evidence,"{""row_key"":""化学工程与工艺|合肥师范学院"",""section"":""录取最低分"",""table"":1,""url"":""https://zsb.hfnu.edu.cn/info/1002/3475.htm""}"
FACTSRC-afae0d8a-c2a1-5794-8347-66e9cf963636,admission_scores,SCORE-ab7b9939-a300-5796-8dda-591dd57c2425,SRC-HFNU-2025-LQ,primary_evidence,"{""row_key"":""食品质量与安全|马鞍山师范高等专科学校"",""section"":""录取最低分"",""table"":1,""url"":""https://zsb.hfnu.edu.cn/info/1002/3475.htm""}"
FACTSRC-7e1a8c35-0a6c-5ecc-9764-ad80632f5aa7,admission_scores,SCORE-ad8993e9-a72e-5cd5-b377-b83c704bed2c,SRC-HFNU-2026-LQ,primary_evidence,"{""asset_id"":""ASSET-HFNU-2026-LQ-EMBEDDED-PDF"",""page"":1,""row_key"":""互联网金融|合肥师范学院"",""section"":""录取最低分"",""table"":1}"
FACTSRC-497036eb-5d0d-5e36-b1cd-b334c96e90e2,admission_scores,SCORE-addc97c4-556a-524b-aba0-02b04be774f1,SRC-HFNU-2025-LQ,primary_evidence,"{""row_key"":""环境设计|马鞍山师范高等专科学校"",""section"":""录取最低分"",""table"":1,""url"":""https://zsb.hfnu.edu.cn/info/1002/3475.htm""}"
FACTSRC-a5455fe4-ec75-5db2-8bed-092139302981,admission_scores,SCORE-ade61778-f112-51b0-aa92-b265b484ffd6,SRC-HFNU-2024-LQ,primary_evidence,"{""row_key"":""财务管理|安徽工业经济职业技术学院"",""section"":""录取最低分"",""table"":4,""url"":""https://zsb.hfnu.edu.cn/info/1002/3065.htm""}"
FACTSRC-c89ac7bc-756f-5fcd-b498-2a096db8f447,admission_scores,SCORE-ae823fa6-46b3-5866-b45a-1485a6f26022,SRC-HFNU-2026-LQ,primary_evidence,"{""asset_id"":""ASSET-HFNU-2026-LQ-EMBEDDED-PDF"",""page"":2,""row_key"":""新能源材料与器件|合肥师范学院"",""section"":""录取最低分"",""table"":1}"
FACTSRC-d7286c33-c491-5d7e-8f96-3f5f15616d84,admission_scores,SCORE-aedfa091-7478-58f3-a337-68cc0e96b2f9,SRC-HFNU-2026-LQ,primary_evidence,"{""asset_id"":""ASSET-HFNU-2026-LQ-EMBEDDED-PDF"",""page"":2,""row_key"":""服装与服饰设计|合肥师范学院"",""section"":""录取最低分"",""table"":1}"
FACTSRC-20786662-5ded-5cdf-b752-85954deefa0e,admission_scores,SCORE-aef4a9d3-55a9-506a-8fbd-0b07702bc41c,SRC-HFNU-2024-LQ,primary_evidence,"{""row_key"":""网络工程|安徽工业经济职业技术学院"",""section"":""录取最低分"",""table"":4,""url"":""https://zsb.hfnu.edu.cn/info/1002/3065.htm""}"
FACTSRC-184df988-f234-5329-bc02-1496e02f357f,admission_scores,SCORE-b033d659-ba0c-554f-88da-8c72ce257854,SRC-HFNU-2024-LQ,primary_evidence,"{""row_key"":""新能源材料与器件|合肥师范学院"",""section"":""录取最低分"",""table"":4,""url"":""https://zsb.hfnu.edu.cn/info/1002/3065.htm""}"
FACTSRC-ecf259c0-3a55-538a-b172-7063a2337238,admission_scores,SCORE-b0ad836a-48bb-5c43-a272-6bd8bcaa50dd,SRC-HFNU-2025-LQ,primary_evidence,"{""row_key"":""网络工程|安徽工业经济职业技术学院"",""section"":""录取最低分"",""table"":1,""url"":""https://zsb.hfnu.edu.cn/info/1002/3475.htm""}"
FACTSRC-ca4ba1a3-5aed-521a-9663-9140088e1396,admission_scores,SCORE-b1ba9a35-2b9a-5b2f-aa20-7471f54eb0f3,SRC-HFNU-2024-LQ,primary_evidence,"{""row_key"":""材料科学与工程|合肥师范学院"",""section"":""录取最低分"",""table"":4,""url"":""https://zsb.hfnu.edu.cn/info/1002/3065.htm""}"
FACTSRC-1dfa1c7c-a04e-59ac-a1f2-5ba27be7404c,admission_scores,SCORE-b254c1e2-eead-564d-9718-acf59c969fbc,SRC-HFNU-2025-LQ,primary_evidence,"{""row_key"":""电子信息工程|合肥师范学院"",""section"":""录取最低分"",""table"":1,""url"":""https://zsb.hfnu.edu.cn/info/1002/3475.htm""}"
FACTSRC-bb948c8e-c530-5897-8e31-092599d9f354,admission_scores,SCORE-b2e003a7-fdb1-5503-a733-4f9884f2b3be,SRC-HFNU-2026-LQ,primary_evidence,"{""asset_id"":""ASSET-HFNU-2026-LQ-EMBEDDED-PDF"",""page"":2,""row_key"":""运动康复|合肥师范学院"",""section"":""录取最低分"",""table"":1}"
FACTSRC-e32327a3-eeb1-59b8-915c-21477dd8825d,admission_scores,SCORE-b300df3e-d681-5b02-a1fb-02e6f0cbb3fc,SRC-HFNU-2024-LQ,primary_evidence,"{""row_key"":""小学教育|淮北职业技术学院"",""section"":""录取最低分"",""table"":4,""url"":""https://zsb.hfnu.edu.cn/info/1002/3065.htm""}"
FACTSRC-10190e1e-9847-566d-baf7-65578f646e3c,admission_scores,SCORE-b34a9826-09df-5f6c-82b2-2e9e47e7307f,SRC-HFNU-2026-LQ,primary_evidence,"{""asset_id"":""ASSET-HFNU-2026-LQ-EMBEDDED-PDF"",""page"":1,""row_key"":""通信工程|合肥师范学院"",""section"":""录取最低分"",""table"":1}"
FACTSRC-8780573d-83ba-597f-93b4-376cfda98ea4,admission_scores,SCORE-b3f35753-9956-59f2-8333-752a9dc5e6d1,SRC-HFNU-2025-LQ,primary_evidence,"{""row_key"":""动画|合肥师范学院"",""section"":""录取最低分"",""table"":1,""url"":""https://zsb.hfnu.edu.cn/info/1002/3475.htm""}"
FACTSRC-3fe4d427-1dfe-5aad-a004-b886aa42a1cd,admission_scores,SCORE-b442c3d8-1c61-50ad-a33c-f090eb2d2f97,SRC-HFNU-2026-LQ,primary_evidence,"{""asset_id"":""ASSET-HFNU-2026-LQ-EMBEDDED-PDF"",""page"":2,""row_key"":""计算机科学与技术|安徽工业经济职业技术学院"",""section"":""录取最低分"",""table"":1}"
FACTSRC-1c46f5d8-47f5-5ba9-bad0-1e0b1be3a526,admission_scores,SCORE-b5694321-eca4-5bcb-90b3-03643f88d760,SRC-HFNU-2024-LQ,primary_evidence,"{""row_key"":""市场营销|安徽工业经济职业技术学院"",""section"":""录取最低分"",""table"":4,""url"":""https://zsb.hfnu.edu.cn/info/1002/3065.htm""}"
FACTSRC-16596c6e-32df-52a7-b2dc-ad08216cdbdb,admission_scores,SCORE-b59137ac-9136-58b1-ac7a-0dc025271136,SRC-HFNU-2024-LQ,primary_evidence,"{""row_key"":""财务管理|安徽工业经济职业技术学院"",""section"":""录取最低分"",""table"":4,""url"":""https://zsb.hfnu.edu.cn/info/1002/3065.htm""}"
FACTSRC-96b33e59-fe1c-5d76-954f-71dff9a97a85,admission_scores,SCORE-b594def5-0def-5aea-92af-8e64f703c2e7,SRC-HFNU-2025-LQ,primary_evidence,"{""row_key"":""网络工程|安徽工业经济职业技术学院"",""section"":""录取最低分"",""table"":1,""url"":""https://zsb.hfnu.edu.cn/info/1002/3475.htm""}"
FACTSRC-1193438b-cbb2-5f98-870f-3f2da79daa6f,admission_scores,SCORE-b7136671-dc3b-5a18-a89a-9b686b5636f8,SRC-HFNU-2024-LQ,primary_evidence,"{""row_key"":""互联网金融|合肥师范学院"",""section"":""录取最低分"",""table"":4,""url"":""https://zsb.hfnu.edu.cn/info/1002/3065.htm""}"
FACTSRC-2999dd4e-a0bb-5363-9901-2117ce51941b,admission_scores,SCORE-b7b0c730-61f3-5061-a94c-6c998ff97860,SRC-HFNU-2026-LQ,primary_evidence,"{""asset_id"":""ASSET-HFNU-2026-LQ-EMBEDDED-PDF"",""page"":1,""row_key"":""软件工程|合肥师范学院"",""section"":""录取最低分"",""table"":1}"
FACTSRC-45216b0d-674a-5a63-8bf7-f97e46d55257,admission_scores,SCORE-b889c538-0914-54c6-9a47-374fb06b399f,SRC-HFNU-2024-LQ,primary_evidence,"{""row_key"":""视觉传达设计|合肥师范学院"",""section"":""录取最低分"",""table"":4,""url"":""https://zsb.hfnu.edu.cn/info/1002/3065.htm""}"
FACTSRC-52aecb06-3341-50f0-9085-af7c3d530d91,admission_scores,SCORE-b8dc95be-65f4-5bb3-b759-dfb51aa3715d,SRC-HFNU-2024-LQ,primary_evidence,"{""row_key"":""财务管理|安徽工业经济职业技术学院"",""section"":""录取最低分"",""table"":4,""url"":""https://zsb.hfnu.edu.cn/info/1002/3065.htm""}"
FACTSRC-8d4c7b35-cba7-546c-bf74-55febe07f59f,admission_scores,SCORE-b9620135-3ad7-5caf-920e-95235f6911a6,SRC-HFNU-2026-LQ,primary_evidence,"{""asset_id"":""ASSET-HFNU-2026-LQ-EMBEDDED-PDF"",""page"":2,""row_key"":""服装与服饰设计|合肥师范学院"",""section"":""录取最低分"",""table"":1}"
FACTSRC-039bcbb8-e0ba-52f0-af49-da81e3af996d,admission_scores,SCORE-b9ae684a-3178-52d5-857d-fa9a32827a18,SRC-HFNU-2024-LQ,primary_evidence,"{""row_key"":""生物制药|合肥师范学院"",""section"":""录取最低分"",""table"":4,""url"":""https://zsb.hfnu.edu.cn/info/1002/3065.htm""}"
FACTSRC-e4301cd7-0a53-5d37-b502-149f2b46efaf,admission_scores,SCORE-bb367829-0ad2-5519-b684-c0447c222002,SRC-HFNU-2025-LQ,primary_evidence,"{""row_key"":""计算机科学与技术|安徽工业经济职业技术学院"",""section"":""录取最低分"",""table"":1,""url"":""https://zsb.hfnu.edu.cn/info/1002/3475.htm""}"
FACTSRC-68d8d937-3d47-52ed-915a-25babfe85397,admission_scores,SCORE-bba65b49-4c1e-51b0-b198-40c28db6d400,SRC-HFNU-2025-LQ,primary_evidence,"{""row_key"":""商务英语|合肥师范学院"",""section"":""录取最低分"",""table"":1,""url"":""https://zsb.hfnu.edu.cn/info/1002/3475.htm""}"
FACTSRC-8ffebfea-11e5-5fb5-8fcc-0972734693a0,admission_scores,SCORE-bbae53f2-6f6f-5c6f-b23f-837048a7ff3c,SRC-HFNU-2026-LQ,primary_evidence,"{""asset_id"":""ASSET-HFNU-2026-LQ-EMBEDDED-PDF"",""page"":1,""row_key"":""电子信息工程|合肥师范学院"",""section"":""录取最低分"",""table"":1}"
FACTSRC-44f1a3cf-a654-582d-9d15-e41df1ccb4c5,admission_scores,SCORE-bbb88404-22f1-5924-9fd5-ea7539518799,SRC-HFNU-2025-LQ,primary_evidence,"{""row_key"":""计算机科学与技术|安徽工业经济职业技术学院"",""section"":""录取最低分"",""table"":1,""url"":""https://zsb.hfnu.edu.cn/info/1002/3475.htm""}"
FACTSRC-e0513de5-b57b-50df-b425-b8e20d1d46f1,admission_scores,SCORE-bbc50e07-68f5-5a7a-8606-74af742952f5,SRC-HFNU-2024-LQ,primary_evidence,"{""row_key"":""视觉传达设计|合肥师范学院"",""section"":""录取最低分"",""table"":4,""url"":""https://zsb.hfnu.edu.cn/info/1002/3065.htm""}"
FACTSRC-1196ff0a-ee68-5f19-91d9-c748135e0968,admission_scores,SCORE-bbfe918e-e028-5055-adb4-ca17632e9049,SRC-HFNU-2024-LQ,primary_evidence,"{""row_key"":""小学教育|淮北职业技术学院"",""section"":""录取最低分"",""table"":4,""url"":""https://zsb.hfnu.edu.cn/info/1002/3065.htm""}"
FACTSRC-cfed8b93-f58d-56d2-bbb7-d6c92d5de51f,admission_scores,SCORE-bc91267b-4723-5bba-b0d1-68226837238a,SRC-HFNU-2026-LQ,primary_evidence,"{""asset_id"":""ASSET-HFNU-2026-LQ-EMBEDDED-PDF"",""page"":2,""row_key"":""动画|合肥师范学院"",""section"":""录取最低分"",""table"":1}"
FACTSRC-1a920634-dea4-53c6-ab1f-f98e4ed62095,admission_scores,SCORE-bcdd65cb-fb85-5ad9-8c1c-4c024e79bacc,SRC-HFNU-2025-LQ,primary_evidence,"{""row_key"":""网络与新媒体|合肥师范学院"",""section"":""录取最低分"",""table"":1,""url"":""https://zsb.hfnu.edu.cn/info/1002/3475.htm""}"
FACTSRC-8f5a10c2-6c05-5192-aef0-504740d73c28,admission_scores,SCORE-be7a3288-ac46-5789-8e07-f296e932f0cb,SRC-HFNU-2025-LQ,primary_evidence,"{""row_key"":""生物制药|合肥师范学院"",""section"":""录取最低分"",""table"":1,""url"":""https://zsb.hfnu.edu.cn/info/1002/3475.htm""}"
FACTSRC-b9b71792-5e59-50a0-bb38-ed23c46feedb,admission_scores,SCORE-bef77946-d9b6-5717-9663-f35a0bc4890b,SRC-HFNU-2025-LQ,primary_evidence,"{""row_key"":""人力资源管理|合肥师范学院"",""section"":""录取最低分"",""table"":1,""url"":""https://zsb.hfnu.edu.cn/info/1002/3475.htm""}"
FACTSRC-4d8a6ec7-7f35-5039-ae3e-97e7bb9ddf39,admission_scores,SCORE-bf02166a-d894-585b-9bf4-89bf453818e7,SRC-HFNU-2024-LQ,primary_evidence,"{""row_key"":""化学工程与工艺|合肥师范学院"",""section"":""录取最低分"",""table"":4,""url"":""https://zsb.hfnu.edu.cn/info/1002/3065.htm""}"
FACTSRC-cfcd34d9-4e56-502b-b557-cc651e395470,admission_scores,SCORE-bff45284-b236-5ddc-8ed6-6584e1c70d58,SRC-HFNU-2025-LQ,primary_evidence,"{""row_key"":""电气工程及其自动化|安徽工业经济职业技术学院"",""section"":""录取最低分"",""table"":1,""url"":""https://zsb.hfnu.edu.cn/info/1002/3475.htm""}"
FACTSRC-9feb8821-96ad-5355-8575-a2cfaabc4b1b,admission_scores,SCORE-c015b531-a3ca-53ae-9fa3-d31b8067f928,SRC-HFNU-2025-LQ,primary_evidence,"{""row_key"":""软件工程|合肥师范学院"",""section"":""录取最低分"",""table"":1,""url"":""https://zsb.hfnu.edu.cn/info/1002/3475.htm""}"
FACTSRC-f39ebb84-56cf-5ac9-82d3-703b00b05246,admission_scores,SCORE-c182958b-9f6c-5a93-93cd-406a0c7b0ad5,SRC-HFNU-2024-LQ,primary_evidence,"{""row_key"":""电子信息工程|合肥师范学院"",""section"":""录取最低分"",""table"":4,""url"":""https://zsb.hfnu.edu.cn/info/1002/3065.htm""}"
FACTSRC-e8365236-6e78-5ee2-b91e-af5d75275cdc,admission_scores,SCORE-c33f8991-3c5f-517c-b6c8-6f00afc1261c,SRC-HFNU-2025-LQ,primary_evidence,"{""row_key"":""药物制剂|合肥师范学院"",""section"":""录取最低分"",""table"":1,""url"":""https://zsb.hfnu.edu.cn/info/1002/3475.htm""}"
FACTSRC-b3f9c5bd-5bca-5926-9fdb-964066abd81b,admission_scores,SCORE-c3c9be29-7a47-57ea-ae0a-ad8f01416489,SRC-HFNU-2025-LQ,primary_evidence,"{""row_key"":""电气工程及其自动化|淮北职业技术学院"",""section"":""录取最低分"",""table"":1,""url"":""https://zsb.hfnu.edu.cn/info/1002/3475.htm""}"
FACTSRC-df41cb70-cbfe-5893-8569-3a6ed2350e08,admission_scores,SCORE-c483e646-0388-57c3-830c-67d5d67ffb23,SRC-HFNU-2026-LQ,primary_evidence,"{""asset_id"":""ASSET-HFNU-2026-LQ-EMBEDDED-PDF"",""page"":2,""row_key"":""小学教育|淮北职业技术学院"",""section"":""录取最低分"",""table"":1}"
FACTSRC-fbcda040-846f-5cf0-aaab-355fdc025a93,admission_scores,SCORE-c6732a42-7170-5501-8f29-7a79db9584ab,SRC-HFNU-2025-LQ,primary_evidence,"{""row_key"":""制药工程|合肥职业技术学院"",""section"":""录取最低分"",""table"":1,""url"":""https://zsb.hfnu.edu.cn/info/1002/3475.htm""}"
FACTSRC-f86b161a-20e4-55e5-b96b-2100d5171ff8,admission_scores,SCORE-c6a6474b-4d42-5646-963c-f5099c53533b,SRC-HFNU-2026-LQ,primary_evidence,"{""asset_id"":""ASSET-HFNU-2026-LQ-EMBEDDED-PDF"",""page"":2,""row_key"":""计算机科学与技术|马鞍山师范高等专科学校"",""section"":""录取最低分"",""table"":1}"
FACTSRC-67b7cd3b-5176-5660-807e-0f6ebf95ddcf,admission_scores,SCORE-c6c58715-3efe-5faa-b066-702d028d23be,SRC-HFNU-2026-LQ,primary_evidence,"{""asset_id"":""ASSET-HFNU-2026-LQ-EMBEDDED-PDF"",""page"":1,""row_key"":""软件工程|合肥师范学院"",""section"":""录取最低分"",""table"":1}"
FACTSRC-7676e4b9-934e-5e80-a35d-7f06a76f6d42,admission_scores,SCORE-c7edc9a2-62fc-587b-a0e1-9ee8679fc65b,SRC-HFNU-2026-LQ,primary_evidence,"{""asset_id"":""ASSET-HFNU-2026-LQ-EMBEDDED-PDF"",""page"":2,""row_key"":""环境设计|马鞍山师范高等专科学校"",""section"":""录取最低分"",""table"":1}"
FACTSRC-bd9ef8bb-e391-5303-8ee0-c275d39f846d,admission_scores,SCORE-c87098a5-faa4-541e-a067-eaf4dbade8be,SRC-HFNU-2024-LQ,primary_evidence,"{""row_key"":""计算机科学与技术|马鞍山师范高等专科学校"",""section"":""录取最低分"",""table"":4,""url"":""https://zsb.hfnu.edu.cn/info/1002/3065.htm""}"
FACTSRC-63d8fbfc-fbf3-5768-bb5b-a039b8e5c2fc,admission_scores,SCORE-cba59380-ed4f-5a51-9d8c-0c0e9f87dfdc,SRC-HFNU-2024-LQ,primary_evidence,"{""row_key"":""网络与新媒体|合肥师范学院"",""section"":""录取最低分"",""table"":4,""url"":""https://zsb.hfnu.edu.cn/info/1002/3065.htm""}"
FACTSRC-ca14c656-3df4-599a-8ea9-e128e7797118,admission_scores,SCORE-cbaef41c-c049-5226-b4a2-704a2c1651fd,SRC-HFNU-2025-LQ,primary_evidence,"{""row_key"":""网络工程|安徽工业经济职业技术学院"",""section"":""录取最低分"",""table"":1,""url"":""https://zsb.hfnu.edu.cn/info/1002/3475.htm""}"
FACTSRC-d0b3e680-519a-5aa0-9ad7-fd3430708a57,admission_scores,SCORE-cc60e433-9ad8-5a8f-a462-d230940cebe9,SRC-HFNU-2024-LQ,primary_evidence,"{""row_key"":""环境设计|马鞍山师范高等专科学校"",""section"":""录取最低分"",""table"":4,""url"":""https://zsb.hfnu.edu.cn/info/1002/3065.htm""}"
FACTSRC-6a00382e-2631-507e-9bd0-ea5d77470d9a,admission_scores,SCORE-ccece4ae-973d-5c75-8601-d7c1066276b1,SRC-HFNU-2025-LQ,primary_evidence,"{""row_key"":""运动康复|合肥职业技术学院"",""section"":""录取最低分"",""table"":1,""url"":""https://zsb.hfnu.edu.cn/info/1002/3475.htm""}"
FACTSRC-ba66862b-5791-5b1b-8754-6e4b950c1a92,admission_scores,SCORE-d0675b88-3abf-58b8-a141-fa64747221d8,SRC-HFNU-2025-LQ,primary_evidence,"{""row_key"":""市场营销|合肥师范学院"",""section"":""录取最低分"",""table"":1,""url"":""https://zsb.hfnu.edu.cn/info/1002/3475.htm""}"
FACTSRC-0fa7d0e9-c9e6-54ce-b205-30e0768cc0f5,admission_scores,SCORE-d12403b8-9cc1-505d-9557-546788742c28,SRC-HFNU-2026-LQ,primary_evidence,"{""asset_id"":""ASSET-HFNU-2026-LQ-EMBEDDED-PDF"",""page"":1,""row_key"":""网络与新媒体|合肥师范学院"",""section"":""录取最低分"",""table"":1}"
FACTSRC-3932f5d3-1a83-55ac-9877-ef7dd997d4e8,admission_scores,SCORE-d326c5cd-5c18-5359-beee-c73c4752ecc6,SRC-HFNU-2026-LQ,primary_evidence,"{""asset_id"":""ASSET-HFNU-2026-LQ-EMBEDDED-PDF"",""page"":2,""row_key"":""食品质量与安全|马鞍山师范高等专科学校"",""section"":""录取最低分"",""table"":1}"
FACTSRC-6dc1681b-eea6-50a3-bdb4-6a1b01c89a7b,admission_scores,SCORE-d36835aa-63d3-58a2-9e23-bb244b30bcf6,SRC-HFNU-2026-LQ,primary_evidence,"{""asset_id"":""ASSET-HFNU-2026-LQ-EMBEDDED-PDF"",""page"":1,""row_key"":""生物制药|合肥师范学院"",""section"":""录取最低分"",""table"":1}"
FACTSRC-54bb3723-d805-5322-b9b2-211f535d70b2,admission_scores,SCORE-d3afbe05-0600-52d3-a9d2-4ad42296cbbc,SRC-HFNU-2026-LQ,primary_evidence,"{""asset_id"":""ASSET-HFNU-2026-LQ-EMBEDDED-PDF"",""page"":2,""row_key"":""电气工程及其自动化|安徽工业经济职业技术学院"",""section"":""录取最低分"",""table"":1}"
FACTSRC-4f0bb619-052a-5ed5-bc93-21269809d2b4,admission_scores,SCORE-d3c3cf76-3447-5967-8787-7366162315e3,SRC-HFNU-2025-LQ,primary_evidence,"{""row_key"":""运动康复|合肥职业技术学院"",""section"":""录取最低分"",""table"":1,""url"":""https://zsb.hfnu.edu.cn/info/1002/3475.htm""}"
FACTSRC-6f0f7233-06f9-5250-a917-7166453558b7,admission_scores,SCORE-d438f459-587c-5dab-9f11-348880996bb5,SRC-HFNU-2026-LQ,primary_evidence,"{""asset_id"":""ASSET-HFNU-2026-LQ-EMBEDDED-PDF"",""page"":2,""row_key"":""网络工程|安徽工业经济职业技术学院"",""section"":""录取最低分"",""table"":1}"
FACTSRC-e67715be-f86c-5d6e-b1a1-d6f6fc16b664,admission_scores,SCORE-d4ec0501-27dc-5e1e-9fc0-e25d474e056b,SRC-HFNU-2025-LQ,primary_evidence,"{""row_key"":""电气工程及其自动化|安徽工业经济职业技术学院"",""section"":""录取最低分"",""table"":1,""url"":""https://zsb.hfnu.edu.cn/info/1002/3475.htm""}"
FACTSRC-3a290019-43ab-568d-884e-b7f818cc87e1,admission_scores,SCORE-d538c4cd-a00a-5aa2-9c80-76f0e6fc4409,SRC-HFNU-2024-LQ,primary_evidence,"{""row_key"":""电子信息工程|合肥师范学院"",""section"":""录取最低分"",""table"":4,""url"":""https://zsb.hfnu.edu.cn/info/1002/3065.htm""}"
FACTSRC-011a37a1-4b84-54b0-9918-a722334a8abe,admission_scores,SCORE-d5ce993f-b525-52d1-bea6-58215fb9e865,SRC-HFNU-2024-LQ,primary_evidence,"{""row_key"":""经济统计学|合肥师范学院"",""section"":""录取最低分"",""table"":4,""url"":""https://zsb.hfnu.edu.cn/info/1002/3065.htm""}"
FACTSRC-ab7e7c4b-3573-5d9b-8bea-23de29cb77f6,admission_scores,SCORE-d66485fc-0f5a-5efc-bb43-a33982979ac2,SRC-HFNU-2025-LQ,primary_evidence,"{""row_key"":""互联网金融|合肥师范学院"",""section"":""录取最低分"",""table"":1,""url"":""https://zsb.hfnu.edu.cn/info/1002/3475.htm""}"
FACTSRC-14a895e0-1324-5078-97a4-06bf8ab028de,admission_scores,SCORE-d6eb2bcf-d82a-5c43-83a7-266eaaee9f41,SRC-HFNU-2026-LQ,primary_evidence,"{""asset_id"":""ASSET-HFNU-2026-LQ-EMBEDDED-PDF"",""page"":2,""row_key"":""动画|合肥师范学院"",""section"":""录取最低分"",""table"":1}"
FACTSRC-cb3cd2ba-b604-55e7-a4c2-eb24e74fdd21,admission_scores,SCORE-d724eb5f-eeac-5c91-8587-7a26098e1ee2,SRC-HFNU-2026-LQ,primary_evidence,"{""asset_id"":""ASSET-HFNU-2026-LQ-EMBEDDED-PDF"",""page"":2,""row_key"":""动画|合肥师范学院"",""section"":""录取最低分"",""table"":1}"
FACTSRC-2b6dc5fc-44c2-5fc6-a91b-c87c06d050f3,admission_scores,SCORE-d7f52a4c-24e4-537e-9e87-e35043933396,SRC-HFNU-2025-LQ,primary_evidence,"{""row_key"":""动画|合肥师范学院"",""section"":""录取最低分"",""table"":1,""url"":""https://zsb.hfnu.edu.cn/info/1002/3475.htm""}"
FACTSRC-ebfcae18-499f-540c-a8ca-80ea027cfcce,admission_scores,SCORE-d8dedbea-a7c0-58b8-818b-3ec811c41d6a,SRC-HFNU-2024-LQ,primary_evidence,"{""row_key"":""药物制剂|合肥师范学院"",""section"":""录取最低分"",""table"":4,""url"":""https://zsb.hfnu.edu.cn/info/1002/3065.htm""}"
FACTSRC-3caff757-40a1-5cad-9a95-ff2d0efb41fe,admission_scores,SCORE-d907033c-c281-5e10-97ae-01c61f47fdfe,SRC-HFNU-2024-LQ,primary_evidence,"{""row_key"":""人力资源管理|合肥师范学院"",""section"":""录取最低分"",""table"":4,""url"":""https://zsb.hfnu.edu.cn/info/1002/3065.htm""}"
FACTSRC-df099170-275d-56d0-8ffa-16041c657069,admission_scores,SCORE-d995b63a-d067-5228-b172-f206c16f7944,SRC-HFNU-2025-LQ,primary_evidence,"{""row_key"":""互联网金融|合肥师范学院"",""section"":""录取最低分"",""table"":1,""url"":""https://zsb.hfnu.edu.cn/info/1002/3475.htm""}"
FACTSRC-233fbea1-099b-567a-85e1-43f6b53c93f4,admission_scores,SCORE-da347b03-d010-58a3-ba59-de6479bc4185,SRC-HFNU-2024-LQ,primary_evidence,"{""row_key"":""经济统计学|合肥师范学院"",""section"":""录取最低分"",""table"":4,""url"":""https://zsb.hfnu.edu.cn/info/1002/3065.htm""}"
FACTSRC-52dafd6d-0824-53f7-872f-a69032405db4,admission_scores,SCORE-daff48f2-5f12-5cdf-a931-690325604067,SRC-HFNU-2026-LQ,primary_evidence,"{""asset_id"":""ASSET-HFNU-2026-LQ-EMBEDDED-PDF"",""page"":2,""row_key"":""财务管理|安徽工业经济职业技术学院"",""section"":""录取最低分"",""table"":1}"
FACTSRC-91cf2a25-b4f8-5b1f-b28a-c58ce8961311,admission_scores,SCORE-db38d354-389f-584b-b849-4910144f086f,SRC-HFNU-2025-LQ,primary_evidence,"{""row_key"":""电气工程及其自动化|淮北职业技术学院"",""section"":""录取最低分"",""table"":1,""url"":""https://zsb.hfnu.edu.cn/info/1002/3475.htm""}"
FACTSRC-8175fb73-e761-5fe6-a214-078a389dcf48,admission_scores,SCORE-dbf5bade-adc7-57c4-8ab6-76a61b9e9649,SRC-HFNU-2025-LQ,primary_evidence,"{""row_key"":""学前教育|合肥师范学院"",""section"":""录取最低分"",""table"":1,""url"":""https://zsb.hfnu.edu.cn/info/1002/3475.htm""}"
FACTSRC-e4a37c96-bd54-519d-b2bf-0903b387f114,admission_scores,SCORE-dc7f43a3-fe30-57f3-a43f-0297e1723b01,SRC-HFNU-2024-LQ,primary_evidence,"{""row_key"":""电气工程及其自动化|淮北职业技术学院"",""section"":""录取最低分"",""table"":4,""url"":""https://zsb.hfnu.edu.cn/info/1002/3065.htm""}"
FACTSRC-2d816098-7767-5bb4-8cfb-1795116cdf3c,admission_scores,SCORE-dc9a05e8-f25f-54df-8430-7de979758693,SRC-HFNU-2025-LQ,primary_evidence,"{""row_key"":""网络与新媒体|合肥师范学院"",""section"":""录取最低分"",""table"":1,""url"":""https://zsb.hfnu.edu.cn/info/1002/3475.htm""}"
FACTSRC-2d659f64-2ba5-5710-ba88-41aa89f71d40,admission_scores,SCORE-dcfa292a-e385-5b33-85ee-e18027692cb3,SRC-HFNU-2025-LQ,primary_evidence,"{""row_key"":""制药工程|合肥职业技术学院"",""section"":""录取最低分"",""table"":1,""url"":""https://zsb.hfnu.edu.cn/info/1002/3475.htm""}"
FACTSRC-4a002a28-0336-580a-bf18-7d4fa628c62b,admission_scores,SCORE-dd74febc-ab8e-52f7-babf-8dcd5f1f23d8,SRC-HFNU-2024-LQ,primary_evidence,"{""row_key"":""服装与服饰设计|合肥师范学院"",""section"":""录取最低分"",""table"":4,""url"":""https://zsb.hfnu.edu.cn/info/1002/3065.htm""}"
FACTSRC-50f44bd0-91be-5df0-94fa-ac4ccd13ffc9,admission_scores,SCORE-de2005f4-26a5-557c-b45e-567a7373c49c,SRC-HFNU-2026-LQ,primary_evidence,"{""asset_id"":""ASSET-HFNU-2026-LQ-EMBEDDED-PDF"",""page"":2,""row_key"":""计算机科学与技术|安徽工业经济职业技术学院"",""section"":""录取最低分"",""table"":1}"
FACTSRC-a35558b5-f826-57b5-a9b1-fe83767ff441,admission_scores,SCORE-deeb8956-c2ac-50a5-9970-78aa3ddd5901,SRC-HFNU-2026-LQ,primary_evidence,"{""asset_id"":""ASSET-HFNU-2026-LQ-EMBEDDED-PDF"",""page"":2,""row_key"":""服装与服饰设计|合肥师范学院"",""section"":""录取最低分"",""table"":1}"
FACTSRC-78adc03c-9cff-561b-b673-797c5431731b,admission_scores,SCORE-dfde9514-d2ce-5c0f-9e0a-8f7bb5081a45,SRC-HFNU-2025-LQ,primary_evidence,"{""row_key"":""服装与服饰设计|合肥师范学院"",""section"":""录取最低分"",""table"":1,""url"":""https://zsb.hfnu.edu.cn/info/1002/3475.htm""}"
FACTSRC-b727d2e0-8678-5832-8eef-80c9f9dfdd42,admission_scores,SCORE-e0f2b2f0-8eab-50b4-a016-0d22e9130cc0,SRC-HFNU-2024-LQ,primary_evidence,"{""row_key"":""食品质量与安全|马鞍山师范高等专科学校"",""section"":""录取最低分"",""table"":4,""url"":""https://zsb.hfnu.edu.cn/info/1002/3065.htm""}"
FACTSRC-0ff5a633-7766-5e6a-a3a3-f0b9943c8044,admission_scores,SCORE-e1a072eb-0ca0-59fb-b6db-c320fe2ae27a,SRC-HFNU-2024-LQ,primary_evidence,"{""row_key"":""动画|合肥师范学院"",""section"":""录取最低分"",""table"":4,""url"":""https://zsb.hfnu.edu.cn/info/1002/3065.htm""}"
FACTSRC-f98bf0dd-e7eb-5644-9b08-ee56b5a8ff82,admission_scores,SCORE-e1fb917f-25e6-5a0b-8a06-362f3ba57eb5,SRC-HFNU-2025-LQ,primary_evidence,"{""row_key"":""药物制剂|合肥师范学院"",""section"":""录取最低分"",""table"":1,""url"":""https://zsb.hfnu.edu.cn/info/1002/3475.htm""}"
FACTSRC-a1db5817-b5ce-5242-8404-03efb86ffaa1,admission_scores,SCORE-e3a1a18e-7bff-57f3-ab3f-09b0fb641bf4,SRC-HFNU-2024-LQ,primary_evidence,"{""row_key"":""运动康复|合肥职业技术学院"",""section"":""录取最低分"",""table"":4,""url"":""https://zsb.hfnu.edu.cn/info/1002/3065.htm""}"
FACTSRC-dfe26e2e-1126-5ece-8e0e-d0a2e5117c15,admission_scores,SCORE-e3fd4545-f267-50ab-b5f7-f87b186b3d52,SRC-HFNU-2024-LQ,primary_evidence,"{""row_key"":""软件工程|合肥师范学院"",""section"":""录取最低分"",""table"":4,""url"":""https://zsb.hfnu.edu.cn/info/1002/3065.htm""}"
FACTSRC-c3491d94-9157-5178-a6e9-4796e5d36748,admission_scores,SCORE-e4329b1f-5480-519f-9723-eb2e6fa909be,SRC-HFNU-2026-LQ,primary_evidence,"{""asset_id"":""ASSET-HFNU-2026-LQ-EMBEDDED-PDF"",""page"":1,""row_key"":""电子信息工程|合肥师范学院"",""section"":""录取最低分"",""table"":1}"
FACTSRC-d082f2e1-ad97-52e6-bfd7-8b7d59dbc990,admission_scores,SCORE-e509411f-891d-5862-82f0-17cea58df02e,SRC-HFNU-2024-LQ,primary_evidence,"{""row_key"":""网络工程|安徽工业经济职业技术学院"",""section"":""录取最低分"",""table"":4,""url"":""https://zsb.hfnu.edu.cn/info/1002/3065.htm""}"
FACTSRC-87f561bc-ebae-57f2-9db0-4d6682fbada3,admission_scores,SCORE-e523c055-8fa4-514c-98eb-5446232ffd3d,SRC-HFNU-2024-LQ,primary_evidence,"{""row_key"":""化学工程与工艺|合肥师范学院"",""section"":""录取最低分"",""table"":4,""url"":""https://zsb.hfnu.edu.cn/info/1002/3065.htm""}"
FACTSRC-4fd5b6b1-3f45-56a0-8ad4-c5e3c25bc3f5,admission_scores,SCORE-e6608e64-72a0-53d7-9b7b-2a211eb73ae9,SRC-HFNU-2026-LQ,primary_evidence,"{""asset_id"":""ASSET-HFNU-2026-LQ-EMBEDDED-PDF"",""page"":1,""row_key"":""经济统计学|合肥师范学院"",""section"":""录取最低分"",""table"":1}"
FACTSRC-101580a8-c731-59ff-beca-41d0254df42b,admission_scores,SCORE-e7176fbb-aea2-50fc-9a1c-9ee32f91afdc,SRC-HFNU-2024-LQ,primary_evidence,"{""row_key"":""软件工程|合肥师范学院"",""section"":""录取最低分"",""table"":4,""url"":""https://zsb.hfnu.edu.cn/info/1002/3065.htm""}"
FACTSRC-208b9017-e1c6-5087-b3b4-fd28ab02f856,admission_scores,SCORE-e7f4346a-83ae-5ea3-80c1-a66dc4dcbba5,SRC-HFNU-2026-LQ,primary_evidence,"{""asset_id"":""ASSET-HFNU-2026-LQ-EMBEDDED-PDF"",""page"":1,""row_key"":""化学工程与工艺|合肥师范学院"",""section"":""录取最低分"",""table"":1}"
FACTSRC-c2203d19-3289-5ee8-a2d9-a68b712eee36,admission_scores,SCORE-e85c692f-f542-55d8-951b-ec09fc9f26e9,SRC-HFNU-2025-LQ,primary_evidence,"{""row_key"":""电气工程及其自动化|安徽工业经济职业技术学院"",""section"":""录取最低分"",""table"":1,""url"":""https://zsb.hfnu.edu.cn/info/1002/3475.htm""}"
FACTSRC-8fe040b3-dd04-5748-86c1-abcfc91a0d90,admission_scores,SCORE-e867b78d-f69c-5700-b9a6-4b8a40eb02a1,SRC-HFNU-2025-LQ,primary_evidence,"{""row_key"":""新能源材料与器件|合肥师范学院"",""section"":""录取最低分"",""table"":1,""url"":""https://zsb.hfnu.edu.cn/info/1002/3475.htm""}"
FACTSRC-33c21e15-910c-5ed5-b297-5571956bbf0a,admission_scores,SCORE-e9485c2e-29e8-5ce6-9f42-add4f542fe9e,SRC-HFNU-2026-LQ,primary_evidence,"{""asset_id"":""ASSET-HFNU-2026-LQ-EMBEDDED-PDF"",""page"":2,""row_key"":""环境设计|马鞍山师范高等专科学校"",""section"":""录取最低分"",""table"":1}"
FACTSRC-34612987-ca40-595b-b7cf-459dcfbdf251,admission_scores,SCORE-e995ee95-a432-5eff-af0f-a1f99d484004,SRC-HFNU-2026-LQ,primary_evidence,"{""asset_id"":""ASSET-HFNU-2026-LQ-EMBEDDED-PDF"",""page"":2,""row_key"":""音乐学|合肥师范学院"",""section"":""录取最低分"",""table"":1}"
FACTSRC-703c4201-f21e-5260-aa7f-37f92afcb7ab,admission_scores,SCORE-e99d3ff4-6f98-5728-99b3-34f6cf97ed94,SRC-HFNU-2025-LQ,primary_evidence,"{""row_key"":""视觉传达设计|合肥师范学院"",""section"":""录取最低分"",""table"":1,""url"":""https://zsb.hfnu.edu.cn/info/1002/3475.htm""}"
FACTSRC-b2b2fcf0-254c-54c7-ab7f-b8fd15fd8bdf,admission_scores,SCORE-ea817599-c48c-5ecf-bdaa-94cf89527e1c,SRC-HFNU-2025-LQ,primary_evidence,"{""row_key"":""软件工程|合肥师范学院"",""section"":""录取最低分"",""table"":1,""url"":""https://zsb.hfnu.edu.cn/info/1002/3475.htm""}"
FACTSRC-0bdb8a71-8cd0-51cb-be42-3579a165a9e5,admission_scores,SCORE-ea94950c-2851-5d7d-822c-e56b89f34804,SRC-HFNU-2024-LQ,primary_evidence,"{""row_key"":""互联网金融|合肥师范学院"",""section"":""录取最低分"",""table"":4,""url"":""https://zsb.hfnu.edu.cn/info/1002/3065.htm""}"
FACTSRC-fb658eae-c052-5307-bdfb-1176b4f01602,admission_scores,SCORE-eb7a89e0-54c3-51d4-bf4d-cb6ca701699d,SRC-HFNU-2024-LQ,primary_evidence,"{""row_key"":""数据科学与大数据技术|合肥师范学院"",""section"":""录取最低分"",""table"":4,""url"":""https://zsb.hfnu.edu.cn/info/1002/3065.htm""}"
FACTSRC-ea2df9fe-b632-5f9a-82bd-9364da5f219c,admission_scores,SCORE-ec3f0ab7-51b7-5f65-b621-feec142e0092,SRC-HFNU-2025-LQ,primary_evidence,"{""row_key"":""电气工程及其自动化|淮北职业技术学院"",""section"":""录取最低分"",""table"":1,""url"":""https://zsb.hfnu.edu.cn/info/1002/3475.htm""}"
FACTSRC-4c0c79bc-32cc-551b-97da-6959094289da,admission_scores,SCORE-ee380d94-6921-59c9-9273-001b46c06a42,SRC-HFNU-2026-LQ,primary_evidence,"{""asset_id"":""ASSET-HFNU-2026-LQ-EMBEDDED-PDF"",""page"":2,""row_key"":""食品质量与安全|马鞍山师范高等专科学校"",""section"":""录取最低分"",""table"":1}"
FACTSRC-2653d664-e97c-5017-b97f-78b8fcf7774f,admission_scores,SCORE-eeef2fea-f37d-5748-a508-219443982dc8,SRC-HFNU-2024-LQ,primary_evidence,"{""row_key"":""计算机科学与技术|马鞍山师范高等专科学校"",""section"":""录取最低分"",""table"":4,""url"":""https://zsb.hfnu.edu.cn/info/1002/3065.htm""}"
FACTSRC-76be49fe-d4d5-58a4-97bc-177fc38f40fa,admission_scores,SCORE-efaf5060-18f6-562a-8213-4c733c5a1ce8,SRC-HFNU-2024-LQ,primary_evidence,"{""row_key"":""市场营销|安徽工业经济职业技术学院"",""section"":""录取最低分"",""table"":4,""url"":""https://zsb.hfnu.edu.cn/info/1002/3065.htm""}"
FACTSRC-03e8f7f8-7ac8-5a52-8fac-753334bb1fd6,admission_scores,SCORE-effb436e-bc74-596f-884c-5d2f7dad4bca,SRC-HFNU-2024-LQ,primary_evidence,"{""row_key"":""材料科学与工程|合肥师范学院"",""section"":""录取最低分"",""table"":4,""url"":""https://zsb.hfnu.edu.cn/info/1002/3065.htm""}"
FACTSRC-fe3ec107-03b4-5a40-814e-608405111479,admission_scores,SCORE-f1940353-6ada-532a-8e82-8049426cde0e,SRC-HFNU-2024-LQ,primary_evidence,"{""row_key"":""计算机科学与技术|安徽工业经济职业技术学院"",""section"":""录取最低分"",""table"":4,""url"":""https://zsb.hfnu.edu.cn/info/1002/3065.htm""}"
FACTSRC-4b11f5a7-9681-53fb-9f78-2cc76b9bf7d4,admission_scores,SCORE-f2918ac9-56cc-50ec-9351-32f5f828f60d,SRC-HFNU-2025-LQ,primary_evidence,"{""row_key"":""网络工程|合肥职业技术学院"",""section"":""录取最低分"",""table"":1,""url"":""https://zsb.hfnu.edu.cn/info/1002/3475.htm""}"
FACTSRC-77a65cfb-871d-5800-9e36-2878559ead6a,admission_scores,SCORE-f297d5b1-d247-5ab8-be82-c9be08c2e40e,SRC-HFNU-2025-LQ,primary_evidence,"{""row_key"":""药物制剂|合肥师范学院"",""section"":""录取最低分"",""table"":1,""url"":""https://zsb.hfnu.edu.cn/info/1002/3475.htm""}"
FACTSRC-fa6d7bda-1796-5aba-b313-aaf2c5b0a165,admission_scores,SCORE-f2d081f7-b990-5a19-b407-75c2e03df0a5,SRC-HFNU-2026-LQ,primary_evidence,"{""asset_id"":""ASSET-HFNU-2026-LQ-EMBEDDED-PDF"",""page"":1,""row_key"":""人力资源管理|合肥师范学院"",""section"":""录取最低分"",""table"":1}"
FACTSRC-4c467d9e-5080-54f5-a8cd-271c5756e415,admission_scores,SCORE-f4b6cfc7-f075-58ca-a9de-fa15a5dff22d,SRC-HFNU-2026-LQ,primary_evidence,"{""asset_id"":""ASSET-HFNU-2026-LQ-EMBEDDED-PDF"",""page"":1,""row_key"":""学前教育|合肥师范学院"",""section"":""录取最低分"",""table"":1}"
FACTSRC-9518e92e-ac0a-5a19-bb59-7867cda7357d,admission_scores,SCORE-f5f37d62-1ddc-54ce-b36e-a533fd20130e,SRC-HFNU-2024-LQ,primary_evidence,"{""row_key"":""新能源材料与器件|合肥师范学院"",""section"":""录取最低分"",""table"":4,""url"":""https://zsb.hfnu.edu.cn/info/1002/3065.htm""}"
FACTSRC-c964787b-ad15-583b-a42f-25a3c91409c0,admission_scores,SCORE-f607c105-0945-5b0b-b26d-e915daf2313a,SRC-HFNU-2025-LQ,primary_evidence,"{""row_key"":""运动康复|合肥职业技术学院"",""section"":""录取最低分"",""table"":1,""url"":""https://zsb.hfnu.edu.cn/info/1002/3475.htm""}"
FACTSRC-6d20defd-e4c9-5b2f-9dc8-70c9d0fd5491,admission_scores,SCORE-f6129c83-f41f-5215-9764-29b4e5ec83ef,SRC-HFNU-2026-LQ,primary_evidence,"{""asset_id"":""ASSET-HFNU-2026-LQ-EMBEDDED-PDF"",""page"":2,""row_key"":""小学教育|淮北职业技术学院"",""section"":""录取最低分"",""table"":1}"
FACTSRC-e75d4162-a1e9-533e-b89a-5067e39ea089,admission_scores,SCORE-f6befece-8866-5f9a-9c98-c2887d52b55c,SRC-HFNU-2026-LQ,primary_evidence,"{""asset_id"":""ASSET-HFNU-2026-LQ-EMBEDDED-PDF"",""page"":1,""row_key"":""学前教育|合肥师范学院"",""section"":""录取最低分"",""table"":1}"
FACTSRC-26162697-7dfb-5bb2-9118-6697f4b5bb85,admission_scores,SCORE-f79cc8e9-a24b-536b-a036-5310d6c9d94a,SRC-HFNU-2026-LQ,primary_evidence,"{""asset_id"":""ASSET-HFNU-2026-LQ-EMBEDDED-PDF"",""page"":2,""row_key"":""电气工程及其自动化|淮北职业技术学院"",""section"":""录取最低分"",""table"":1}"
FACTSRC-80e2b173-07d6-5039-a493-1760defb6040,admission_scores,SCORE-f8dad4d6-fa4d-530d-aa58-b1253ee164be,SRC-HFNU-2025-LQ,primary_evidence,"{""row_key"":""通信工程|合肥师范学院"",""section"":""录取最低分"",""table"":1,""url"":""https://zsb.hfnu.edu.cn/info/1002/3475.htm""}"
FACTSRC-3fcb862a-f2cd-55e2-96ea-a60b844e0590,admission_scores,SCORE-f8f835a9-14a2-5f34-aaa2-fa8f4e4133ff,SRC-HFNU-2024-LQ,primary_evidence,"{""row_key"":""市场营销|安徽工业经济职业技术学院"",""section"":""录取最低分"",""table"":4,""url"":""https://zsb.hfnu.edu.cn/info/1002/3065.htm""}"
FACTSRC-d80a1374-6f46-5f64-bbd7-26476e8a14d8,admission_scores,SCORE-f9c13e64-0b8f-571b-8fd9-83256f604baf,SRC-HFNU-2025-LQ,primary_evidence,"{""row_key"":""商务英语|合肥师范学院"",""section"":""录取最低分"",""table"":1,""url"":""https://zsb.hfnu.edu.cn/info/1002/3475.htm""}"
FACTSRC-1cd2bba3-4478-54a8-b670-91cc3124a2ae,admission_scores,SCORE-f9de1862-9544-5216-86ac-e491c98bb19f,SRC-HFNU-2025-LQ,primary_evidence,"{""row_key"":""运动康复|合肥职业技术学院"",""section"":""录取最低分"",""table"":1,""url"":""https://zsb.hfnu.edu.cn/info/1002/3475.htm""}"
FACTSRC-8772fd50-1f4f-54e5-8c25-fd79ee3a4b31,admission_scores,SCORE-f9fcc8bf-adff-5863-8f3b-4ebd1cc45e0d,SRC-HFNU-2024-LQ,primary_evidence,"{""row_key"":""视觉传达设计|合肥师范学院"",""section"":""录取最低分"",""table"":4,""url"":""https://zsb.hfnu.edu.cn/info/1002/3065.htm""}"
FACTSRC-f715e22d-80af-5583-8d31-9e2777e38c69,admission_scores,SCORE-fa19fe80-d602-50dc-943f-43a07b66fe0a,SRC-HFNU-2025-LQ,primary_evidence,"{""row_key"":""化学工程与工艺|合肥师范学院"",""section"":""录取最低分"",""table"":1,""url"":""https://zsb.hfnu.edu.cn/info/1002/3475.htm""}"
FACTSRC-8d7336d1-e403-5b1e-ba2c-449a9db2e86d,admission_scores,SCORE-fa239ffe-9a5c-5bc0-9333-f9a7af5e423c,SRC-HFNU-2025-LQ,primary_evidence,"{""row_key"":""音乐学|合肥师范学院"",""section"":""录取最低分"",""table"":1,""url"":""https://zsb.hfnu.edu.cn/info/1002/3475.htm""}"
FACTSRC-e2e4472d-3396-5aee-9d48-e2f235032c4a,admission_scores,SCORE-fa4f4e54-3e69-5f30-8ae8-1d281bd46519,SRC-HFNU-2025-LQ,primary_evidence,"{""row_key"":""网络工程|合肥职业技术学院"",""section"":""录取最低分"",""table"":1,""url"":""https://zsb.hfnu.edu.cn/info/1002/3475.htm""}"
FACTSRC-74bacdf9-610a-525b-8db5-4523fc948ad4,admission_scores,SCORE-fab83f58-e06b-5e7c-9ce6-bb31ba0bc244,SRC-HFNU-2025-LQ,primary_evidence,"{""row_key"":""视觉传达设计|合肥师范学院"",""section"":""录取最低分"",""table"":1,""url"":""https://zsb.hfnu.edu.cn/info/1002/3475.htm""}"
FACTSRC-c01e5f7e-ecb4-5379-ad17-646892f15d59,admission_scores,SCORE-faf454e7-bae0-50cc-a32f-99b2ed1a9ede,SRC-HFNU-2025-LQ,primary_evidence,"{""row_key"":""环境设计|马鞍山师范高等专科学校"",""section"":""录取最低分"",""table"":1,""url"":""https://zsb.hfnu.edu.cn/info/1002/3475.htm""}"
FACTSRC-b2c38508-1f35-54b1-a311-b6fea9e18671,admission_scores,SCORE-fb4c9b1f-1202-5743-b9dd-c8cee5137d29,SRC-HFNU-2024-LQ,primary_evidence,"{""row_key"":""网络与新媒体|合肥师范学院"",""section"":""录取最低分"",""table"":4,""url"":""https://zsb.hfnu.edu.cn/info/1002/3065.htm""}"
FACTSRC-95bc3440-c091-5a53-9765-1e1a06d234da,admission_scores,SCORE-fb9af7df-7360-5972-88fb-43fb0c22b031,SRC-HFNU-2026-LQ,primary_evidence,"{""asset_id"":""ASSET-HFNU-2026-LQ-EMBEDDED-PDF"",""page"":2,""row_key"":""音乐学|合肥师范学院"",""section"":""录取最低分"",""table"":1}"
FACTSRC-6163928e-51b2-577e-b89e-6507d8a26079,admission_scores,SCORE-fbe14b41-fd5b-577a-86eb-57ee30169756,SRC-HFNU-2025-LQ,primary_evidence,"{""row_key"":""电子信息工程|合肥师范学院"",""section"":""录取最低分"",""table"":1,""url"":""https://zsb.hfnu.edu.cn/info/1002/3475.htm""}"
FACTSRC-c3cb0a5f-d1c1-5fc2-a9c8-2ae70b94de2e,admission_scores,SCORE-fc69facd-e14d-5f4b-9cda-8ab7371bb953,SRC-HFNU-2026-LQ,primary_evidence,"{""asset_id"":""ASSET-HFNU-2026-LQ-EMBEDDED-PDF"",""page"":2,""row_key"":""服装与服饰设计|合肥师范学院"",""section"":""录取最低分"",""table"":1}"
FACTSRC-4a82d88b-da52-5306-93c7-d4d7e33236e8,admission_scores,SCORE-fca3a3fb-61b5-5d5e-a1c1-37a563e11109,SRC-HFNU-2026-LQ,primary_evidence,"{""asset_id"":""ASSET-HFNU-2026-LQ-EMBEDDED-PDF"",""page"":1,""row_key"":""生物制药|合肥师范学院"",""section"":""录取最低分"",""table"":1}"
FACTSRC-3cf13215-c148-5104-9006-f4664946697b,admission_scores,SCORE-fd0b0e7f-cfd8-5a00-babd-d0a9c108150d,SRC-HFNU-2024-LQ,primary_evidence,"{""row_key"":""学前教育|合肥师范学院"",""section"":""录取最低分"",""table"":4,""url"":""https://zsb.hfnu.edu.cn/info/1002/3065.htm""}"
FACTSRC-1bda6e26-30b2-58e8-b7a4-e33d9d241d64,admission_scores,SCORE-fd2e1f13-663a-55be-a400-4d55829c89c5,SRC-HFNU-2024-LQ,primary_evidence,"{""row_key"":""材料科学与工程|合肥师范学院"",""section"":""录取最低分"",""table"":4,""url"":""https://zsb.hfnu.edu.cn/info/1002/3065.htm""}"
FACTSRC-724fcf77-3cbe-5754-8548-04e08323cfea,admission_scores,SCORE-ffcef681-60c5-58f0-ac7c-1545873d84aa,SRC-HFNU-2025-LQ,primary_evidence,"{""row_key"":""人力资源管理|合肥师范学院"",""section"":""录取最低分"",""table"":1,""url"":""https://zsb.hfnu.edu.cn/info/1002/3475.htm""}"
FACTSRC-b9bf09be-0c59-578f-b85c-347cb12bd066,application_statistics,APPSTAT-0013ea6b-d499-51bc-a248-3a3d35276ea7,SRC-HFNU-2024-BMRS,primary_evidence,"{""asset_id"":""ASSET-HFNU-2024-BMRS-HTML"",""row"":13,""row_key"":""经济统计学|合肥师范学院"",""section"":""分专业报考人数"",""table"":1}"
FACTSRC-a5b0ecef-00f9-564d-8e8e-fe91cba9d19a,application_statistics,APPSTAT-03e7870f-cce7-59fc-8dec-eb14534e86cd,SRC-HFNU-2024-BMRS,primary_evidence,"{""asset_id"":""ASSET-HFNU-2024-BMRS-HTML"",""row"":5,""row_key"":""人力资源管理|合肥师范学院"",""section"":""分专业报考人数"",""table"":1}"
FACTSRC-7590af0f-4ed5-5297-9337-c5af09f9dd59,application_statistics,APPSTAT-0709df8a-c0a2-5451-9663-a4fb46514ae5,SRC-HFNU-2024-BMRS,primary_evidence,"{""asset_id"":""ASSET-HFNU-2024-BMRS-HTML"",""row"":14,""row_key"":""新能源材料与器件|合肥师范学院"",""section"":""分专业报考人数"",""table"":1}"
FACTSRC-14698196-d309-5a17-ab74-bb37abd6b9f3,application_statistics,APPSTAT-25b67cf5-8f09-51d7-8f6d-4bd0a91075ea,SRC-HFNU-2024-BMRS,primary_evidence,"{""asset_id"":""ASSET-HFNU-2024-BMRS-HTML"",""row"":27,""row_key"":""电气工程及其自动化|淮北职业技术学院"",""section"":""分专业报考人数"",""table"":1}"
FACTSRC-2c87a3d5-7b2a-5ca7-a28a-e161ce75a7c6,application_statistics,APPSTAT-36e9824f-7e16-5c56-a3b9-c084ba0d858c,SRC-HFNU-2024-BMRS,primary_evidence,"{""asset_id"":""ASSET-HFNU-2024-BMRS-HTML"",""row"":7,""row_key"":""通信工程|合肥师范学院"",""section"":""分专业报考人数"",""table"":1}"
FACTSRC-84be34a8-86da-5f55-9806-da21b3450615,application_statistics,APPSTAT-3c7e0b28-c2ef-5b1c-8765-9dabf43ab63a,SRC-HFNU-2024-BMRS,primary_evidence,"{""asset_id"":""ASSET-HFNU-2024-BMRS-HTML"",""row"":25,""row_key"":""运动康复|合肥职业技术学院"",""section"":""分专业报考人数"",""table"":1}"
FACTSRC-bfebdbb8-9eb8-575d-8c5e-c3c3f21cc11b,application_statistics,APPSTAT-49cad700-74d0-5329-b7d6-065d9460b353,SRC-HFNU-2024-BMRS,primary_evidence,"{""asset_id"":""ASSET-HFNU-2024-BMRS-HTML"",""row"":4,""row_key"":""药物制剂|合肥师范学院"",""section"":""分专业报考人数"",""table"":1}"
FACTSRC-a9e90abf-d4c8-5662-a687-8981f05a0f6b,application_statistics,APPSTAT-4cdb32d3-e078-5269-a8a5-fbae78e54bcc,SRC-HFNU-2024-BMRS,primary_evidence,"{""asset_id"":""ASSET-HFNU-2024-BMRS-HTML"",""row"":17,""row_key"":""服装与服饰设计|合肥师范学院"",""section"":""分专业报考人数"",""table"":1}"
FACTSRC-bfab5c41-5f22-5a40-bb5d-6f1d82bf865c,application_statistics,APPSTAT-5d359603-4887-5185-99a7-79e2a2fe0002,SRC-HFNU-2024-BMRS,primary_evidence,"{""asset_id"":""ASSET-HFNU-2024-BMRS-HTML"",""row"":24,""row_key"":""制药工程|合肥职业技术学院"",""section"":""分专业报考人数"",""table"":1}"
FACTSRC-e326be36-f3e1-59a9-a052-051244cf0a6c,application_statistics,APPSTAT-5edc0c07-03b9-5f0d-bcd5-3f4518069a09,SRC-HFNU-2024-BMRS,primary_evidence,"{""asset_id"":""ASSET-HFNU-2024-BMRS-HTML"",""row"":9,""row_key"":""软件工程|合肥师范学院"",""section"":""分专业报考人数"",""table"":1}"
FACTSRC-a146ffd3-a9a9-5fcc-892b-6499b499916e,application_statistics,APPSTAT-64769abd-98d1-559e-8ca8-8967e43def94,SRC-HFNU-2024-BMRS,primary_evidence,"{""asset_id"":""ASSET-HFNU-2024-BMRS-HTML"",""row"":30,""row_key"":""食品质量与安全|马鞍山师范高等专科学校"",""section"":""分专业报考人数"",""table"":1}"
FACTSRC-c5da044a-0354-5528-9078-9cb9c78904af,application_statistics,APPSTAT-6598a503-0b30-5f6e-8e1a-1f7cbfe1580c,SRC-HFNU-2024-BMRS,primary_evidence,"{""asset_id"":""ASSET-HFNU-2024-BMRS-HTML"",""row"":10,""row_key"":""数据科学与大数据技术|合肥师范学院"",""section"":""分专业报考人数"",""table"":1}"
FACTSRC-1a3ba222-abc5-5d3c-99e8-a0fc39861e7a,application_statistics,APPSTAT-71eb2db0-ae52-5e79-bfdb-63ff9a54c6d6,SRC-HFNU-2024-BMRS,primary_evidence,"{""asset_id"":""ASSET-HFNU-2024-BMRS-HTML"",""row"":19,""row_key"":""财务管理|安徽工业经济职业技术学院"",""section"":""分专业报考人数"",""table"":1}"
FACTSRC-df3bf4ab-7910-5ac7-a607-ad293c7935e0,application_statistics,APPSTAT-7325c436-b080-5772-81a7-d689f84447c5,SRC-HFNU-2024-BMRS,primary_evidence,"{""asset_id"":""ASSET-HFNU-2024-BMRS-HTML"",""row"":6,""row_key"":""网络与新媒体|合肥师范学院"",""section"":""分专业报考人数"",""table"":1}"
FACTSRC-2bcb6488-10e5-5ea7-904a-888bd4cafa03,application_statistics,APPSTAT-783f983e-81ff-55c4-8ccc-39ce8aed0212,SRC-HFNU-2024-BMRS,primary_evidence,"{""asset_id"":""ASSET-HFNU-2024-BMRS-HTML"",""row"":26,""row_key"":""小学教育|淮北职业技术学院"",""section"":""分专业报考人数"",""table"":1}"
FACTSRC-1c51e582-e7c6-5477-8620-240fe8fe7c1c,application_statistics,APPSTAT-7b04131c-c6a8-5a61-bec1-10565b266d44,SRC-HFNU-2024-BMRS,primary_evidence,"{""asset_id"":""ASSET-HFNU-2024-BMRS-HTML"",""row"":1,""row_key"":""学前教育|合肥师范学院"",""section"":""分专业报考人数"",""table"":1}"
FACTSRC-e227afcc-efe9-53f3-9c0e-66308df76747,application_statistics,APPSTAT-8757bb22-a44f-5b11-8099-fb1de88ba869,SRC-HFNU-2024-BMRS,primary_evidence,"{""asset_id"":""ASSET-HFNU-2024-BMRS-HTML"",""row"":15,""row_key"":""材料科学与工程|合肥师范学院"",""section"":""分专业报考人数"",""table"":1}"
FACTSRC-d5cb1292-20b3-5281-84fe-dcdfeaad4246,application_statistics,APPSTAT-96937a90-d0d3-509c-bc05-7a44b9899ab8,SRC-HFNU-2024-BMRS,primary_evidence,"{""asset_id"":""ASSET-HFNU-2024-BMRS-HTML"",""row"":23,""row_key"":""计算机科学与技术|安徽工业经济职业技术学院"",""section"":""分专业报考人数"",""table"":1}"
FACTSRC-b49b0835-5b5f-5004-9928-5358b77b3e23,application_statistics,APPSTAT-98cc45a3-ab4a-5e06-a292-366bdff02f34,SRC-HFNU-2024-BMRS,primary_evidence,"{""asset_id"":""ASSET-HFNU-2024-BMRS-HTML"",""row"":29,""row_key"":""计算机科学与技术|马鞍山师范高等专科学校"",""section"":""分专业报考人数"",""table"":1}"
FACTSRC-7b96faa7-f49d-55aa-aa7b-efe3ed1d43f9,application_statistics,APPSTAT-a8b842cd-da41-5c23-bf56-21c24175ed5c,SRC-HFNU-2024-BMRS,primary_evidence,"{""asset_id"":""ASSET-HFNU-2024-BMRS-HTML"",""row"":3,""row_key"":""电子信息工程|合肥师范学院"",""section"":""分专业报考人数"",""table"":1}"
FACTSRC-014c9d63-1545-5c7b-9cbe-d2a5be97a138,application_statistics,APPSTAT-acd95256-a9a5-513d-a310-25f5d4b0606e,SRC-HFNU-2024-BMRS,primary_evidence,"{""asset_id"":""ASSET-HFNU-2024-BMRS-HTML"",""row"":16,""row_key"":""视觉传达设计|合肥师范学院"",""section"":""分专业报考人数"",""table"":1}"
FACTSRC-352b1dfd-49af-55a1-bcb6-5cf7a71e63c8,application_statistics,APPSTAT-b2548af7-74fd-5d4a-a8a7-4d38bf604451,SRC-HFNU-2024-BMRS,primary_evidence,"{""asset_id"":""ASSET-HFNU-2024-BMRS-HTML"",""row"":22,""row_key"":""网络工程|安徽工业经济职业技术学院"",""section"":""分专业报考人数"",""table"":1}"
FACTSRC-d016a6f7-b543-5de8-8857-08257dea6e7f,application_statistics,APPSTAT-c7893e9c-5208-5b8c-bef6-3fb8419562cb,SRC-HFNU-2024-BMRS,primary_evidence,"{""asset_id"":""ASSET-HFNU-2024-BMRS-HTML"",""row"":18,""row_key"":""动画|合肥师范学院"",""section"":""分专业报考人数"",""table"":1}"
FACTSRC-a765f3c4-2172-585d-a47e-f85fb39105b3,application_statistics,APPSTAT-d650899b-d635-52f4-9dd4-2ef5e0de1620,SRC-HFNU-2024-BMRS,primary_evidence,"{""asset_id"":""ASSET-HFNU-2024-BMRS-HTML"",""row"":21,""row_key"":""电气工程及其自动化|安徽工业经济职业技术学院"",""section"":""分专业报考人数"",""table"":1}"
FACTSRC-2b2f810d-ea22-50d0-b63a-a314971ac9f3,application_statistics,APPSTAT-defdac2a-f80f-5763-a478-f34591f2359b,SRC-HFNU-2024-BMRS,primary_evidence,"{""asset_id"":""ASSET-HFNU-2024-BMRS-HTML"",""row"":11,""row_key"":""互联网金融|合肥师范学院"",""section"":""分专业报考人数"",""table"":1}"
FACTSRC-698df60e-b70f-5c31-a20a-ae0f8b70c57f,application_statistics,APPSTAT-df3aa6fc-9c97-5abf-979a-5993fe7a7766,SRC-HFNU-2024-BMRS,primary_evidence,"{""asset_id"":""ASSET-HFNU-2024-BMRS-HTML"",""row"":20,""row_key"":""市场营销|安徽工业经济职业技术学院"",""section"":""分专业报考人数"",""table"":1}"
FACTSRC-d444275c-819e-5748-8466-bbda471f9659,application_statistics,APPSTAT-e0626b28-bfc7-5304-afb7-7d27ba79962e,SRC-HFNU-2024-BMRS,primary_evidence,"{""asset_id"":""ASSET-HFNU-2024-BMRS-HTML"",""row"":2,""row_key"":""商务英语|合肥师范学院"",""section"":""分专业报考人数"",""table"":1}"
FACTSRC-cd95875a-2936-5c5a-adb4-e868db662bf5,application_statistics,APPSTAT-e608069e-0a4e-52a9-bfcf-0a05ea2fcaab,SRC-HFNU-2024-BMRS,primary_evidence,"{""asset_id"":""ASSET-HFNU-2024-BMRS-HTML"",""row"":12,""row_key"":""生物制药|合肥师范学院"",""section"":""分专业报考人数"",""table"":1}"
FACTSRC-55e21146-e5c2-5b7c-91d1-c69048263d5c,application_statistics,APPSTAT-eea0a89c-9f26-5645-8c23-2a521a183342,SRC-HFNU-2024-BMRS,primary_evidence,"{""asset_id"":""ASSET-HFNU-2024-BMRS-HTML"",""row"":8,""row_key"":""化学工程与工艺|合肥师范学院"",""section"":""分专业报考人数"",""table"":1}"
FACTSRC-80f494e0-2f1a-5f51-9673-1cc6726ac487,application_statistics,APPSTAT-f6a8e9f5-a8e2-5df6-ac47-b145bb5c34f1,SRC-HFNU-2024-BMRS,primary_evidence,"{""asset_id"":""ASSET-HFNU-2024-BMRS-HTML"",""row"":28,""row_key"":""环境设计|马鞍山师范高等专科学校"",""section"":""分专业报考人数"",""table"":1}"
FACTSRC-9ecf10a4-c62a-55d2-aff6-ea60d0956a6b,eligibility_rule_sets,ELIGSET-002763f6-e1dc-531a-9325-09f6c0a7f694,SRC-HFNU-2024-ZC,primary_evidence,"{""row_key"":""服装与服饰设计"",""section"":""招生专业范围"",""table"":2,""url"":""https://zsb.hfnu.edu.cn/info/1003/2715.htm""}"
FACTSRC-6054405f-0e54-560b-8149-d1d2def8e316,eligibility_rule_sets,ELIGSET-025fefae-f6ac-5d53-9f9a-c94915b25e95,SRC-HFNU-2024-ZC,primary_evidence,"{""row_key"":""学前教育"",""section"":""招生专业范围"",""table"":2,""url"":""https://zsb.hfnu.edu.cn/info/1003/2715.htm""}"
FACTSRC-1135400c-8101-5c08-aa5a-fe05fe1c2225,eligibility_rule_sets,ELIGSET-0d1fc69e-7a13-5284-8523-4aa62c0b57a1,SRC-HFNU-2024-ZC,primary_evidence,"{""row_key"":""市场营销"",""section"":""招生专业范围"",""table"":2,""url"":""https://zsb.hfnu.edu.cn/info/1003/2715.htm""}"
FACTSRC-107032a8-e88b-5b43-b9d3-62c21232fa63,eligibility_rule_sets,ELIGSET-165ed2f3-04a6-5989-ac18-3201595d97a4,SRC-HFNU-2024-ZC,primary_evidence,"{""row_key"":""商务英语"",""section"":""招生专业范围"",""table"":2,""url"":""https://zsb.hfnu.edu.cn/info/1003/2715.htm""}"
FACTSRC-5e32feca-812f-519d-838d-0adf1bde6381,eligibility_rule_sets,ELIGSET-16d7991b-655d-5ba6-9d70-b90555d5d1e3,SRC-HFNU-2024-ZC,primary_evidence,"{""row_key"":""经济统计学"",""section"":""招生专业范围"",""table"":2,""url"":""https://zsb.hfnu.edu.cn/info/1003/2715.htm""}"
FACTSRC-db88191e-c29b-5ac9-9fc2-32b7e60c4be0,eligibility_rule_sets,ELIGSET-18ad736c-13fd-50e5-a35a-b5be5282ab9a,SRC-HFNU-2025-ZC,primary_evidence,"{""asset_id"":""ASSET-HFNU-2025-ZC-PDF"",""page"":4,""row_key"":""经济统计学"",""row_number"":19,""section"":""招生专业范围"",""table"":2}"
FACTSRC-a83df87b-775b-5b15-8071-68d0e1cca23d,eligibility_rule_sets,ELIGSET-1b4f66ca-889e-5bb9-bee4-2fc4ed84336c,SRC-HFNU-2025-ZC,primary_evidence,"{""asset_id"":""ASSET-HFNU-2025-ZC-PDF"",""page"":3,""row_key"":""网络与新媒体"",""row_number"":7,""section"":""招生专业范围"",""table"":2}"
FACTSRC-cec1fb57-b323-51d6-be00-00dff242be3b,eligibility_rule_sets,ELIGSET-20194758-0645-5912-ac6b-d58d4eef6710,SRC-HFNU-2026-ZC,primary_evidence,"{""asset_id"":""ASSET-HFNU-2026-ZC-PDF"",""page"":3,""row_key"":""学前教育"",""row_number"":1,""section"":""招生专业范围"",""table"":2}"
FACTSRC-794b3933-1513-5031-bc2d-d46a9b677d0e,eligibility_rule_sets,ELIGSET-215a4e06-0bae-5cdf-8c3b-0b9132fe67ae,SRC-HFNU-2025-ZC,primary_evidence,"{""asset_id"":""ASSET-HFNU-2025-ZC-PDF"",""page"":4,""row_key"":""计算机科学与技术"",""row_number"":23,""section"":""招生专业范围"",""table"":2}"
FACTSRC-4d495907-95ad-5aac-a856-1ddfd4e33dbf,eligibility_rule_sets,ELIGSET-222fdf40-1646-5267-acce-ff15e026f665,SRC-HFNU-2026-ZC,primary_evidence,"{""asset_id"":""ASSET-HFNU-2026-ZC-PDF"",""page"":4,""row_key"":""电气工程及其自动化"",""row_number"":21,""section"":""招生专业范围"",""table"":2}"
FACTSRC-df140aba-8c0e-5738-ab8f-b1db57799dbb,eligibility_rule_sets,ELIGSET-243f70f5-870a-5d3a-b6f3-ed56e09820ff,SRC-HFNU-2025-ZC,primary_evidence,"{""asset_id"":""ASSET-HFNU-2025-ZC-PDF"",""page"":3,""row_key"":""财务管理"",""row_number"":4,""section"":""招生专业范围"",""table"":2}"
FACTSRC-06b3c034-5f60-53f6-b0ae-a7d9b9075216,eligibility_rule_sets,ELIGSET-2e6fe0bf-c702-540a-bd56-c56ae5e5bc41,SRC-HFNU-2026-ZC,primary_evidence,"{""asset_id"":""ASSET-HFNU-2026-ZC-PDF"",""page"":3,""row_key"":""动画"",""row_number"":9,""section"":""招生专业范围"",""table"":2}"
FACTSRC-784ccbdc-b1f4-5157-b1a0-1120aa392441,eligibility_rule_sets,ELIGSET-2f316433-3ea0-54c2-b5ce-9b65ba63d987,SRC-HFNU-2026-ZC,primary_evidence,"{""asset_id"":""ASSET-HFNU-2026-ZC-PDF"",""page"":4,""row_key"":""计算机科学与技术"",""row_number"":22,""section"":""招生专业范围"",""table"":2}"
FACTSRC-22c9ba0e-f3dd-5074-826d-5dba6bde8f5f,eligibility_rule_sets,ELIGSET-322419aa-4e87-5526-a1b5-10c859427964,SRC-HFNU-2026-ZC,primary_evidence,"{""asset_id"":""ASSET-HFNU-2026-ZC-PDF"",""page"":3,""row_key"":""互联网金融"",""row_number"":6,""section"":""招生专业范围"",""table"":2}"
FACTSRC-2eaa5969-3968-517e-b7d3-04991321634b,eligibility_rule_sets,ELIGSET-3227bd73-abb5-5555-83c4-8e557d3adc18,SRC-HFNU-2026-ZC,primary_evidence,"{""asset_id"":""ASSET-HFNU-2026-ZC-PDF"",""page"":3,""row_key"":""药物制剂"",""row_number"":15,""section"":""招生专业范围"",""table"":2}"
FACTSRC-4dbd982b-5c13-5443-a702-4ec7a925fe44,eligibility_rule_sets,ELIGSET-3654532b-7fc3-5925-bd21-efff5d3fa346,SRC-HFNU-2024-ZC,primary_evidence,"{""row_key"":""新能源材料与器件"",""section"":""招生专业范围"",""table"":2,""url"":""https://zsb.hfnu.edu.cn/info/1003/2715.htm""}"
FACTSRC-63c1320a-36d7-525b-b8ab-fe8ea4998790,eligibility_rule_sets,ELIGSET-36737316-681d-57f9-b425-f3e279fd5010,SRC-HFNU-2025-ZC,primary_evidence,"{""asset_id"":""ASSET-HFNU-2025-ZC-PDF"",""page"":4,""row_key"":""环境设计"",""row_number"":12,""section"":""招生专业范围"",""table"":2}"
FACTSRC-26aedda8-dff0-57a4-9ecd-6f24f3694288,eligibility_rule_sets,ELIGSET-390d46d8-4bfd-5348-9b3f-878cd7720f5d,SRC-HFNU-2026-ZC,primary_evidence,"{""asset_id"":""ASSET-HFNU-2026-ZC-PDF"",""page"":3,""row_key"":""商务英语"",""row_number"":8,""section"":""招生专业范围"",""table"":2}"
FACTSRC-9428be4f-60e6-59f9-8900-9b0c93fd1dac,eligibility_rule_sets,ELIGSET-39143051-ee48-5756-9df6-250cea97e347,SRC-HFNU-2025-ZC,primary_evidence,"{""asset_id"":""ASSET-HFNU-2025-ZC-PDF"",""page"":4,""row_key"":""电气工程及其自动化"",""row_number"":22,""section"":""招生专业范围"",""table"":2}"
FACTSRC-6e4a41a0-c798-5ab8-8a77-674d6165c671,eligibility_rule_sets,ELIGSET-39f24799-134e-5080-866c-ee78963bdb11,SRC-HFNU-2025-ZC,primary_evidence,"{""asset_id"":""ASSET-HFNU-2025-ZC-PDF"",""page"":4,""row_key"":""运动康复"",""row_number"":14,""section"":""招生专业范围"",""table"":2}"
FACTSRC-743305f3-d614-5bec-b557-2458ed4f45c8,eligibility_rule_sets,ELIGSET-445ef46f-37f9-5c19-9b56-dfc31400a44e,SRC-HFNU-2026-ZC,primary_evidence,"{""asset_id"":""ASSET-HFNU-2026-ZC-PDF"",""page"":4,""row_key"":""软件工程"",""row_number"":24,""section"":""招生专业范围"",""table"":2}"
FACTSRC-aa394cf9-ce08-5f03-80a9-1550cad93104,eligibility_rule_sets,ELIGSET-48424ebc-9ac1-54da-9504-4623712bbcc0,SRC-HFNU-2024-ZC,primary_evidence,"{""row_key"":""动画"",""section"":""招生专业范围"",""table"":2,""url"":""https://zsb.hfnu.edu.cn/info/1003/2715.htm""}"
FACTSRC-d3c169f9-a1e6-5540-94b4-3c75307d0a8a,eligibility_rule_sets,ELIGSET-484747fb-5666-5241-b0d9-31717b126a91,SRC-HFNU-2024-ZC,primary_evidence,"{""row_key"":""制药工程"",""section"":""招生专业范围"",""table"":2,""url"":""https://zsb.hfnu.edu.cn/info/1003/2715.htm""}"
FACTSRC-a09ac5e3-1836-5c28-99a6-0ecf571d7840,eligibility_rule_sets,ELIGSET-4c53afd7-2ac7-59f1-bfc1-55f74d2fa03d,SRC-HFNU-2025-ZC,primary_evidence,"{""asset_id"":""ASSET-HFNU-2025-ZC-PDF"",""page"":3,""row_key"":""互联网金融"",""row_number"":6,""section"":""招生专业范围"",""table"":2}"
FACTSRC-4a4792be-d635-58db-b78f-c43b212299d3,eligibility_rule_sets,ELIGSET-4eedd813-6d62-5786-9b91-18d754be67e4,SRC-HFNU-2024-ZC,primary_evidence,"{""row_key"":""食品质量与安全"",""section"":""招生专业范围"",""table"":2,""url"":""https://zsb.hfnu.edu.cn/info/1003/2715.htm""}"
FACTSRC-a8dadc51-3ec2-5a1b-afd7-1b62e2093bbe,eligibility_rule_sets,ELIGSET-53f7d850-a2dc-58de-895d-d8aecc09cce4,SRC-HFNU-2024-ZC,primary_evidence,"{""row_key"":""通信工程"",""section"":""招生专业范围"",""table"":2,""url"":""https://zsb.hfnu.edu.cn/info/1003/2715.htm""}"
FACTSRC-f0946848-0182-52e6-8f24-2bc8c8663e2e,eligibility_rule_sets,ELIGSET-552d09ea-3871-5210-b7b2-350a1cc05121,SRC-HFNU-2024-ZC,primary_evidence,"{""row_key"":""软件工程"",""section"":""招生专业范围"",""table"":2,""url"":""https://zsb.hfnu.edu.cn/info/1003/2715.htm""}"
FACTSRC-a8e14371-1130-5b73-9b62-66002e6a8c23,eligibility_rule_sets,ELIGSET-56d1e09d-c229-5c7b-a345-aca0564b139b,SRC-HFNU-2025-ZC,primary_evidence,"{""asset_id"":""ASSET-HFNU-2025-ZC-PDF"",""page"":4,""row_key"":""电子信息工程"",""row_number"":20,""section"":""招生专业范围"",""table"":2}"
FACTSRC-eca964cd-c0a9-5a1d-9a73-0bbefdfe33c3,eligibility_rule_sets,ELIGSET-5903f6a0-4106-52b0-9d84-8b1278f36eff,SRC-HFNU-2025-ZC,primary_evidence,"{""asset_id"":""ASSET-HFNU-2025-ZC-PDF"",""page"":4,""row_key"":""新能源材料与器件"",""row_number"":18,""section"":""招生专业范围"",""table"":2}"
FACTSRC-b88d1bbd-dbe0-51b1-94d1-3762a2756f62,eligibility_rule_sets,ELIGSET-5966f635-7f25-5982-bb90-16ff0b77e624,SRC-HFNU-2026-ZC,primary_evidence,"{""asset_id"":""ASSET-HFNU-2026-ZC-PDF"",""page"":4,""row_key"":""通信工程"",""row_number"":20,""section"":""招生专业范围"",""table"":2}"
FACTSRC-7b20f765-129e-56bd-ace1-370b37c6d317,eligibility_rule_sets,ELIGSET-59fb983a-fd53-5fb7-be40-2dd969d26a48,SRC-HFNU-2025-ZC,primary_evidence,"{""asset_id"":""ASSET-HFNU-2025-ZC-PDF"",""page"":3,""row_key"":""动画"",""row_number"":9,""section"":""招生专业范围"",""table"":2}"
FACTSRC-53a490b0-6162-5dac-bfc0-20d274843e93,eligibility_rule_sets,ELIGSET-63d9ac6d-3300-52bb-ac01-a861568755f7,SRC-HFNU-2024-ZC,primary_evidence,"{""row_key"":""材料科学与工程"",""section"":""招生专业范围"",""table"":2,""url"":""https://zsb.hfnu.edu.cn/info/1003/2715.htm""}"
FACTSRC-f084ebd2-c43a-5f3e-a9c2-4b6cf45c9f7b,eligibility_rule_sets,ELIGSET-67dbbd20-3fd6-5920-8e9e-8ccf673b7589,SRC-HFNU-2024-ZC,primary_evidence,"{""row_key"":""药物制剂"",""section"":""招生专业范围"",""table"":2,""url"":""https://zsb.hfnu.edu.cn/info/1003/2715.htm""}"
FACTSRC-11134cad-f9ad-59a7-84cb-204f4c0128e2,eligibility_rule_sets,ELIGSET-6d1a2697-ef56-591a-b9ee-2a2183627087,SRC-HFNU-2025-ZC,primary_evidence,"{""asset_id"":""ASSET-HFNU-2025-ZC-PDF"",""page"":4,""row_key"":""通信工程"",""row_number"":21,""section"":""招生专业范围"",""table"":2}"
FACTSRC-794455ac-e545-538d-a6ec-80916175b8fb,eligibility_rule_sets,ELIGSET-6dd27dd2-a91d-5f19-bf50-c8627143726b,SRC-HFNU-2024-ZC,primary_evidence,"{""row_key"":""互联网金融"",""section"":""招生专业范围"",""table"":2,""url"":""https://zsb.hfnu.edu.cn/info/1003/2715.htm""}"
FACTSRC-a5c5f0ef-5dc3-5d87-90a7-e5d5e6caad99,eligibility_rule_sets,ELIGSET-73ecc2d6-ea34-58ed-8cd9-96d4631d22e0,SRC-HFNU-2024-ZC,primary_evidence,"{""row_key"":""网络工程"",""section"":""招生专业范围"",""table"":2,""url"":""https://zsb.hfnu.edu.cn/info/1003/2715.htm""}"
FACTSRC-c0d2781c-fca7-59c0-87b2-bf04c5cb27c1,eligibility_rule_sets,ELIGSET-74e020ea-e418-5888-a939-04aa57a209c0,SRC-HFNU-2024-ZC,primary_evidence,"{""row_key"":""网络与新媒体"",""section"":""招生专业范围"",""table"":2,""url"":""https://zsb.hfnu.edu.cn/info/1003/2715.htm""}"
FACTSRC-83433343-5602-5afe-b7ca-dfa06e20e5aa,eligibility_rule_sets,ELIGSET-774adf1f-645a-54b1-83a6-5b79f3aa3ad5,SRC-HFNU-2026-ZC,primary_evidence,"{""asset_id"":""ASSET-HFNU-2026-ZC-PDF"",""page"":4,""row_key"":""新能源材料与器件"",""row_number"":17,""section"":""招生专业范围"",""table"":2}"
FACTSRC-1ea2588a-1079-5312-8101-c1eb59a98a93,eligibility_rule_sets,ELIGSET-7791fc0c-5b97-54e1-81d9-d84e7b99f948,SRC-HFNU-2026-ZC,primary_evidence,"{""asset_id"":""ASSET-HFNU-2026-ZC-PDF"",""page"":3,""row_key"":""小学教育"",""row_number"":2,""section"":""招生专业范围"",""table"":2}"
FACTSRC-e7824649-cd05-5093-b897-62b622cd65ca,eligibility_rule_sets,ELIGSET-7de84a07-c7b9-5d1e-9bdd-d197bafa3eca,SRC-HFNU-2025-ZC,primary_evidence,"{""asset_id"":""ASSET-HFNU-2025-ZC-PDF"",""page"":3,""row_key"":""学前教育"",""row_number"":1,""section"":""招生专业范围"",""table"":2}"
FACTSRC-5f320a53-a7ad-529d-9dc4-14f323f6d3fc,eligibility_rule_sets,ELIGSET-838d03ea-7fe8-5f5b-8c33-bfa8d3a3e56b,SRC-HFNU-2024-ZC,primary_evidence,"{""row_key"":""生物制药"",""section"":""招生专业范围"",""table"":2,""url"":""https://zsb.hfnu.edu.cn/info/1003/2715.htm""}"
FACTSRC-5622abc9-46ed-58f1-bd9b-a4a292e5dbc2,eligibility_rule_sets,ELIGSET-83b0f919-053d-5c43-b8e5-4d24ac6192f1,SRC-HFNU-2024-ZC,primary_evidence,"{""row_key"":""化学工程与工艺"",""section"":""招生专业范围"",""table"":2,""url"":""https://zsb.hfnu.edu.cn/info/1003/2715.htm""}"
FACTSRC-98696211-c030-5283-93a4-0e3a18f92dff,eligibility_rule_sets,ELIGSET-85c9cb2a-1009-522a-b902-50960d66f5a7,SRC-HFNU-2024-ZC,primary_evidence,"{""row_key"":""视觉传达设计"",""section"":""招生专业范围"",""table"":2,""url"":""https://zsb.hfnu.edu.cn/info/1003/2715.htm""}"
FACTSRC-1de0c3b9-00cf-5a4e-8f7c-6d65a20a25c5,eligibility_rule_sets,ELIGSET-8deb50f7-b58f-5dd7-9047-a07dd5d23ff9,SRC-HFNU-2026-ZC,primary_evidence,"{""asset_id"":""ASSET-HFNU-2026-ZC-PDF"",""page"":3,""row_key"":""视觉传达设计"",""row_number"":10,""section"":""招生专业范围"",""table"":2}"
FACTSRC-5fa618aa-a440-55b0-8e77-302f51e2588a,eligibility_rule_sets,ELIGSET-8edcb0fd-4827-56d4-b749-15e33c0271ee,SRC-HFNU-2026-ZC,primary_evidence,"{""asset_id"":""ASSET-HFNU-2026-ZC-PDF"",""page"":4,""row_key"":""网络工程"",""row_number"":23,""section"":""招生专业范围"",""table"":2}"
FACTSRC-2d9b3005-f3b3-5dd9-bfa6-4ca62eec2dea,eligibility_rule_sets,ELIGSET-90f63b40-ea6f-544c-86d2-a54295105ef1,SRC-HFNU-2025-ZC,primary_evidence,"{""asset_id"":""ASSET-HFNU-2025-ZC-PDF"",""page"":3,""row_key"":""视觉传达设计"",""row_number"":10,""section"":""招生专业范围"",""table"":2}"
FACTSRC-397c0d31-3c34-5500-80e9-1279be4cc5bc,eligibility_rule_sets,ELIGSET-9b64e033-9adb-5f73-aa08-7056671e74b0,SRC-HFNU-2025-ZC,primary_evidence,"{""asset_id"":""ASSET-HFNU-2025-ZC-PDF"",""page"":4,""row_key"":""药物制剂"",""row_number"":15,""section"":""招生专业范围"",""table"":2}"
FACTSRC-1d28e3ab-a215-5546-a9e4-156846d9e898,eligibility_rule_sets,ELIGSET-9b897277-c675-56df-992b-a84378391af2,SRC-HFNU-2024-ZC,primary_evidence,"{""row_key"":""电气工程及其自动化"",""section"":""招生专业范围"",""table"":2,""url"":""https://zsb.hfnu.edu.cn/info/1003/2715.htm""}"
FACTSRC-f4bfde5b-d3c9-5a1d-99d9-d58f04120221,eligibility_rule_sets,ELIGSET-9fc55e5a-6f63-51be-8745-100cb63276f1,SRC-HFNU-2024-ZC,primary_evidence,"{""row_key"":""人力资源管理"",""section"":""招生专业范围"",""table"":2,""url"":""https://zsb.hfnu.edu.cn/info/1003/2715.htm""}"
FACTSRC-f0fbf3c1-e32f-5d1a-8e3c-9cc301e66ed1,eligibility_rule_sets,ELIGSET-a27ad3b4-a3af-5ae3-8975-ac1dda43d30e,SRC-HFNU-2025-ZC,primary_evidence,"{""asset_id"":""ASSET-HFNU-2025-ZC-PDF"",""page"":3,""row_key"":""市场营销"",""row_number"":5,""section"":""招生专业范围"",""table"":2}"
FACTSRC-39a856d1-3634-5377-9788-8374400fe804,eligibility_rule_sets,ELIGSET-a5ce7724-6fac-55a2-9141-79d5ba869622,SRC-HFNU-2026-ZC,primary_evidence,"{""asset_id"":""ASSET-HFNU-2026-ZC-PDF"",""page"":3,""row_key"":""运动康复"",""row_number"":14,""section"":""招生专业范围"",""table"":2}"
FACTSRC-f6d16a10-b787-5fcb-a36b-6cfe54132d51,eligibility_rule_sets,ELIGSET-a5fffc92-f135-51bc-bc8a-3094f0c6c5d7,SRC-HFNU-2026-ZC,primary_evidence,"{""asset_id"":""ASSET-HFNU-2026-ZC-PDF"",""page"":3,""row_key"":""服装与服饰设计"",""row_number"":11,""section"":""招生专业范围"",""table"":2}"
FACTSRC-7098f7c9-88d1-5964-9fcb-5dfff0788d56,eligibility_rule_sets,ELIGSET-a6a33a69-d640-5221-8bd7-ff5efa112e4e,SRC-HFNU-2025-ZC,primary_evidence,"{""asset_id"":""ASSET-HFNU-2025-ZC-PDF"",""page"":3,""row_key"":""服装与服饰设计"",""row_number"":11,""section"":""招生专业范围"",""table"":2}"
FACTSRC-d672b31e-22d8-5273-a33d-33b375f2a3f8,eligibility_rule_sets,ELIGSET-aa6aefc8-b4bc-57cb-845d-cde768bb510d,SRC-HFNU-2026-ZC,primary_evidence,"{""asset_id"":""ASSET-HFNU-2026-ZC-PDF"",""page"":3,""row_key"":""市场营销"",""row_number"":5,""section"":""招生专业范围"",""table"":2}"
FACTSRC-ea843517-f7d7-5b3b-a6ef-014438ea1883,eligibility_rule_sets,ELIGSET-ac3697a1-c2b7-5453-b0af-01188bd61b7a,SRC-HFNU-2025-ZC,primary_evidence,"{""asset_id"":""ASSET-HFNU-2025-ZC-PDF"",""page"":3,""row_key"":""人力资源管理"",""row_number"":3,""section"":""招生专业范围"",""table"":2}"
FACTSRC-456f6de2-b38f-5711-ba28-abb6d14286dd,eligibility_rule_sets,ELIGSET-aeb50744-670e-5a5d-8931-8c00ccc884ac,SRC-HFNU-2026-ZC,primary_evidence,"{""asset_id"":""ASSET-HFNU-2026-ZC-PDF"",""page"":4,""row_key"":""食品质量与安全"",""row_number"":26,""section"":""招生专业范围"",""table"":2}"
FACTSRC-8a4bd05e-2182-5191-94b5-67e0c264192c,eligibility_rule_sets,ELIGSET-afa159d3-3518-5bee-ae74-14499ae8642a,SRC-HFNU-2026-ZC,primary_evidence,"{""asset_id"":""ASSET-HFNU-2026-ZC-PDF"",""page"":3,""row_key"":""网络与新媒体"",""row_number"":7,""section"":""招生专业范围"",""table"":2}"
FACTSRC-58513393-b4ee-5a16-a6ad-28b2db197929,eligibility_rule_sets,ELIGSET-b31fbf24-6440-5a3f-97e2-175969ba2896,SRC-HFNU-2026-ZC,primary_evidence,"{""asset_id"":""ASSET-HFNU-2026-ZC-PDF"",""page"":4,""row_key"":""电子信息工程"",""row_number"":19,""section"":""招生专业范围"",""table"":2}"
FACTSRC-8eb0e3bc-849c-55fb-b66c-1db0a26a51b4,eligibility_rule_sets,ELIGSET-b5c5f8aa-5d4c-5188-919a-ecd551dea6db,SRC-HFNU-2025-ZC,primary_evidence,"{""asset_id"":""ASSET-HFNU-2025-ZC-PDF"",""page"":4,""row_key"":""生物制药"",""row_number"":27,""section"":""招生专业范围"",""table"":2}"
FACTSRC-befd15c1-144f-525f-8316-c146590ca29e,eligibility_rule_sets,ELIGSET-b6175751-29f6-5ecc-8cc7-3929347e3ca0,SRC-HFNU-2024-ZC,primary_evidence,"{""row_key"":""电子信息工程"",""section"":""招生专业范围"",""table"":2,""url"":""https://zsb.hfnu.edu.cn/info/1003/2715.htm""}"
FACTSRC-feeed3bd-b6c3-5960-aa59-0b5d532dfb38,eligibility_rule_sets,ELIGSET-b711c7e0-8fba-588a-899c-42eb3bcac175,SRC-HFNU-2026-ZC,primary_evidence,"{""asset_id"":""ASSET-HFNU-2026-ZC-PDF"",""page"":3,""row_key"":""化学工程与工艺"",""row_number"":16,""section"":""招生专业范围"",""table"":2}"
FACTSRC-29d5fcc5-5068-57f6-ba9f-3f96f27fce4d,eligibility_rule_sets,ELIGSET-b75fd28e-24d8-532b-8b09-a3609eb221ca,SRC-HFNU-2025-ZC,primary_evidence,"{""asset_id"":""ASSET-HFNU-2025-ZC-PDF"",""page"":4,""row_key"":""数据科学与大数据技术"",""row_number"":25,""section"":""招生专业范围"",""table"":2}"
FACTSRC-f0f00c6f-b117-5932-844f-7efe9873a5e9,eligibility_rule_sets,ELIGSET-b7e2ad61-8b7a-5918-aa95-115db2d60792,SRC-HFNU-2025-ZC,primary_evidence,"{""asset_id"":""ASSET-HFNU-2025-ZC-PDF"",""page"":3,""row_key"":""小学教育"",""row_number"":2,""section"":""招生专业范围"",""table"":2}"
FACTSRC-916e93a4-fea5-5f80-8cb6-c6ad9f04f221,eligibility_rule_sets,ELIGSET-b8b6cf20-1480-50c8-bad9-9bd998cd1e51,SRC-HFNU-2024-ZC,primary_evidence,"{""row_key"":""数据科学与大数据技术"",""section"":""招生专业范围"",""table"":2,""url"":""https://zsb.hfnu.edu.cn/info/1003/2715.htm""}"
FACTSRC-e1ed2ef4-0d07-5bd2-a997-d1d9cfd405a1,eligibility_rule_sets,ELIGSET-c4d328a6-565d-5ccc-9a45-9e6a7e2fd50b,SRC-HFNU-2024-ZC,primary_evidence,"{""row_key"":""运动康复"",""section"":""招生专业范围"",""table"":2,""url"":""https://zsb.hfnu.edu.cn/info/1003/2715.htm""}"
FACTSRC-a70ad951-3a64-5ebd-9c6d-6f4992e51d1d,eligibility_rule_sets,ELIGSET-c5784ac7-f98a-5d09-a07a-1b141871f41a,SRC-HFNU-2025-ZC,primary_evidence,"{""asset_id"":""ASSET-HFNU-2025-ZC-PDF"",""page"":4,""row_key"":""制药工程"",""row_number"":16,""section"":""招生专业范围"",""table"":2}"
FACTSRC-88c637d6-0dba-5755-b9b8-d6f6f96c240f,eligibility_rule_sets,ELIGSET-ca0eebe5-47c6-52ae-8210-24185db309ae,SRC-HFNU-2026-ZC,primary_evidence,"{""asset_id"":""ASSET-HFNU-2026-ZC-PDF"",""page"":3,""row_key"":""音乐学"",""row_number"":13,""section"":""招生专业范围"",""table"":2}"
FACTSRC-c8b0803f-5e6c-529b-9f8c-03ec7595772b,eligibility_rule_sets,ELIGSET-cb7e373c-d112-5c75-9d29-11a2bc560b3c,SRC-HFNU-2026-ZC,primary_evidence,"{""asset_id"":""ASSET-HFNU-2026-ZC-PDF"",""page"":4,""row_key"":""经济统计学"",""row_number"":18,""section"":""招生专业范围"",""table"":2}"
FACTSRC-8b622213-66f8-52a7-91d6-3d088fed72c0,eligibility_rule_sets,ELIGSET-d55eb4b2-9ba4-532b-b18c-55a757d6683e,SRC-HFNU-2025-ZC,primary_evidence,"{""asset_id"":""ASSET-HFNU-2025-ZC-PDF"",""page"":4,""row_key"":""音乐学"",""row_number"":13,""section"":""招生专业范围"",""table"":2}"
FACTSRC-ec308f81-d615-53f1-a580-192697e7f0ab,eligibility_rule_sets,ELIGSET-d75f2321-92ec-594c-afcf-3b28d2081151,SRC-HFNU-2026-ZC,primary_evidence,"{""asset_id"":""ASSET-HFNU-2026-ZC-PDF"",""page"":3,""row_key"":""人力资源管理"",""row_number"":3,""section"":""招生专业范围"",""table"":2}"
FACTSRC-646bece5-30e7-57b0-9e71-38c0145003e4,eligibility_rule_sets,ELIGSET-ddb7b494-1815-57b4-a98d-5aaf7140dd6d,SRC-HFNU-2025-ZC,primary_evidence,"{""asset_id"":""ASSET-HFNU-2025-ZC-PDF"",""page"":4,""row_key"":""食品质量与安全"",""row_number"":28,""section"":""招生专业范围"",""table"":2}"
FACTSRC-862ee904-6dca-5598-832d-6391d0285a65,eligibility_rule_sets,ELIGSET-dedce4de-7757-51e3-b316-a7d17978d8cb,SRC-HFNU-2025-ZC,primary_evidence,"{""asset_id"":""ASSET-HFNU-2025-ZC-PDF"",""page"":4,""row_key"":""软件工程"",""row_number"":26,""section"":""招生专业范围"",""table"":2}"
FACTSRC-19ad7f3c-6a12-5ae5-802f-7e58822615bd,eligibility_rule_sets,ELIGSET-e05be0a9-84f9-5374-bca2-d4230aadd622,SRC-HFNU-2025-ZC,primary_evidence,"{""asset_id"":""ASSET-HFNU-2025-ZC-PDF"",""page"":3,""row_key"":""商务英语"",""row_number"":8,""section"":""招生专业范围"",""table"":2}"
FACTSRC-8c645556-b4fa-5a2b-ae34-923751df3026,eligibility_rule_sets,ELIGSET-e3860e11-52e3-57db-ad49-0515c35bbd92,SRC-HFNU-2024-ZC,primary_evidence,"{""row_key"":""环境设计"",""section"":""招生专业范围"",""table"":2,""url"":""https://zsb.hfnu.edu.cn/info/1003/2715.htm""}"
FACTSRC-ecf2d084-eb61-5cc9-a5b2-8288b1988943,eligibility_rule_sets,ELIGSET-e3a2bc7f-2ea2-5c79-b2c0-829e85d1bd14,SRC-HFNU-2026-ZC,primary_evidence,"{""asset_id"":""ASSET-HFNU-2026-ZC-PDF"",""page"":4,""row_key"":""生物制药"",""row_number"":25,""section"":""招生专业范围"",""table"":2}"
FACTSRC-e7b18a22-4ce8-59a1-839d-59346a34d641,eligibility_rule_sets,ELIGSET-e72e94f1-8f8b-5fb5-9812-43f189881549,SRC-HFNU-2025-ZC,primary_evidence,"{""asset_id"":""ASSET-HFNU-2025-ZC-PDF"",""page"":4,""row_key"":""网络工程"",""row_number"":24,""section"":""招生专业范围"",""table"":2}"
FACTSRC-60498052-132f-5eee-a81b-54c47fdbdee0,eligibility_rule_sets,ELIGSET-ed733c55-c024-599e-a153-7cf573d8be4e,SRC-HFNU-2024-ZC,primary_evidence,"{""row_key"":""小学教育"",""section"":""招生专业范围"",""table"":2,""url"":""https://zsb.hfnu.edu.cn/info/1003/2715.htm""}"
FACTSRC-83674b31-4536-5945-bf33-186f70d60240,eligibility_rule_sets,ELIGSET-f5b0432b-4cba-51ea-ae17-f7f2d53ddd3e,SRC-HFNU-2026-ZC,primary_evidence,"{""asset_id"":""ASSET-HFNU-2026-ZC-PDF"",""page"":3,""row_key"":""环境设计"",""row_number"":12,""section"":""招生专业范围"",""table"":2}"
FACTSRC-738dc675-7f18-5471-ae19-d3a1f9f9c923,eligibility_rule_sets,ELIGSET-f74dc1c0-3e5f-519f-a00d-994836d81a20,SRC-HFNU-2026-ZC,primary_evidence,"{""asset_id"":""ASSET-HFNU-2026-ZC-PDF"",""page"":3,""row_key"":""财务管理"",""row_number"":4,""section"":""招生专业范围"",""table"":2}"
FACTSRC-59e125c6-fa87-5c1d-ba4a-be6e9839eabd,eligibility_rule_sets,ELIGSET-f8e6e234-b841-5abd-a783-17273ead6dc6,SRC-HFNU-2025-ZC,primary_evidence,"{""asset_id"":""ASSET-HFNU-2025-ZC-PDF"",""page"":4,""row_key"":""化学工程与工艺"",""row_number"":17,""section"":""招生专业范围"",""table"":2}"
FACTSRC-d1fb1802-f237-5ec4-874a-aadea607a1c3,eligibility_rule_sets,ELIGSET-fd223d1f-add8-5b34-876d-95f5f78abd68,SRC-HFNU-2024-ZC,primary_evidence,"{""row_key"":""财务管理"",""section"":""招生专业范围"",""table"":2,""url"":""https://zsb.hfnu.edu.cn/info/1003/2715.htm""}"
FACTSRC-b9160e38-2213-5a40-b535-5cea0f6e44fd,eligibility_rule_sets,ELIGSET-ff429925-67f3-5bf1-bd31-66c5c9025ed8,SRC-HFNU-2024-ZC,primary_evidence,"{""row_key"":""计算机科学与技术"",""section"":""招生专业范围"",""table"":2,""url"":""https://zsb.hfnu.edu.cn/info/1003/2715.htm""}"
FACTSRC-ad292d6f-2c95-50df-ab32-7d0406a9142f,enrollment_plans,PLAN-004e2d40-56b6-5428-ba55-0724c149e8b6,SRC-HFNU-2026-ZC,primary_evidence,"{""asset_id"":""ASSET-HFNU-2026-ZC-PDF"",""page"":1,""row_key"":""经济统计学"",""section"":""招生专业计划""}"
FACTSRC-3182ad27-aa87-5674-87e3-0cd9089eb338,enrollment_plans,PLAN-00d70a6a-c28f-55fc-8bc8-8b6b707dc5e7,SRC-HFNU-2024-ZC,primary_evidence,"{""row_key"":""电子信息工程"",""section"":""招生专业计划"",""table"":1,""url"":""https://zsb.hfnu.edu.cn/info/1003/2715.htm""}"
FACTSRC-12bba815-7bbb-5d9b-9bd2-1aa43a59ea48,enrollment_plans,PLAN-01f106a6-b065-5100-9cdf-a8530bdb1ecb,SRC-HFNU-2026-ZC,primary_evidence,"{""asset_id"":""ASSET-HFNU-2026-ZC-PDF"",""page"":2,""row_key"":""网络工程"",""section"":""招生专业计划""}"
FACTSRC-3a8054c6-0049-5773-97df-d72cc5132eb8,enrollment_plans,PLAN-021cca32-885a-514d-9112-7425ef2aae74,SRC-HFNU-2024-ZC,primary_evidence,"{""row_key"":""市场营销"",""section"":""招生专业计划"",""table"":1,""url"":""https://zsb.hfnu.edu.cn/info/1003/2715.htm""}"
FACTSRC-99bd0786-ca5d-5d1f-8bcd-66d011394843,enrollment_plans,PLAN-023a2d1b-4635-59ec-bc5d-a28b3fdcfcaa,SRC-HFNU-2024-ZC,primary_evidence,"{""row_key"":""小学教育"",""section"":""招生专业计划"",""table"":1,""url"":""https://zsb.hfnu.edu.cn/info/1003/2715.htm""}"
FACTSRC-1389ec0c-4deb-576d-8043-0b69618ede34,enrollment_plans,PLAN-028e3962-770a-506b-a15f-2e71ab0bdbdd,SRC-HFNU-2024-ZC,primary_evidence,"{""row_key"":""数据科学与大数据技术"",""section"":""招生专业计划"",""table"":1,""url"":""https://zsb.hfnu.edu.cn/info/1003/2715.htm""}"
FACTSRC-62e41dce-bfd1-5d19-8ded-9964ce52509c,enrollment_plans,PLAN-03654099-e372-5738-b692-53b0dece2759,SRC-HFNU-2026-ZC,primary_evidence,"{""asset_id"":""ASSET-HFNU-2026-ZC-PDF"",""page"":1,""row_key"":""电子信息工程"",""section"":""招生专业计划""}"
FACTSRC-9ca2add3-aae4-5dc0-a081-60d5e4db6c48,enrollment_plans,PLAN-03678bac-b578-5e82-94ac-ae6304464228,SRC-HFNU-2025-ZC,primary_evidence,"{""asset_id"":""ASSET-HFNU-2025-ZC-PDF"",""page"":2,""row_key"":""电气工程及其自动化"",""section"":""招生专业计划""}"
FACTSRC-39f512be-6141-5bda-8a03-b1c68d87093b,enrollment_plans,PLAN-039554d8-393a-534d-8771-f1e38a4b86f6,SRC-HFNU-2026-ZC,primary_evidence,"{""asset_id"":""ASSET-HFNU-2026-ZC-PDF"",""page"":2,""row_key"":""网络工程"",""section"":""招生专业计划""}"
FACTSRC-4cd981f1-efa4-5abe-9e39-02f9ece08029,enrollment_plans,PLAN-039dda1b-2e8c-527b-8012-3029980a4b7c,SRC-HFNU-2026-ZC,primary_evidence,"{""asset_id"":""ASSET-HFNU-2026-ZC-PDF"",""page"":1,""row_key"":""化学工程与工艺"",""section"":""招生专业计划""}"
FACTSRC-7217b12e-12da-58f1-828e-57caad4853f7,enrollment_plans,PLAN-03c0e9e4-acd4-5466-b25f-5f3c8c354d82,SRC-HFNU-2024-ZC,primary_evidence,"{""row_key"":""视觉传达设计"",""section"":""招生专业计划"",""table"":1,""url"":""https://zsb.hfnu.edu.cn/info/1003/2715.htm""}"
FACTSRC-ad0db5e6-d14e-5074-8be2-b6d878651425,enrollment_plans,PLAN-04256fda-aa9c-5ca3-946a-944b7d465431,SRC-HFNU-2024-ZC,primary_evidence,"{""row_key"":""环境设计"",""section"":""招生专业计划"",""table"":1,""url"":""https://zsb.hfnu.edu.cn/info/1003/2715.htm""}"
FACTSRC-b8535304-7d4b-53a9-8af5-d055b03d72db,enrollment_plans,PLAN-0521c5b6-ddb5-57eb-82d6-85a163618b78,SRC-HFNU-2026-ZC,primary_evidence,"{""asset_id"":""ASSET-HFNU-2026-ZC-PDF"",""page"":2,""row_key"":""环境设计"",""section"":""招生专业计划""}"
FACTSRC-624408f0-2d82-5595-8567-f575b0b198b7,enrollment_plans,PLAN-059d5ce8-ae8d-5186-8d1e-9eae2c2d54aa,SRC-HFNU-2024-ZC,primary_evidence,"{""row_key"":""电气工程及其自动化"",""section"":""招生专业计划"",""table"":1,""url"":""https://zsb.hfnu.edu.cn/info/1003/2715.htm""}"
FACTSRC-ce70b6e7-a744-5aad-8c2c-61858f47b701,enrollment_plans,PLAN-05eb9acc-a52d-5c56-92ae-8d72432bb9ab,SRC-HFNU-2026-ZC,primary_evidence,"{""asset_id"":""ASSET-HFNU-2026-ZC-PDF"",""page"":1,""row_key"":""服装与服饰设计"",""section"":""招生专业计划""}"
FACTSRC-0af1dfe1-59e7-5af5-9482-6ae1df9b7600,enrollment_plans,PLAN-06b0d106-db63-5e0b-8536-a26efc517ab1,SRC-HFNU-2024-ZC,primary_evidence,"{""row_key"":""食品质量与安全"",""section"":""招生专业计划"",""table"":1,""url"":""https://zsb.hfnu.edu.cn/info/1003/2715.htm""}"
FACTSRC-6a0679e9-0b5e-57f7-82c5-1169d2fabe31,enrollment_plans,PLAN-07501551-c05e-591b-a3c0-ea03717d3e98,SRC-HFNU-2026-ZC,primary_evidence,"{""asset_id"":""ASSET-HFNU-2026-ZC-PDF"",""page"":2,""row_key"":""计算机科学与技术"",""section"":""招生专业计划""}"
FACTSRC-660ab4ea-84c8-5d44-9977-0928dd11304c,enrollment_plans,PLAN-07ec9492-1db9-5662-b5ee-173bbb083aba,SRC-HFNU-2024-ZC,primary_evidence,"{""row_key"":""财务管理"",""section"":""招生专业计划"",""table"":1,""url"":""https://zsb.hfnu.edu.cn/info/1003/2715.htm""}"
FACTSRC-61ce193a-d698-52cd-98b3-9000fc88a993,enrollment_plans,PLAN-090ac823-a2e9-5f04-a4eb-08eea6276043,SRC-HFNU-2026-ZC,primary_evidence,"{""asset_id"":""ASSET-HFNU-2026-ZC-PDF"",""page"":2,""row_key"":""环境设计"",""section"":""招生专业计划""}"
FACTSRC-090ae9af-03a0-5768-a716-fd70e364bd39,enrollment_plans,PLAN-092212e0-fe23-5b57-9cf2-3e89d3ee9b6f,SRC-HFNU-2025-ZC,primary_evidence,"{""asset_id"":""ASSET-HFNU-2025-ZC-PDF"",""page"":1,""row_key"":""电子信息工程"",""section"":""招生专业计划""}"
FACTSRC-8b1b310d-0f16-501e-9e34-4be8c09e702d,enrollment_plans,PLAN-09c0e998-b45a-5dc2-a195-1b8482268093,SRC-HFNU-2026-ZC,primary_evidence,"{""asset_id"":""ASSET-HFNU-2026-ZC-PDF"",""page"":1,""row_key"":""人力资源管理"",""section"":""招生专业计划""}"
FACTSRC-4ada5b8f-7d23-5ebc-aea0-c48c35347f1b,enrollment_plans,PLAN-09cdd776-e46d-5034-8afc-961254a9c996,SRC-HFNU-2025-ZC,primary_evidence,"{""asset_id"":""ASSET-HFNU-2025-ZC-PDF"",""page"":1,""row_key"":""音乐学"",""section"":""招生专业计划""}"
FACTSRC-89cc976f-3660-5765-bf1b-1e7ea8b5fa9c,enrollment_plans,PLAN-0a189379-b150-59f4-b601-173f07e79941,SRC-HFNU-2024-ZC,primary_evidence,"{""row_key"":""学前教育"",""section"":""招生专业计划"",""table"":1,""url"":""https://zsb.hfnu.edu.cn/info/1003/2715.htm""}"
FACTSRC-52f04605-ec9d-5044-a816-c67d6a77fd3e,enrollment_plans,PLAN-0a7a22f3-59a1-5b2b-a4a7-e6d580b9a68b,SRC-HFNU-2024-ZC,primary_evidence,"{""row_key"":""软件工程"",""section"":""招生专业计划"",""table"":1,""url"":""https://zsb.hfnu.edu.cn/info/1003/2715.htm""}"
FACTSRC-daf3fe8e-001a-5730-8437-83209d60b789,enrollment_plans,PLAN-0a7b7d9a-77a3-5aed-86a5-65d1450cade1,SRC-HFNU-2026-ZC,primary_evidence,"{""asset_id"":""ASSET-HFNU-2026-ZC-PDF"",""page"":1,""row_key"":""通信工程"",""section"":""招生专业计划""}"
FACTSRC-4aa69372-a3b6-5cf0-bdf8-5c77adbc7e92,enrollment_plans,PLAN-0a80a770-a15f-5dc0-9fb9-2af6dc46c8d9,SRC-HFNU-2026-ZC,primary_evidence,"{""asset_id"":""ASSET-HFNU-2026-ZC-PDF"",""page"":1,""row_key"":""经济统计学"",""section"":""招生专业计划""}"
FACTSRC-ec42e4b8-66bd-5cc8-8f2d-1cc6989f1d35,enrollment_plans,PLAN-0a90afb9-67fa-503a-8d59-ee12adbd2202,SRC-HFNU-2025-ZC,primary_evidence,"{""asset_id"":""ASSET-HFNU-2025-ZC-PDF"",""page"":2,""row_key"":""财务管理"",""section"":""招生专业计划""}"
FACTSRC-9770e260-204c-5153-91e2-2208ca36c66f,enrollment_plans,PLAN-0b5f01ec-3ba1-5879-a82f-0abda02428c2,SRC-HFNU-2026-ZC,primary_evidence,"{""asset_id"":""ASSET-HFNU-2026-ZC-PDF"",""page"":1,""row_key"":""动画"",""section"":""招生专业计划""}"
FACTSRC-4f5905fc-a360-5d32-be37-ea7b4fce8e23,enrollment_plans,PLAN-0e287703-664b-5ab0-906b-22620081cba4,SRC-HFNU-2026-ZC,primary_evidence,"{""asset_id"":""ASSET-HFNU-2026-ZC-PDF"",""page"":1,""row_key"":""通信工程"",""section"":""招生专业计划""}"
FACTSRC-7c87f706-abe4-5cd5-a8c6-1b1d8f1f8f0d,enrollment_plans,PLAN-0ec279d7-fb64-5f0f-9d17-7b5a99f1a788,SRC-HFNU-2026-ZC,primary_evidence,"{""asset_id"":""ASSET-HFNU-2026-ZC-PDF"",""page"":2,""row_key"":""环境设计"",""section"":""招生专业计划""}"
FACTSRC-04659b0a-6552-5f54-bece-556974a061c3,enrollment_plans,PLAN-0fc4a086-201c-5ede-b39b-666c9df5fcc5,SRC-HFNU-2024-ZC,primary_evidence,"{""row_key"":""市场营销"",""section"":""招生专业计划"",""table"":1,""url"":""https://zsb.hfnu.edu.cn/info/1003/2715.htm""}"
FACTSRC-8abac021-3724-5c77-bd25-bac27e292ee7,enrollment_plans,PLAN-0fc99284-42b7-5880-9622-bb54add9f25e,SRC-HFNU-2026-ZC,primary_evidence,"{""asset_id"":""ASSET-HFNU-2026-ZC-PDF"",""page"":2,""row_key"":""环境设计"",""section"":""招生专业计划""}"
FACTSRC-0c2ee791-5f79-5865-b019-602754463a4a,enrollment_plans,PLAN-11c26b83-9114-5dd4-a47a-0fca1391c1cf,SRC-HFNU-2025-ZC,primary_evidence,"{""asset_id"":""ASSET-HFNU-2025-ZC-PDF"",""page"":2,""row_key"":""运动康复"",""section"":""招生专业计划""}"
FACTSRC-d309072a-d547-525a-8296-65bb8a2f3f24,enrollment_plans,PLAN-143b0fe7-669f-5287-9817-f04a149adfba,SRC-HFNU-2024-ZC,primary_evidence,"{""row_key"":""软件工程"",""section"":""招生专业计划"",""table"":1,""url"":""https://zsb.hfnu.edu.cn/info/1003/2715.htm""}"
FACTSRC-c96a5f66-30b8-5624-9b2f-f09c1af8dfd9,enrollment_plans,PLAN-157179b4-6a2a-5646-b8bf-75b05afb9c27,SRC-HFNU-2026-ZC,primary_evidence,"{""asset_id"":""ASSET-HFNU-2026-ZC-PDF"",""page"":1,""row_key"":""人力资源管理"",""section"":""招生专业计划""}"
FACTSRC-4574b1ef-f770-55dc-aae1-f59a4f4d24f7,enrollment_plans,PLAN-16142120-b368-5b1e-a4b8-2b343c696281,SRC-HFNU-2025-ZC,primary_evidence,"{""asset_id"":""ASSET-HFNU-2025-ZC-PDF"",""page"":2,""row_key"":""计算机科学与技术"",""section"":""招生专业计划""}"
FACTSRC-b591465a-f238-5039-b769-6c2a8219b2e2,enrollment_plans,PLAN-164a1edc-0a05-5ce3-bfa7-569125cdf408,SRC-HFNU-2024-ZC,primary_evidence,"{""row_key"":""药物制剂"",""section"":""招生专业计划"",""table"":1,""url"":""https://zsb.hfnu.edu.cn/info/1003/2715.htm""}"
FACTSRC-d5f0cbff-fe43-5500-b1d8-1351440391b8,enrollment_plans,PLAN-177571bc-aec1-5c1c-80b6-78144ca6f882,SRC-HFNU-2025-ZC,primary_evidence,"{""asset_id"":""ASSET-HFNU-2025-ZC-PDF"",""page"":1,""row_key"":""药物制剂"",""section"":""招生专业计划""}"
FACTSRC-bf4d6f8e-5709-59cd-b85e-6f804542fd56,enrollment_plans,PLAN-191e1dc9-2c9f-53f1-a40b-8e95b56546b0,SRC-HFNU-2024-ZC,primary_evidence,"{""row_key"":""互联网金融"",""section"":""招生专业计划"",""table"":1,""url"":""https://zsb.hfnu.edu.cn/info/1003/2715.htm""}"
FACTSRC-1bae9041-997b-53f7-8629-6a2b61721a2f,enrollment_plans,PLAN-1999b731-149d-58b3-9df8-b491b64834f6,SRC-HFNU-2026-ZC,primary_evidence,"{""asset_id"":""ASSET-HFNU-2026-ZC-PDF"",""page"":1,""row_key"":""市场营销"",""section"":""招生专业计划""}"
FACTSRC-e2927695-1f1f-5416-abf5-0507ad185eba,enrollment_plans,PLAN-1a7935d4-1a6b-5635-9573-06d06d9b5db3,SRC-HFNU-2025-ZC,primary_evidence,"{""asset_id"":""ASSET-HFNU-2025-ZC-PDF"",""page"":2,""row_key"":""运动康复"",""section"":""招生专业计划""}"
FACTSRC-3e0694d2-9abe-5c78-8493-d1d72e0a337a,enrollment_plans,PLAN-1a8c0295-5064-5c25-8ae1-0f7a65411591,SRC-HFNU-2026-ZC,primary_evidence,"{""asset_id"":""ASSET-HFNU-2026-ZC-PDF"",""page"":2,""row_key"":""网络工程"",""section"":""招生专业计划""}"
FACTSRC-9393d865-1d33-5917-a958-edab82fcd04a,enrollment_plans,PLAN-1af7db6f-5b5b-5c62-aa30-a25f35dca5a2,SRC-HFNU-2024-ZC,primary_evidence,"{""row_key"":""数据科学与大数据技术"",""section"":""招生专业计划"",""table"":1,""url"":""https://zsb.hfnu.edu.cn/info/1003/2715.htm""}"
FACTSRC-8ecca4a0-8259-5663-8ca3-af9367e54768,enrollment_plans,PLAN-1b306d51-ecee-54a9-955d-2e361fe3b9d5,SRC-HFNU-2024-ZC,primary_evidence,"{""row_key"":""药物制剂"",""section"":""招生专业计划"",""table"":1,""url"":""https://zsb.hfnu.edu.cn/info/1003/2715.htm""}"
FACTSRC-d71ed522-ed42-524c-a2ed-c7b70c7798d1,enrollment_plans,PLAN-1d19bcd9-3b9a-5e8b-a137-9f814e5b7090,SRC-HFNU-2025-ZC,primary_evidence,"{""asset_id"":""ASSET-HFNU-2025-ZC-PDF"",""page"":2,""row_key"":""电气工程及其自动化"",""section"":""招生专业计划""}"
FACTSRC-61b1697d-185c-5326-ad6d-60edcf4dd5c1,enrollment_plans,PLAN-1d330b78-f03e-52da-bc87-9a855e854fe8,SRC-HFNU-2024-ZC,primary_evidence,"{""row_key"":""化学工程与工艺"",""section"":""招生专业计划"",""table"":1,""url"":""https://zsb.hfnu.edu.cn/info/1003/2715.htm""}"
FACTSRC-6d17ae05-f07d-58fb-b8a8-99ff1e8a88f0,enrollment_plans,PLAN-1dc4944c-7595-550e-8ce1-68f1d4934dce,SRC-HFNU-2026-ZC,primary_evidence,"{""asset_id"":""ASSET-HFNU-2026-ZC-PDF"",""page"":1,""row_key"":""服装与服饰设计"",""section"":""招生专业计划""}"
FACTSRC-333df4b9-a040-59da-8a3d-a8e4eba75723,enrollment_plans,PLAN-1e7741b7-8e48-5025-9699-b3d174ac6979,SRC-HFNU-2024-ZC,primary_evidence,"{""row_key"":""经济统计学"",""section"":""招生专业计划"",""table"":1,""url"":""https://zsb.hfnu.edu.cn/info/1003/2715.htm""}"
FACTSRC-366715c4-c826-5841-a9c8-64ae85e285c0,enrollment_plans,PLAN-1eadf11a-8d94-5380-919a-d91d8de28e2c,SRC-HFNU-2026-ZC,primary_evidence,"{""asset_id"":""ASSET-HFNU-2026-ZC-PDF"",""page"":1,""row_key"":""互联网金融"",""section"":""招生专业计划""}"
FACTSRC-c167620d-b64c-5cb7-b17d-70262bdc9c9a,enrollment_plans,PLAN-1eef52c7-0d05-5055-aebf-f3fca45f69db,SRC-HFNU-2026-ZC,primary_evidence,"{""asset_id"":""ASSET-HFNU-2026-ZC-PDF"",""page"":1,""row_key"":""新能源材料与器件"",""section"":""招生专业计划""}"
FACTSRC-76dde9c3-a540-597a-8f78-5a7d39fe7f2a,enrollment_plans,PLAN-2085f3bb-3368-54f2-b7b5-7da2215a1b54,SRC-HFNU-2024-ZC,primary_evidence,"{""row_key"":""运动康复"",""section"":""招生专业计划"",""table"":1,""url"":""https://zsb.hfnu.edu.cn/info/1003/2715.htm""}"
FACTSRC-071c7b50-dd9b-555a-b447-e6afa586915c,enrollment_plans,PLAN-214ae544-25f0-5bd0-8a96-cb84df05e5e5,SRC-HFNU-2025-ZC,primary_evidence,"{""asset_id"":""ASSET-HFNU-2025-ZC-PDF"",""page"":2,""row_key"":""网络工程"",""section"":""招生专业计划""}"
FACTSRC-1ed51056-6d50-5391-ba3d-95b96b94f0b0,enrollment_plans,PLAN-21d3c960-7de4-5b00-9399-8b3d9cddd576,SRC-HFNU-2024-ZC,primary_evidence,"{""row_key"":""计算机科学与技术"",""section"":""招生专业计划"",""table"":1,""url"":""https://zsb.hfnu.edu.cn/info/1003/2715.htm""}"
FACTSRC-e91913dc-bd86-50b1-ba81-5b6b6fdf476d,enrollment_plans,PLAN-222aed2d-016a-5ea8-a8ca-ca644fbe858d,SRC-HFNU-2025-ZC,primary_evidence,"{""asset_id"":""ASSET-HFNU-2025-ZC-PDF"",""page"":1,""row_key"":""互联网金融"",""section"":""招生专业计划""}"
FACTSRC-9bd8d494-06a5-527e-8843-b7bdb49976bf,enrollment_plans,PLAN-229f7eaf-6cc3-5035-a6f7-9f5196987812,SRC-HFNU-2025-ZC,primary_evidence,"{""asset_id"":""ASSET-HFNU-2025-ZC-PDF"",""page"":1,""row_key"":""视觉传达设计"",""section"":""招生专业计划""}"
FACTSRC-79f76362-7825-551d-bd69-9a4fe0c2eb47,enrollment_plans,PLAN-22f632bc-9785-510d-89d8-981a36e22970,SRC-HFNU-2024-ZC,primary_evidence,"{""row_key"":""食品质量与安全"",""section"":""招生专业计划"",""table"":1,""url"":""https://zsb.hfnu.edu.cn/info/1003/2715.htm""}"
FACTSRC-9de574dc-a828-5417-9d89-425e8ca586ce,enrollment_plans,PLAN-230b853d-796f-573c-a069-5fd3979a304f,SRC-HFNU-2025-ZC,primary_evidence,"{""asset_id"":""ASSET-HFNU-2025-ZC-PDF"",""page"":2,""row_key"":""财务管理"",""section"":""招生专业计划""}"
FACTSRC-f635b794-9f16-54b1-a80d-6c3858e9a259,enrollment_plans,PLAN-238036d0-f3d4-51a8-9e80-4580590d40b0,SRC-HFNU-2024-ZC,primary_evidence,"{""row_key"":""计算机科学与技术"",""section"":""招生专业计划"",""table"":1,""url"":""https://zsb.hfnu.edu.cn/info/1003/2715.htm""}"
FACTSRC-6b3459d5-e489-5474-baad-4b2156e33fe9,enrollment_plans,PLAN-289b2ff9-1379-5a6d-8b28-d1c021211df2,SRC-HFNU-2025-ZC,primary_evidence,"{""asset_id"":""ASSET-HFNU-2025-ZC-PDF"",""page"":1,""row_key"":""网络与新媒体"",""section"":""招生专业计划""}"
FACTSRC-d383a347-5f92-5d68-8332-4ad25761c132,enrollment_plans,PLAN-28a134d5-b107-5b44-b70c-c0687a315808,SRC-HFNU-2024-ZC,primary_evidence,"{""row_key"":""计算机科学与技术"",""section"":""招生专业计划"",""table"":1,""url"":""https://zsb.hfnu.edu.cn/info/1003/2715.htm""}"
FACTSRC-4de59a74-ed5d-5a7b-979b-b811e0b5d48e,enrollment_plans,PLAN-2953d2c2-e1cb-5b73-b563-47ecb9239b36,SRC-HFNU-2024-ZC,primary_evidence,"{""row_key"":""软件工程"",""section"":""招生专业计划"",""table"":1,""url"":""https://zsb.hfnu.edu.cn/info/1003/2715.htm""}"
FACTSRC-708729c6-d01e-57f9-8fc7-8cd837dc8a08,enrollment_plans,PLAN-2aaa74d4-f828-512f-a72d-0fda971959e8,SRC-HFNU-2026-ZC,primary_evidence,"{""asset_id"":""ASSET-HFNU-2026-ZC-PDF"",""page"":1,""row_key"":""学前教育"",""section"":""招生专业计划""}"
FACTSRC-9331a607-93e1-5d5a-8bdf-0a668887a570,enrollment_plans,PLAN-2b1b4a98-7e3f-582b-a807-a9a8e4252565,SRC-HFNU-2026-ZC,primary_evidence,"{""asset_id"":""ASSET-HFNU-2026-ZC-PDF"",""page"":1,""row_key"":""经济统计学"",""section"":""招生专业计划""}"
FACTSRC-4642829f-6d3b-5fdc-b7cd-abca1cd451d9,enrollment_plans,PLAN-2bb6ed85-f0cb-57a4-9f16-39a5331c9eaa,SRC-HFNU-2026-ZC,primary_evidence,"{""asset_id"":""ASSET-HFNU-2026-ZC-PDF"",""page"":1,""row_key"":""网络与新媒体"",""section"":""招生专业计划""}"
FACTSRC-84593d2a-36c4-5f3c-b9bb-22f0688702eb,enrollment_plans,PLAN-2d8861a9-951e-5c60-bcb1-c25dc389ad5c,SRC-HFNU-2026-ZC,primary_evidence,"{""asset_id"":""ASSET-HFNU-2026-ZC-PDF"",""page"":1,""row_key"":""运动康复"",""section"":""招生专业计划""}"
FACTSRC-1010be20-e8e9-50c4-a7f0-d75fda3bb05c,enrollment_plans,PLAN-2f2a3f85-49f5-5056-9a9c-6fa1f33caad7,SRC-HFNU-2026-ZC,primary_evidence,"{""asset_id"":""ASSET-HFNU-2026-ZC-PDF"",""page"":1,""row_key"":""运动康复"",""section"":""招生专业计划""}"
FACTSRC-f353384c-1723-5c48-a0da-b51115dfd522,enrollment_plans,PLAN-2f875141-1258-5d35-ad4c-0b314fd30c10,SRC-HFNU-2025-ZC,primary_evidence,"{""asset_id"":""ASSET-HFNU-2025-ZC-PDF"",""page"":1,""row_key"":""学前教育"",""section"":""招生专业计划""}"
FACTSRC-8416bf45-a29d-5103-9623-4c8fc79cd5a4,enrollment_plans,PLAN-301af6e3-5626-5094-a52a-52f841042295,SRC-HFNU-2025-ZC,primary_evidence,"{""asset_id"":""ASSET-HFNU-2025-ZC-PDF"",""page"":1,""row_key"":""服装与服饰设计"",""section"":""招生专业计划""}"
FACTSRC-de709c9e-2599-50b4-8249-8fa3466855f0,enrollment_plans,PLAN-312cf52c-6e49-5c0a-ab2c-492aec0f6d0a,SRC-HFNU-2024-ZC,primary_evidence,"{""row_key"":""互联网金融"",""section"":""招生专业计划"",""table"":1,""url"":""https://zsb.hfnu.edu.cn/info/1003/2715.htm""}"
FACTSRC-f9183071-8980-574c-aab8-1f79efa07465,enrollment_plans,PLAN-31ec4be5-580d-5684-90e0-68f731ac77e9,SRC-HFNU-2026-ZC,primary_evidence,"{""asset_id"":""ASSET-HFNU-2026-ZC-PDF"",""page"":2,""row_key"":""财务管理"",""section"":""招生专业计划""}"
FACTSRC-e6ec5e55-2380-5a39-8317-57d684e880f8,enrollment_plans,PLAN-31f4ce7d-5cec-57f8-9a86-77f21860b20f,SRC-HFNU-2024-ZC,primary_evidence,"{""row_key"":""经济统计学"",""section"":""招生专业计划"",""table"":1,""url"":""https://zsb.hfnu.edu.cn/info/1003/2715.htm""}"
FACTSRC-6d5779d2-6248-5af0-ac1a-0d93e6a856fc,enrollment_plans,PLAN-32840eca-c9e5-5172-9e09-4d0f65b3d8d3,SRC-HFNU-2025-ZC,primary_evidence,"{""asset_id"":""ASSET-HFNU-2025-ZC-PDF"",""page"":1,""row_key"":""商务英语"",""section"":""招生专业计划""}"
FACTSRC-90b2b879-b416-5753-98a6-bcaba7534604,enrollment_plans,PLAN-32cd8a6d-96f5-5764-b9a8-a9375bbc5d37,SRC-HFNU-2025-ZC,primary_evidence,"{""asset_id"":""ASSET-HFNU-2025-ZC-PDF"",""page"":1,""row_key"":""市场营销"",""section"":""招生专业计划""}"
FACTSRC-bca74be0-3925-53c1-9262-b0a6317d8982,enrollment_plans,PLAN-3364347c-811d-55d2-ab45-afccd3542206,SRC-HFNU-2025-ZC,primary_evidence,"{""asset_id"":""ASSET-HFNU-2025-ZC-PDF"",""page"":1,""row_key"":""新能源材料与器件"",""section"":""招生专业计划""}"
FACTSRC-c018c550-833d-5ed6-8a82-c8a25e3a04af,enrollment_plans,PLAN-33e97b3f-e6c6-5d0f-bf10-22c6d04e43ea,SRC-HFNU-2026-ZC,primary_evidence,"{""asset_id"":""ASSET-HFNU-2026-ZC-PDF"",""page"":2,""row_key"":""电气工程及其自动化"",""section"":""招生专业计划""}"
FACTSRC-5bb050cd-b34e-513b-bc6c-97760c0b4e2c,enrollment_plans,PLAN-34ae8512-f356-583c-979b-87a2aeb7f011,SRC-HFNU-2025-ZC,primary_evidence,"{""asset_id"":""ASSET-HFNU-2025-ZC-PDF"",""page"":1,""row_key"":""生物制药"",""section"":""招生专业计划""}"
FACTSRC-2a8a435e-4bcd-5133-981c-d013623464a3,enrollment_plans,PLAN-35480894-2e4e-51e9-bcfc-daf848a0f300,SRC-HFNU-2026-ZC,primary_evidence,"{""asset_id"":""ASSET-HFNU-2026-ZC-PDF"",""page"":1,""row_key"":""音乐学"",""section"":""招生专业计划""}"
FACTSRC-66915be5-2a95-5ec8-9d83-0b7838dcc54b,enrollment_plans,PLAN-3840e1e7-33ed-5932-b3b2-09ab3ea46ac0,SRC-HFNU-2025-ZC,primary_evidence,"{""asset_id"":""ASSET-HFNU-2025-ZC-PDF"",""page"":2,""row_key"":""计算机科学与技术"",""section"":""招生专业计划""}"
FACTSRC-06ec6ff8-bae4-508c-9cbe-f3dabccd712f,enrollment_plans,PLAN-38571285-ac37-5ece-ad4c-c0b3a0a49229,SRC-HFNU-2026-ZC,primary_evidence,"{""asset_id"":""ASSET-HFNU-2026-ZC-PDF"",""page"":1,""row_key"":""软件工程"",""section"":""招生专业计划""}"
FACTSRC-98c05c6e-abed-574f-9b21-dacd01e0a5c9,enrollment_plans,PLAN-3b33970b-a21e-5e90-a9c3-099a860f70da,SRC-HFNU-2026-ZC,primary_evidence,"{""asset_id"":""ASSET-HFNU-2026-ZC-PDF"",""page"":1,""row_key"":""软件工程"",""section"":""招生专业计划""}"
FACTSRC-32dc30c9-4a96-52bf-8b54-e07bd2a4b8da,enrollment_plans,PLAN-3b456202-13cb-5684-9e79-efcac39e9332,SRC-HFNU-2024-ZC,primary_evidence,"{""row_key"":""商务英语"",""section"":""招生专业计划"",""table"":1,""url"":""https://zsb.hfnu.edu.cn/info/1003/2715.htm""}"
FACTSRC-d4db1431-a3a5-5342-b512-c30ab68a8364,enrollment_plans,PLAN-3b46277a-bef2-5ebc-aac1-61b713d68319,SRC-HFNU-2024-ZC,primary_evidence,"{""row_key"":""计算机科学与技术"",""section"":""招生专业计划"",""table"":1,""url"":""https://zsb.hfnu.edu.cn/info/1003/2715.htm""}"
FACTSRC-62ffc89a-d24e-5018-943d-cfe521988cc8,enrollment_plans,PLAN-3b6a28fe-6882-58bf-94a1-373b473c2a1c,SRC-HFNU-2026-ZC,primary_evidence,"{""asset_id"":""ASSET-HFNU-2026-ZC-PDF"",""page"":2,""row_key"":""食品质量与安全"",""section"":""招生专业计划""}"
FACTSRC-85d25aa0-da4c-530e-a47c-0b8769537f52,enrollment_plans,PLAN-3c1078e9-c35d-588c-a70e-517bc014b363,SRC-HFNU-2024-ZC,primary_evidence,"{""row_key"":""计算机科学与技术"",""section"":""招生专业计划"",""table"":1,""url"":""https://zsb.hfnu.edu.cn/info/1003/2715.htm""}"
FACTSRC-22661649-be5c-5c9f-acae-26f63e6bf1e3,enrollment_plans,PLAN-3c8a2ed0-b99b-5d16-95c0-8fab2fe9bfae,SRC-HFNU-2026-ZC,primary_evidence,"{""asset_id"":""ASSET-HFNU-2026-ZC-PDF"",""page"":2,""row_key"":""电气工程及其自动化"",""section"":""招生专业计划""}"
FACTSRC-325de626-e68d-54e6-b4de-ccc73c328784,enrollment_plans,PLAN-3df17f2c-ccb3-56b8-b7c6-fa4a2fe81dd1,SRC-HFNU-2024-ZC,primary_evidence,"{""row_key"":""制药工程"",""section"":""招生专业计划"",""table"":1,""url"":""https://zsb.hfnu.edu.cn/info/1003/2715.htm""}"
FACTSRC-cab47537-b431-5ac2-a044-a7c23505ec5e,enrollment_plans,PLAN-3f8ecf4b-a3a0-5ea6-87df-7c172ef2c26e,SRC-HFNU-2024-ZC,primary_evidence,"{""row_key"":""计算机科学与技术"",""section"":""招生专业计划"",""table"":1,""url"":""https://zsb.hfnu.edu.cn/info/1003/2715.htm""}"
FACTSRC-6836b43b-83ec-50d6-8317-06374f951f91,enrollment_plans,PLAN-4192e1ad-d689-5188-a3f2-6caa0886a290,SRC-HFNU-2024-ZC,primary_evidence,"{""row_key"":""学前教育"",""section"":""招生专业计划"",""table"":1,""url"":""https://zsb.hfnu.edu.cn/info/1003/2715.htm""}"
FACTSRC-cf9d210c-5214-5d9e-a497-9961f4f9090b,enrollment_plans,PLAN-41997ee2-9574-58b0-ad8d-672e96960a63,SRC-HFNU-2025-ZC,primary_evidence,"{""asset_id"":""ASSET-HFNU-2025-ZC-PDF"",""page"":2,""row_key"":""食品质量与安全"",""section"":""招生专业计划""}"
FACTSRC-01cc0cf4-8c70-5108-9938-808d54964dca,enrollment_plans,PLAN-41adcb45-961b-5ce9-a477-42f118f08398,SRC-HFNU-2024-ZC,primary_evidence,"{""row_key"":""数据科学与大数据技术"",""section"":""招生专业计划"",""table"":1,""url"":""https://zsb.hfnu.edu.cn/info/1003/2715.htm""}"
FACTSRC-d099a52a-5fa9-5414-bf6f-272b2aa83f1d,enrollment_plans,PLAN-41cecb8c-d01d-5ba8-821e-352d42e4bdb4,SRC-HFNU-2026-ZC,primary_evidence,"{""asset_id"":""ASSET-HFNU-2026-ZC-PDF"",""page"":2,""row_key"":""计算机科学与技术"",""section"":""招生专业计划""}"
FACTSRC-d2d311a7-d5a5-53cc-a74f-19c420f46d21,enrollment_plans,PLAN-4359dfad-b10f-5067-b91a-a561d4a144a1,SRC-HFNU-2025-ZC,primary_evidence,"{""asset_id"":""ASSET-HFNU-2025-ZC-PDF"",""page"":1,""row_key"":""生物制药"",""section"":""招生专业计划""}"
FACTSRC-7c6b7b23-e1d0-5f82-ba80-991b796a8700,enrollment_plans,PLAN-43c609f2-64a5-5a53-babb-91c3c78a7ab2,SRC-HFNU-2026-ZC,primary_evidence,"{""asset_id"":""ASSET-HFNU-2026-ZC-PDF"",""page"":2,""row_key"":""食品质量与安全"",""section"":""招生专业计划""}"
FACTSRC-448956ad-1f4e-5099-bd59-fa7006792244,enrollment_plans,PLAN-4449798a-02f9-5f8d-a20f-c1c877257354,SRC-HFNU-2025-ZC,primary_evidence,"{""asset_id"":""ASSET-HFNU-2025-ZC-PDF"",""page"":2,""row_key"":""计算机科学与技术"",""section"":""招生专业计划""}"
FACTSRC-58c2e92d-374b-5b35-ad1a-71f57f7f932f,enrollment_plans,PLAN-44a7adb6-5b32-52ba-9ba9-2e0728d4cfcc,SRC-HFNU-2024-ZC,primary_evidence,"{""row_key"":""小学教育"",""section"":""招生专业计划"",""table"":1,""url"":""https://zsb.hfnu.edu.cn/info/1003/2715.htm""}"
FACTSRC-a206d438-ad3f-5940-9609-9aa6e9d6addb,enrollment_plans,PLAN-45d5887f-028a-5a53-a289-a22d4dede8f4,SRC-HFNU-2024-ZC,primary_evidence,"{""row_key"":""软件工程"",""section"":""招生专业计划"",""table"":1,""url"":""https://zsb.hfnu.edu.cn/info/1003/2715.htm""}"
FACTSRC-5e0c8013-5f08-55a8-8b78-c60813b2c4d2,enrollment_plans,PLAN-4630fc78-99ca-5dee-a21d-5f9c718cc3e8,SRC-HFNU-2024-ZC,primary_evidence,"{""row_key"":""计算机科学与技术"",""section"":""招生专业计划"",""table"":1,""url"":""https://zsb.hfnu.edu.cn/info/1003/2715.htm""}"
FACTSRC-0dfb2111-4032-55e2-89f1-4de6d63ddd41,enrollment_plans,PLAN-47af7652-a98a-554b-b2fa-fdd44beba0b4,SRC-HFNU-2025-ZC,primary_evidence,"{""asset_id"":""ASSET-HFNU-2025-ZC-PDF"",""page"":1,""row_key"":""商务英语"",""section"":""招生专业计划""}"
FACTSRC-6207dd33-46ae-569e-b2d7-067ce177b2f2,enrollment_plans,PLAN-48520331-7070-5a8f-8c0c-2baf555b5d45,SRC-HFNU-2026-ZC,primary_evidence,"{""asset_id"":""ASSET-HFNU-2026-ZC-PDF"",""page"":1,""row_key"":""新能源材料与器件"",""section"":""招生专业计划""}"
FACTSRC-d7489a96-71aa-5000-989e-d90d059c0905,enrollment_plans,PLAN-48556f2a-ce9f-59a0-b9ad-dd85dabc7a3e,SRC-HFNU-2026-ZC,primary_evidence,"{""asset_id"":""ASSET-HFNU-2026-ZC-PDF"",""page"":1,""row_key"":""商务英语"",""section"":""招生专业计划""}"
FACTSRC-5d0dd362-5c30-5e32-8ad3-862b220db234,enrollment_plans,PLAN-4c19ef61-eb84-5086-ab6a-a0e8c35b214b,SRC-HFNU-2024-ZC,primary_evidence,"{""row_key"":""新能源材料与器件"",""section"":""招生专业计划"",""table"":1,""url"":""https://zsb.hfnu.edu.cn/info/1003/2715.htm""}"
FACTSRC-e8710661-4750-510b-81b6-225d6a8932a6,enrollment_plans,PLAN-4e0a927a-7136-5715-b0c7-8a2ba6e25546,SRC-HFNU-2024-ZC,primary_evidence,"{""row_key"":""服装与服饰设计"",""section"":""招生专业计划"",""table"":1,""url"":""https://zsb.hfnu.edu.cn/info/1003/2715.htm""}"
FACTSRC-5204a665-47e6-5ec8-9200-2af92a365a67,enrollment_plans,PLAN-4f898ca1-0632-55d7-8af6-b38fce6d08ad,SRC-HFNU-2025-ZC,primary_evidence,"{""asset_id"":""ASSET-HFNU-2025-ZC-PDF"",""page"":2,""row_key"":""制药工程"",""section"":""招生专业计划""}"
FACTSRC-520d15be-7e03-5a43-8fbb-7e07a6649cdf,enrollment_plans,PLAN-5132d517-72ca-5e42-b50e-3604ff5fa26c,SRC-HFNU-2026-ZC,primary_evidence,"{""asset_id"":""ASSET-HFNU-2026-ZC-PDF"",""page"":2,""row_key"":""财务管理"",""section"":""招生专业计划""}"
FACTSRC-8ec09d7e-473c-53e0-8af6-cdec40ac4c96,enrollment_plans,PLAN-533d66e8-723a-5cfa-b17a-8680c3077e3b,SRC-HFNU-2025-ZC,primary_evidence,"{""asset_id"":""ASSET-HFNU-2025-ZC-PDF"",""page"":1,""row_key"":""药物制剂"",""section"":""招生专业计划""}"
FACTSRC-2efbac6c-99cd-5089-8b85-8d8a3b7a4a0f,enrollment_plans,PLAN-533fb620-262b-565b-b8cc-684ff45dd7ff,SRC-HFNU-2025-ZC,primary_evidence,"{""asset_id"":""ASSET-HFNU-2025-ZC-PDF"",""page"":2,""row_key"":""网络工程"",""section"":""招生专业计划""}"
FACTSRC-7732bd78-1e60-583e-8480-769c321578a6,enrollment_plans,PLAN-5401652a-47c2-5291-a501-0a2bb81ad450,SRC-HFNU-2024-ZC,primary_evidence,"{""row_key"":""网络与新媒体"",""section"":""招生专业计划"",""table"":1,""url"":""https://zsb.hfnu.edu.cn/info/1003/2715.htm""}"
FACTSRC-9d4619b4-5c39-52c5-88a0-117e748faf38,enrollment_plans,PLAN-543634fe-de93-5e7e-9e81-b67a835b2390,SRC-HFNU-2025-ZC,primary_evidence,"{""asset_id"":""ASSET-HFNU-2025-ZC-PDF"",""page"":1,""row_key"":""软件工程"",""section"":""招生专业计划""}"
FACTSRC-718846e7-5c99-532c-a4dc-8cb2e3df535b,enrollment_plans,PLAN-54646ea2-6f26-5b19-bce3-80244c184656,SRC-HFNU-2026-ZC,primary_evidence,"{""asset_id"":""ASSET-HFNU-2026-ZC-PDF"",""page"":1,""row_key"":""商务英语"",""section"":""招生专业计划""}"
FACTSRC-3c4e52da-e088-5d52-8f16-1d40d68028ab,enrollment_plans,PLAN-54b22e37-020a-5e39-a863-ff90eda8b5bb,SRC-HFNU-2025-ZC,primary_evidence,"{""asset_id"":""ASSET-HFNU-2025-ZC-PDF"",""page"":1,""row_key"":""商务英语"",""section"":""招生专业计划""}"
FACTSRC-dfa88e0a-a140-557b-a76f-9dc3c71d2ced,enrollment_plans,PLAN-555f9cee-4767-5a39-92b7-521ce61f2917,SRC-HFNU-2025-ZC,primary_evidence,"{""asset_id"":""ASSET-HFNU-2025-ZC-PDF"",""page"":2,""row_key"":""网络工程"",""section"":""招生专业计划""}"
FACTSRC-04bae334-ee33-5452-8add-73f4385475ca,enrollment_plans,PLAN-55635815-72bd-5496-ac22-fb6af9a650a0,SRC-HFNU-2024-ZC,primary_evidence,"{""row_key"":""学前教育"",""section"":""招生专业计划"",""table"":1,""url"":""https://zsb.hfnu.edu.cn/info/1003/2715.htm""}"
FACTSRC-12f322f1-61b5-5e20-b9c5-b2c8c9efea76,enrollment_plans,PLAN-55e38472-da9c-5877-87d7-1365e9259c19,SRC-HFNU-2025-ZC,primary_evidence,"{""asset_id"":""ASSET-HFNU-2025-ZC-PDF"",""page"":1,""row_key"":""通信工程"",""section"":""招生专业计划""}"
FACTSRC-ac784646-59ba-5c3c-b48b-a1222e8ae626,enrollment_plans,PLAN-55ee1b1c-3f07-5339-a8c4-0d3a8792e6bd,SRC-HFNU-2026-ZC,primary_evidence,"{""asset_id"":""ASSET-HFNU-2026-ZC-PDF"",""page"":1,""row_key"":""互联网金融"",""section"":""招生专业计划""}"
FACTSRC-23e4fe85-abe2-5e68-8bde-ad7f914a8baa,enrollment_plans,PLAN-566c7f68-b90c-5c24-85d7-c8673e7ed168,SRC-HFNU-2024-ZC,primary_evidence,"{""row_key"":""商务英语"",""section"":""招生专业计划"",""table"":1,""url"":""https://zsb.hfnu.edu.cn/info/1003/2715.htm""}"
FACTSRC-6bf42f09-d469-5829-af75-72c3df94512d,enrollment_plans,PLAN-56b61e8c-893f-5eb3-a5f4-133e5b56189c,SRC-HFNU-2025-ZC,primary_evidence,"{""asset_id"":""ASSET-HFNU-2025-ZC-PDF"",""page"":1,""row_key"":""软件工程"",""section"":""招生专业计划""}"
FACTSRC-233a1b8f-17f1-5152-92b3-bfd081275297,enrollment_plans,PLAN-57040205-3165-5334-a751-11617a23b772,SRC-HFNU-2024-ZC,primary_evidence,"{""row_key"":""材料科学与工程"",""section"":""招生专业计划"",""table"":1,""url"":""https://zsb.hfnu.edu.cn/info/1003/2715.htm""}"
FACTSRC-7a646a8e-368f-5d19-9a86-3fe441e909ca,enrollment_plans,PLAN-576ad6b8-c14c-544e-9413-a2827229b2c8,SRC-HFNU-2026-ZC,primary_evidence,"{""asset_id"":""ASSET-HFNU-2026-ZC-PDF"",""page"":2,""row_key"":""财务管理"",""section"":""招生专业计划""}"
FACTSRC-da8b5d50-45ab-5ca2-bb8e-fda3c5e718e1,enrollment_plans,PLAN-57b8e37e-34c7-5bc2-a9f0-35c1a943a46e,SRC-HFNU-2025-ZC,primary_evidence,"{""asset_id"":""ASSET-HFNU-2025-ZC-PDF"",""page"":1,""row_key"":""软件工程"",""section"":""招生专业计划""}"
FACTSRC-60f7eeaa-722e-535c-8972-4d249db37d35,enrollment_plans,PLAN-582cae72-7d84-54ff-8ae8-958b0f7c304a,SRC-HFNU-2025-ZC,primary_evidence,"{""asset_id"":""ASSET-HFNU-2025-ZC-PDF"",""page"":1,""row_key"":""药物制剂"",""section"":""招生专业计划""}"
FACTSRC-a15ef935-7165-5e58-8ee4-a11ebfa05187,enrollment_plans,PLAN-582fcacc-15c1-5196-8c1f-228daea36e5d,SRC-HFNU-2024-ZC,primary_evidence,"{""row_key"":""人力资源管理"",""section"":""招生专业计划"",""table"":1,""url"":""https://zsb.hfnu.edu.cn/info/1003/2715.htm""}"
FACTSRC-8aeb1864-1630-50d5-b58c-02a5cdf76d03,enrollment_plans,PLAN-58e94a95-6dfb-591a-92e0-a664a30cc331,SRC-HFNU-2025-ZC,primary_evidence,"{""asset_id"":""ASSET-HFNU-2025-ZC-PDF"",""page"":1,""row_key"":""互联网金融"",""section"":""招生专业计划""}"
FACTSRC-e1b48932-6ef9-5c6a-b7d9-a8256aec5f8d,enrollment_plans,PLAN-5b208390-5799-5b8d-b2c9-f39b5e604a68,SRC-HFNU-2024-ZC,primary_evidence,"{""row_key"":""互联网金融"",""section"":""招生专业计划"",""table"":1,""url"":""https://zsb.hfnu.edu.cn/info/1003/2715.htm""}"
FACTSRC-977fe0c1-1d10-5956-a8d6-2ba994d0bbe3,enrollment_plans,PLAN-5e5d9d32-0946-5ba5-8fcf-c230921fea52,SRC-HFNU-2024-ZC,primary_evidence,"{""row_key"":""通信工程"",""section"":""招生专业计划"",""table"":1,""url"":""https://zsb.hfnu.edu.cn/info/1003/2715.htm""}"
FACTSRC-2e2c6d38-732b-5b61-aa47-730351d29f7f,enrollment_plans,PLAN-5edf8b18-6610-5510-8b36-6cde903b1878,SRC-HFNU-2024-ZC,primary_evidence,"{""row_key"":""动画"",""section"":""招生专业计划"",""table"":1,""url"":""https://zsb.hfnu.edu.cn/info/1003/2715.htm""}"
FACTSRC-60d84a0e-ce31-51f1-8820-9d6ed95083f1,enrollment_plans,PLAN-5ef9cedc-2e35-53cf-9eea-fde92ffbff8b,SRC-HFNU-2024-ZC,primary_evidence,"{""row_key"":""视觉传达设计"",""section"":""招生专业计划"",""table"":1,""url"":""https://zsb.hfnu.edu.cn/info/1003/2715.htm""}"
FACTSRC-e8b71dbe-f59b-5571-8944-749f422886b3,enrollment_plans,PLAN-600fa2bc-c013-52a4-9ddb-777fe41e3ff3,SRC-HFNU-2026-ZC,primary_evidence,"{""asset_id"":""ASSET-HFNU-2026-ZC-PDF"",""page"":1,""row_key"":""软件工程"",""section"":""招生专业计划""}"
FACTSRC-51db8280-d2a7-5fca-b3cf-84c255127d64,enrollment_plans,PLAN-6096b909-0d73-5ef4-9206-61a9402c0bd0,SRC-HFNU-2025-ZC,primary_evidence,"{""asset_id"":""ASSET-HFNU-2025-ZC-PDF"",""page"":1,""row_key"":""动画"",""section"":""招生专业计划""}"
FACTSRC-f0900184-a087-50ba-85a8-7b6f6e4c6e0f,enrollment_plans,PLAN-60d82025-141b-5544-97f8-e4c1b5471692,SRC-HFNU-2025-ZC,primary_evidence,"{""asset_id"":""ASSET-HFNU-2025-ZC-PDF"",""page"":1,""row_key"":""人力资源管理"",""section"":""招生专业计划""}"
FACTSRC-50b81cfb-e84f-564d-bf7d-fd748ba5b295,enrollment_plans,PLAN-622decc1-e19d-597d-af6c-2b678290f5ef,SRC-HFNU-2025-ZC,primary_evidence,"{""asset_id"":""ASSET-HFNU-2025-ZC-PDF"",""page"":1,""row_key"":""动画"",""section"":""招生专业计划""}"
FACTSRC-2ed75f9b-e501-5c7a-beb9-0731f11b30b6,enrollment_plans,PLAN-62d2a127-bfe2-5e40-9092-cdc1be29f936,SRC-HFNU-2025-ZC,primary_evidence,"{""asset_id"":""ASSET-HFNU-2025-ZC-PDF"",""page"":1,""row_key"":""服装与服饰设计"",""section"":""招生专业计划""}"
FACTSRC-7c8926d0-b7d5-5e0a-9707-12ee4007de1e,enrollment_plans,PLAN-638a8777-27a1-58be-90b5-3f36a33ef2bb,SRC-HFNU-2025-ZC,primary_evidence,"{""asset_id"":""ASSET-HFNU-2025-ZC-PDF"",""page"":1,""row_key"":""通信工程"",""section"":""招生专业计划""}"
FACTSRC-a48fcb00-17c8-57ef-8405-13c751c1b187,enrollment_plans,PLAN-643127db-a100-5dd0-838f-575911ff8224,SRC-HFNU-2025-ZC,primary_evidence,"{""asset_id"":""ASSET-HFNU-2025-ZC-PDF"",""page"":1,""row_key"":""生物制药"",""section"":""招生专业计划""}"
FACTSRC-58adb2c7-8e04-54ac-b08f-c700c317be1a,enrollment_plans,PLAN-65970b1a-5065-551b-a9ad-150604ca50b3,SRC-HFNU-2025-ZC,primary_evidence,"{""asset_id"":""ASSET-HFNU-2025-ZC-PDF"",""page"":2,""row_key"":""小学教育"",""section"":""招生专业计划""}"
FACTSRC-e329bc8e-a822-599a-a478-adece8fcadd2,enrollment_plans,PLAN-65b529f3-2329-5fd8-a961-db21bcb3c62f,SRC-HFNU-2025-ZC,primary_evidence,"{""asset_id"":""ASSET-HFNU-2025-ZC-PDF"",""page"":2,""row_key"":""环境设计"",""section"":""招生专业计划""}"
FACTSRC-227ceea3-163a-5846-95c1-95c0aefe5d7a,enrollment_plans,PLAN-65c97921-c186-5c4c-8aaf-66a215f45a48,SRC-HFNU-2024-ZC,primary_evidence,"{""row_key"":""材料科学与工程"",""section"":""招生专业计划"",""table"":1,""url"":""https://zsb.hfnu.edu.cn/info/1003/2715.htm""}"
FACTSRC-ea31181e-423c-56d1-a149-1308831bc771,enrollment_plans,PLAN-65e7bbef-d47d-54bf-9403-24560001dd5e,SRC-HFNU-2025-ZC,primary_evidence,"{""asset_id"":""ASSET-HFNU-2025-ZC-PDF"",""page"":2,""row_key"":""制药工程"",""section"":""招生专业计划""}"
FACTSRC-d680419c-2d52-55fb-a017-71247528b49e,enrollment_plans,PLAN-665694de-dd15-5106-bf7c-dd597e713708,SRC-HFNU-2025-ZC,primary_evidence,"{""asset_id"":""ASSET-HFNU-2025-ZC-PDF"",""page"":1,""row_key"":""网络与新媒体"",""section"":""招生专业计划""}"
FACTSRC-cd54ab24-2cad-56d1-b3b9-8505ddf9624a,enrollment_plans,PLAN-6a063d32-8d64-5296-8f47-ea38723d052b,SRC-HFNU-2025-ZC,primary_evidence,"{""asset_id"":""ASSET-HFNU-2025-ZC-PDF"",""page"":2,""row_key"":""网络工程"",""section"":""招生专业计划""}"
FACTSRC-fc627415-656c-57c5-8584-f5e1a1299955,enrollment_plans,PLAN-6a5378ab-ebb5-5348-891d-869c8f1695f6,SRC-HFNU-2024-ZC,primary_evidence,"{""row_key"":""电气工程及其自动化"",""section"":""招生专业计划"",""table"":1,""url"":""https://zsb.hfnu.edu.cn/info/1003/2715.htm""}"
FACTSRC-a36cc462-635f-5afe-931e-839105f4d30a,enrollment_plans,PLAN-6a96c1d3-39b3-5f8f-8a2d-a0f1d2c2cbdb,SRC-HFNU-2026-ZC,primary_evidence,"{""asset_id"":""ASSET-HFNU-2026-ZC-PDF"",""page"":1,""row_key"":""新能源材料与器件"",""section"":""招生专业计划""}"
FACTSRC-ec63c4f6-85a3-599b-bc5e-26ab6703ec70,enrollment_plans,PLAN-6bbb3ae3-ccff-5108-a182-8cd52a46c9e1,SRC-HFNU-2025-ZC,primary_evidence,"{""asset_id"":""ASSET-HFNU-2025-ZC-PDF"",""page"":1,""row_key"":""数据科学与大数据技术"",""section"":""招生专业计划""}"
FACTSRC-1b6297cc-7d7c-58ec-ad65-d9d737013115,enrollment_plans,PLAN-6ce99b33-8f0f-52c9-9c51-aca4cc51df7f,SRC-HFNU-2024-ZC,primary_evidence,"{""row_key"":""环境设计"",""section"":""招生专业计划"",""table"":1,""url"":""https://zsb.hfnu.edu.cn/info/1003/2715.htm""}"
FACTSRC-7f5cbc9a-9d3e-5f6f-b58e-d19e6bca55dc,enrollment_plans,PLAN-6e112e70-d6ba-5336-b213-bad174439514,SRC-HFNU-2026-ZC,primary_evidence,"{""asset_id"":""ASSET-HFNU-2026-ZC-PDF"",""page"":1,""row_key"":""视觉传达设计"",""section"":""招生专业计划""}"
FACTSRC-3c2b9888-87d9-573c-8e4a-3f1798e675b5,enrollment_plans,PLAN-6e1bc0a7-91db-5d8d-bfc5-fa8f54688a9e,SRC-HFNU-2025-ZC,primary_evidence,"{""asset_id"":""ASSET-HFNU-2025-ZC-PDF"",""page"":2,""row_key"":""食品质量与安全"",""section"":""招生专业计划""}"
FACTSRC-881c7471-a914-56a3-bc4a-11ecee30d20a,enrollment_plans,PLAN-6ebecaef-811a-5668-b5ae-b602ee193e29,SRC-HFNU-2024-ZC,primary_evidence,"{""row_key"":""电气工程及其自动化"",""section"":""招生专业计划"",""table"":1,""url"":""https://zsb.hfnu.edu.cn/info/1003/2715.htm""}"
FACTSRC-fbcc3d3b-d2f9-535d-9e55-12abfb2bd347,enrollment_plans,PLAN-713b2711-537e-5337-924d-6b46bec723fe,SRC-HFNU-2024-ZC,primary_evidence,"{""row_key"":""网络与新媒体"",""section"":""招生专业计划"",""table"":1,""url"":""https://zsb.hfnu.edu.cn/info/1003/2715.htm""}"
FACTSRC-dd8d6e50-5f4d-5419-b22d-acbd594a7097,enrollment_plans,PLAN-713d0fd0-7f1d-5355-a4ed-e4287f59f80d,SRC-HFNU-2025-ZC,primary_evidence,"{""asset_id"":""ASSET-HFNU-2025-ZC-PDF"",""page"":1,""row_key"":""化学工程与工艺"",""section"":""招生专业计划""}"
FACTSRC-27e4ffdb-dcfd-5428-ae27-b1113f49960a,enrollment_plans,PLAN-71c1853d-7fa2-5676-8620-a0aae8cb321d,SRC-HFNU-2025-ZC,primary_evidence,"{""asset_id"":""ASSET-HFNU-2025-ZC-PDF"",""page"":1,""row_key"":""学前教育"",""section"":""招生专业计划""}"
FACTSRC-7070b5a8-7626-5386-a568-82b1846b3794,enrollment_plans,PLAN-71f54110-de2e-5169-8fb2-3178273f973f,SRC-HFNU-2025-ZC,primary_evidence,"{""asset_id"":""ASSET-HFNU-2025-ZC-PDF"",""page"":2,""row_key"":""计算机科学与技术"",""section"":""招生专业计划""}"
FACTSRC-666d05e2-63bb-57ed-9e98-10ea4b5c4f54,enrollment_plans,PLAN-743b66eb-1696-583d-adaf-eda6fc9054f6,SRC-HFNU-2025-ZC,primary_evidence,"{""asset_id"":""ASSET-HFNU-2025-ZC-PDF"",""page"":2,""row_key"":""小学教育"",""section"":""招生专业计划""}"
FACTSRC-bf54c979-11dc-5bed-a5d3-1d9b9c08995c,enrollment_plans,PLAN-747dc3d1-f9ba-5775-9128-4000dd3a770d,SRC-HFNU-2026-ZC,primary_evidence,"{""asset_id"":""ASSET-HFNU-2026-ZC-PDF"",""page"":1,""row_key"":""视觉传达设计"",""section"":""招生专业计划""}"
FACTSRC-565ae509-eee2-5454-9a75-04ffb800e3d2,enrollment_plans,PLAN-75859690-396d-5189-a9fd-7f4a0a0197ed,SRC-HFNU-2025-ZC,primary_evidence,"{""asset_id"":""ASSET-HFNU-2025-ZC-PDF"",""page"":2,""row_key"":""网络工程"",""section"":""招生专业计划""}"
FACTSRC-de3a1cd8-d5f4-5382-ae91-afbbcd57f3f3,enrollment_plans,PLAN-76a3fc0d-a709-5c44-bdae-fefa39ba1787,SRC-HFNU-2025-ZC,primary_evidence,"{""asset_id"":""ASSET-HFNU-2025-ZC-PDF"",""page"":2,""row_key"":""网络工程"",""section"":""招生专业计划""}"
FACTSRC-914b32c6-54dc-52fe-9403-828dfbe43a74,enrollment_plans,PLAN-76c01b3e-75a4-5dfa-a94b-a415ba4284ca,SRC-HFNU-2025-ZC,primary_evidence,"{""asset_id"":""ASSET-HFNU-2025-ZC-PDF"",""page"":2,""row_key"":""制药工程"",""section"":""招生专业计划""}"
FACTSRC-2e7e85c6-0f17-5ce0-ba0f-8f69d81999d1,enrollment_plans,PLAN-76ce1446-2913-564b-bb59-e103c4dc1b90,SRC-HFNU-2026-ZC,primary_evidence,"{""asset_id"":""ASSET-HFNU-2026-ZC-PDF"",""page"":1,""row_key"":""生物制药"",""section"":""招生专业计划""}"
FACTSRC-5647cb9e-1b81-50f6-8463-aa7a83a67784,enrollment_plans,PLAN-76e466d0-67a7-5185-80c6-90d8e204f6ed,SRC-HFNU-2024-ZC,primary_evidence,"{""row_key"":""市场营销"",""section"":""招生专业计划"",""table"":1,""url"":""https://zsb.hfnu.edu.cn/info/1003/2715.htm""}"
FACTSRC-b7befe8e-44e5-5991-8688-2de677c96ab5,enrollment_plans,PLAN-77ac19fb-74fb-5366-8705-1e4c50df94cd,SRC-HFNU-2025-ZC,primary_evidence,"{""asset_id"":""ASSET-HFNU-2025-ZC-PDF"",""page"":1,""row_key"":""人力资源管理"",""section"":""招生专业计划""}"
FACTSRC-6fe1d7e0-c6bc-556b-ad22-c2ca12c345b3,enrollment_plans,PLAN-78091518-cc98-5b06-bf45-d257dc7b757b,SRC-HFNU-2026-ZC,primary_evidence,"{""asset_id"":""ASSET-HFNU-2026-ZC-PDF"",""page"":2,""row_key"":""小学教育"",""section"":""招生专业计划""}"
FACTSRC-39b1b40a-6464-5102-adbc-f81fa6d2091d,enrollment_plans,PLAN-78dbaf03-3d00-57d9-b0b6-d04857b7efa7,SRC-HFNU-2025-ZC,primary_evidence,"{""asset_id"":""ASSET-HFNU-2025-ZC-PDF"",""page"":1,""row_key"":""化学工程与工艺"",""section"":""招生专业计划""}"
FACTSRC-f9393dc3-a712-5f65-af24-54c170b99915,enrollment_plans,PLAN-78ed5335-2945-567e-b974-3d859c741467,SRC-HFNU-2024-ZC,primary_evidence,"{""row_key"":""新能源材料与器件"",""section"":""招生专业计划"",""table"":1,""url"":""https://zsb.hfnu.edu.cn/info/1003/2715.htm""}"
FACTSRC-12ba0c4e-566a-5250-bf66-e20b5cc4a706,enrollment_plans,PLAN-791952ed-5f46-58f0-88e0-26a31e61df57,SRC-HFNU-2024-ZC,primary_evidence,"{""row_key"":""化学工程与工艺"",""section"":""招生专业计划"",""table"":1,""url"":""https://zsb.hfnu.edu.cn/info/1003/2715.htm""}"
FACTSRC-1b5abf58-b2f6-5a7d-bb33-58527cbd766c,enrollment_plans,PLAN-79b229d3-46ce-5b57-a5f7-60b77ca789d6,SRC-HFNU-2024-ZC,primary_evidence,"{""row_key"":""制药工程"",""section"":""招生专业计划"",""table"":1,""url"":""https://zsb.hfnu.edu.cn/info/1003/2715.htm""}"
FACTSRC-ed66782b-0b04-57b4-9f8d-59c93dbd3b9c,enrollment_plans,PLAN-7a453a32-c3ea-5841-8c53-23771a616f57,SRC-HFNU-2024-ZC,primary_evidence,"{""row_key"":""计算机科学与技术"",""section"":""招生专业计划"",""table"":1,""url"":""https://zsb.hfnu.edu.cn/info/1003/2715.htm""}"
FACTSRC-915c4535-c4ff-5546-9964-2d57e5303a67,enrollment_plans,PLAN-7b3290c3-03ae-57c9-a64d-605aeb7b423a,SRC-HFNU-2025-ZC,primary_evidence,"{""asset_id"":""ASSET-HFNU-2025-ZC-PDF"",""page"":1,""row_key"":""商务英语"",""section"":""招生专业计划""}"
FACTSRC-5301151f-af44-5d47-9152-729ec80391ad,enrollment_plans,PLAN-7b6b1d1b-0fd1-5945-92be-27af453bfb10,SRC-HFNU-2024-ZC,primary_evidence,"{""row_key"":""运动康复"",""section"":""招生专业计划"",""table"":1,""url"":""https://zsb.hfnu.edu.cn/info/1003/2715.htm""}"
FACTSRC-e48ab69d-87a2-5ac6-8bb7-bb1dbe65fb8a,enrollment_plans,PLAN-7d67ff44-27f0-51a6-9e67-8f27393ae7c2,SRC-HFNU-2024-ZC,primary_evidence,"{""row_key"":""生物制药"",""section"":""招生专业计划"",""table"":1,""url"":""https://zsb.hfnu.edu.cn/info/1003/2715.htm""}"
FACTSRC-59c98273-cdee-5c98-bab7-d69dbcd59252,enrollment_plans,PLAN-7dd7f37c-eb44-54a3-a6fc-2a09b47ee5c2,SRC-HFNU-2024-ZC,primary_evidence,"{""row_key"":""环境设计"",""section"":""招生专业计划"",""table"":1,""url"":""https://zsb.hfnu.edu.cn/info/1003/2715.htm""}"
FACTSRC-b68b2fd4-42d3-5585-bdec-ec0e612bbb40,enrollment_plans,PLAN-7f2b2332-31b3-5e9c-bf56-2e9342d44323,SRC-HFNU-2025-ZC,primary_evidence,"{""asset_id"":""ASSET-HFNU-2025-ZC-PDF"",""page"":1,""row_key"":""电子信息工程"",""section"":""招生专业计划""}"
FACTSRC-1657ca06-8138-5e4f-9754-853917c90aac,enrollment_plans,PLAN-805032cf-fe8f-526a-ba8b-ca9d78581ab3,SRC-HFNU-2025-ZC,primary_evidence,"{""asset_id"":""ASSET-HFNU-2025-ZC-PDF"",""page"":1,""row_key"":""网络与新媒体"",""section"":""招生专业计划""}"
FACTSRC-c8678901-4948-5b1c-9b54-102808ffc416,enrollment_plans,PLAN-82108aab-f9c4-532e-bb61-ed6adcc1de40,SRC-HFNU-2025-ZC,primary_evidence,"{""asset_id"":""ASSET-HFNU-2025-ZC-PDF"",""page"":2,""row_key"":""电气工程及其自动化"",""section"":""招生专业计划""}"
FACTSRC-43a2f8ae-12cd-58b4-9b21-32b14d6b4e50,enrollment_plans,PLAN-829d64c1-49b4-5142-8f08-1961e6e5e7ee,SRC-HFNU-2024-ZC,primary_evidence,"{""row_key"":""服装与服饰设计"",""section"":""招生专业计划"",""table"":1,""url"":""https://zsb.hfnu.edu.cn/info/1003/2715.htm""}"
FACTSRC-ef0c10be-7bf0-5c9e-b605-6b011a22d3a7,enrollment_plans,PLAN-82f59fc6-bbf0-5c4f-975f-98d6771c07df,SRC-HFNU-2026-ZC,primary_evidence,"{""asset_id"":""ASSET-HFNU-2026-ZC-PDF"",""page"":1,""row_key"":""市场营销"",""section"":""招生专业计划""}"
FACTSRC-a61b9190-3cbd-59b8-8f43-98e3cb600349,enrollment_plans,PLAN-83d3c25e-edf4-5411-8bce-2ef95b1ba246,SRC-HFNU-2025-ZC,primary_evidence,"{""asset_id"":""ASSET-HFNU-2025-ZC-PDF"",""page"":1,""row_key"":""数据科学与大数据技术"",""section"":""招生专业计划""}"
FACTSRC-e4c8bfed-ee51-513c-8db0-df2badd93fcc,enrollment_plans,PLAN-849c1285-bb0c-56d8-8b54-65efdf2e3456,SRC-HFNU-2026-ZC,primary_evidence,"{""asset_id"":""ASSET-HFNU-2026-ZC-PDF"",""page"":1,""row_key"":""商务英语"",""section"":""招生专业计划""}"
FACTSRC-de629f99-daa8-59c6-813b-38d905aed679,enrollment_plans,PLAN-86e63407-e5fc-5148-b159-ea6d662c5ed0,SRC-HFNU-2024-ZC,primary_evidence,"{""row_key"":""材料科学与工程"",""section"":""招生专业计划"",""table"":1,""url"":""https://zsb.hfnu.edu.cn/info/1003/2715.htm""}"
FACTSRC-9b3fa463-bcb1-5949-a569-7cca3727e6e0,enrollment_plans,PLAN-87747bac-0395-50de-8467-288df358b71d,SRC-HFNU-2025-ZC,primary_evidence,"{""asset_id"":""ASSET-HFNU-2025-ZC-PDF"",""page"":2,""row_key"":""电气工程及其自动化"",""section"":""招生专业计划""}"
FACTSRC-284efd77-f979-5a37-9093-c0954352a8db,enrollment_plans,PLAN-87904a37-9188-59ce-861a-d2cf0ebec8f8,SRC-HFNU-2024-ZC,primary_evidence,"{""row_key"":""制药工程"",""section"":""招生专业计划"",""table"":1,""url"":""https://zsb.hfnu.edu.cn/info/1003/2715.htm""}"
FACTSRC-b1c3b50b-22f3-5de8-b109-cbbe89193d9e,enrollment_plans,PLAN-87de0198-e4bc-5b7e-8f3b-4eb689b65c6c,SRC-HFNU-2024-ZC,primary_evidence,"{""row_key"":""服装与服饰设计"",""section"":""招生专业计划"",""table"":1,""url"":""https://zsb.hfnu.edu.cn/info/1003/2715.htm""}"
FACTSRC-6107bbd0-eac5-53a2-92a1-392dfd8b37d9,enrollment_plans,PLAN-884742d4-a0a6-560c-bd08-f9915c33bfab,SRC-HFNU-2026-ZC,primary_evidence,"{""asset_id"":""ASSET-HFNU-2026-ZC-PDF"",""page"":1,""row_key"":""电子信息工程"",""section"":""招生专业计划""}"
FACTSRC-b6b546de-7925-5082-b62b-df613b391131,enrollment_plans,PLAN-8a8700ed-945e-5256-8e1f-91d12f3e65db,SRC-HFNU-2026-ZC,primary_evidence,"{""asset_id"":""ASSET-HFNU-2026-ZC-PDF"",""page"":1,""row_key"":""音乐学"",""section"":""招生专业计划""}"
FACTSRC-ffb64a17-a21e-5c73-b8e8-edccdc62669f,enrollment_plans,PLAN-8afc6c5a-4504-55e4-a653-440099a2ea0a,SRC-HFNU-2024-ZC,primary_evidence,"{""row_key"":""电气工程及其自动化"",""section"":""招生专业计划"",""table"":1,""url"":""https://zsb.hfnu.edu.cn/info/1003/2715.htm""}"
FACTSRC-f13a04c5-fb12-5f5a-a9f1-40ebb206eedf,enrollment_plans,PLAN-8b60a422-3a05-5e63-bb15-03c666347389,SRC-HFNU-2026-ZC,primary_evidence,"{""asset_id"":""ASSET-HFNU-2026-ZC-PDF"",""page"":1,""row_key"":""音乐学"",""section"":""招生专业计划""}"
FACTSRC-458d70a8-3990-5252-a642-0daab5c7c945,enrollment_plans,PLAN-8bcade8e-7709-5d2c-a7c8-e45f02fb3b2c,SRC-HFNU-2026-ZC,primary_evidence,"{""asset_id"":""ASSET-HFNU-2026-ZC-PDF"",""page"":2,""row_key"":""计算机科学与技术"",""section"":""招生专业计划""}"
FACTSRC-43f4daff-5282-51b3-9508-f4b934245bbb,enrollment_plans,PLAN-8d030d0a-2945-5227-9140-a74f13a8019e,SRC-HFNU-2024-ZC,primary_evidence,"{""row_key"":""运动康复"",""section"":""招生专业计划"",""table"":1,""url"":""https://zsb.hfnu.edu.cn/info/1003/2715.htm""}"
FACTSRC-f9752dab-3b69-56e6-b41b-023d549e27bc,enrollment_plans,PLAN-8dfefe49-7d1b-5a27-a81b-30b60ed51992,SRC-HFNU-2026-ZC,primary_evidence,"{""asset_id"":""ASSET-HFNU-2026-ZC-PDF"",""page"":1,""row_key"":""电子信息工程"",""section"":""招生专业计划""}"
FACTSRC-0111b553-8f91-5375-8f82-dd7938a74be3,enrollment_plans,PLAN-8e29ef1a-da00-5300-abee-1ee78db3701c,SRC-HFNU-2025-ZC,primary_evidence,"{""asset_id"":""ASSET-HFNU-2025-ZC-PDF"",""page"":1,""row_key"":""视觉传达设计"",""section"":""招生专业计划""}"
FACTSRC-86ccd050-d525-5119-b63d-45c6c6932c93,enrollment_plans,PLAN-902b456d-42d2-5cc6-aed2-626b42e477f4,SRC-HFNU-2026-ZC,primary_evidence,"{""asset_id"":""ASSET-HFNU-2026-ZC-PDF"",""page"":1,""row_key"":""软件工程"",""section"":""招生专业计划""}"
FACTSRC-f577bd49-e491-5ab2-9788-a72eb7c79d58,enrollment_plans,PLAN-907ec592-2cd7-5d83-8431-004723dcfc4b,SRC-HFNU-2026-ZC,primary_evidence,"{""asset_id"":""ASSET-HFNU-2026-ZC-PDF"",""page"":1,""row_key"":""通信工程"",""section"":""招生专业计划""}"
FACTSRC-ed048891-abc1-5840-9624-225485bc8491,enrollment_plans,PLAN-91ba84f5-59c4-5c98-b786-be90f2a3a60b,SRC-HFNU-2024-ZC,primary_evidence,"{""row_key"":""动画"",""section"":""招生专业计划"",""table"":1,""url"":""https://zsb.hfnu.edu.cn/info/1003/2715.htm""}"
FACTSRC-94032925-3611-58d2-aa8b-e568d0f1f01b,enrollment_plans,PLAN-94113386-9bd7-5bf9-98de-6d4b31e88263,SRC-HFNU-2025-ZC,primary_evidence,"{""asset_id"":""ASSET-HFNU-2025-ZC-PDF"",""page"":2,""row_key"":""食品质量与安全"",""section"":""招生专业计划""}"
FACTSRC-d722b7a0-1738-5b97-81c3-eda79e338a07,enrollment_plans,PLAN-954a1b81-30ee-5167-abdc-58efaf282ef6,SRC-HFNU-2025-ZC,primary_evidence,"{""asset_id"":""ASSET-HFNU-2025-ZC-PDF"",""page"":1,""row_key"":""电子信息工程"",""section"":""招生专业计划""}"
FACTSRC-9814ba1b-509a-5371-bdd7-05ec7ed9ab45,enrollment_plans,PLAN-95f66af7-24a5-58f5-8b2b-35010a12ca3f,SRC-HFNU-2025-ZC,primary_evidence,"{""asset_id"":""ASSET-HFNU-2025-ZC-PDF"",""page"":1,""row_key"":""新能源材料与器件"",""section"":""招生专业计划""}"
FACTSRC-b60b7982-e38f-5491-a0ff-883d6fa2b2b5,enrollment_plans,PLAN-962444ab-44bf-50b5-8eb8-56b69ebf212b,SRC-HFNU-2024-ZC,primary_evidence,"{""row_key"":""通信工程"",""section"":""招生专业计划"",""table"":1,""url"":""https://zsb.hfnu.edu.cn/info/1003/2715.htm""}"
FACTSRC-ea09a973-ac6c-58f8-9c0a-080434fd0823,enrollment_plans,PLAN-96e8db9f-9f55-5ad0-bd14-bbf4722eaae1,SRC-HFNU-2024-ZC,primary_evidence,"{""row_key"":""通信工程"",""section"":""招生专业计划"",""table"":1,""url"":""https://zsb.hfnu.edu.cn/info/1003/2715.htm""}"
FACTSRC-93a715be-91e8-51ea-86aa-cb05d1a86562,enrollment_plans,PLAN-970d9ce9-9e88-5d23-a14d-9493ff133116,SRC-HFNU-2024-ZC,primary_evidence,"{""row_key"":""视觉传达设计"",""section"":""招生专业计划"",""table"":1,""url"":""https://zsb.hfnu.edu.cn/info/1003/2715.htm""}"
FACTSRC-b6066a23-39b2-598a-bae8-97cd526402c2,enrollment_plans,PLAN-988d6dbd-49e0-555d-9b88-7c05aff3afc1,SRC-HFNU-2026-ZC,primary_evidence,"{""asset_id"":""ASSET-HFNU-2026-ZC-PDF"",""page"":1,""row_key"":""运动康复"",""section"":""招生专业计划""}"
FACTSRC-aa3dc0b2-634d-5c99-abd3-7cc9823f8056,enrollment_plans,PLAN-99db65d7-0ca4-5754-8acf-47ae81481322,SRC-HFNU-2026-ZC,primary_evidence,"{""asset_id"":""ASSET-HFNU-2026-ZC-PDF"",""page"":2,""row_key"":""计算机科学与技术"",""section"":""招生专业计划""}"
FACTSRC-7d2e2d5d-60fc-516b-94ee-8aa5a16fd5d1,enrollment_plans,PLAN-9aab7e80-a611-5549-814a-4426e5cd8ef8,SRC-HFNU-2024-ZC,primary_evidence,"{""row_key"":""药物制剂"",""section"":""招生专业计划"",""table"":1,""url"":""https://zsb.hfnu.edu.cn/info/1003/2715.htm""}"
FACTSRC-53cdecf9-b21c-5667-9eb3-f8b5ec4f4555,enrollment_plans,PLAN-9ac80dc9-9465-5f9a-8870-4e0b38d3ba4e,SRC-HFNU-2026-ZC,primary_evidence,"{""asset_id"":""ASSET-HFNU-2026-ZC-PDF"",""page"":2,""row_key"":""计算机科学与技术"",""section"":""招生专业计划""}"
FACTSRC-ba7afb35-9334-5c89-a393-944561c0d889,enrollment_plans,PLAN-9af53cda-5a54-5e19-90d5-b84d9ad5ac3f,SRC-HFNU-2025-ZC,primary_evidence,"{""asset_id"":""ASSET-HFNU-2025-ZC-PDF"",""page"":2,""row_key"":""电气工程及其自动化"",""section"":""招生专业计划""}"
FACTSRC-2af2fc7a-05a1-5e89-8a38-3fa50d7755d2,enrollment_plans,PLAN-9c253b6f-c3b1-5237-85c0-add87549875b,SRC-HFNU-2026-ZC,primary_evidence,"{""asset_id"":""ASSET-HFNU-2026-ZC-PDF"",""page"":2,""row_key"":""电气工程及其自动化"",""section"":""招生专业计划""}"
FACTSRC-ccd5e2b4-39f2-50bc-a182-0f724345f59c,enrollment_plans,PLAN-9cab1314-4bcb-5f84-abad-fedd059ffb1e,SRC-HFNU-2026-ZC,primary_evidence,"{""asset_id"":""ASSET-HFNU-2026-ZC-PDF"",""page"":2,""row_key"":""食品质量与安全"",""section"":""招生专业计划""}"
FACTSRC-7369e905-5956-56cd-a7ad-4363e135f28c,enrollment_plans,PLAN-9dca4c9e-0e4e-517c-aef0-506321a7c00c,SRC-HFNU-2026-ZC,primary_evidence,"{""asset_id"":""ASSET-HFNU-2026-ZC-PDF"",""page"":1,""row_key"":""网络与新媒体"",""section"":""招生专业计划""}"
FACTSRC-8cb1e0fd-2fbe-5a04-a565-e9b17b5987ed,enrollment_plans,PLAN-9dfe5ade-26e7-5dfb-8742-48792f8db315,SRC-HFNU-2026-ZC,primary_evidence,"{""asset_id"":""ASSET-HFNU-2026-ZC-PDF"",""page"":1,""row_key"":""商务英语"",""section"":""招生专业计划""}"
FACTSRC-2a2c76ea-bab4-509b-9831-f44efef9eb76,enrollment_plans,PLAN-9e4d995f-f3f8-5f5d-a000-d34697ef4f02,SRC-HFNU-2024-ZC,primary_evidence,"{""row_key"":""食品质量与安全"",""section"":""招生专业计划"",""table"":1,""url"":""https://zsb.hfnu.edu.cn/info/1003/2715.htm""}"
FACTSRC-1314dfa7-4049-5d4c-8e03-1daee2365848,enrollment_plans,PLAN-9e5f3430-e29b-50c2-b6b1-f4768453b0eb,SRC-HFNU-2026-ZC,primary_evidence,"{""asset_id"":""ASSET-HFNU-2026-ZC-PDF"",""page"":1,""row_key"":""网络与新媒体"",""section"":""招生专业计划""}"
FACTSRC-bc31fd93-0e01-57f8-a5e9-fe34c596696a,enrollment_plans,PLAN-9e795587-f360-570d-8c03-2085ff642a27,SRC-HFNU-2026-ZC,primary_evidence,"{""asset_id"":""ASSET-HFNU-2026-ZC-PDF"",""page"":1,""row_key"":""视觉传达设计"",""section"":""招生专业计划""}"
FACTSRC-d6b8549f-1587-5dec-bdc4-e63ba68a2c6d,enrollment_plans,PLAN-9e7ffbec-acaa-585b-a025-c8111ff3f4dc,SRC-HFNU-2025-ZC,primary_evidence,"{""asset_id"":""ASSET-HFNU-2025-ZC-PDF"",""page"":1,""row_key"":""通信工程"",""section"":""招生专业计划""}"
FACTSRC-b26a9020-f07a-53ee-abbd-a9a4d0f41a5a,enrollment_plans,PLAN-9f9909c1-06c5-544c-baa5-ce5fed5e3126,SRC-HFNU-2025-ZC,primary_evidence,"{""asset_id"":""ASSET-HFNU-2025-ZC-PDF"",""page"":2,""row_key"":""运动康复"",""section"":""招生专业计划""}"
FACTSRC-f6f1cc28-e571-5140-a04f-e46f6f0f8dbb,enrollment_plans,PLAN-a013cf95-f54f-516f-975b-b1f145237672,SRC-HFNU-2026-ZC,primary_evidence,"{""asset_id"":""ASSET-HFNU-2026-ZC-PDF"",""page"":2,""row_key"":""计算机科学与技术"",""section"":""招生专业计划""}"
FACTSRC-3768e270-c7c1-5c39-906a-3226ffb04869,enrollment_plans,PLAN-a08f2a85-765e-5968-8243-7a43f0caa386,SRC-HFNU-2025-ZC,primary_evidence,"{""asset_id"":""ASSET-HFNU-2025-ZC-PDF"",""page"":1,""row_key"":""学前教育"",""section"":""招生专业计划""}"
FACTSRC-564fec0d-499e-547c-a936-cacb6f62b326,enrollment_plans,PLAN-a1a3213b-4cf1-5a8a-8372-268573649c70,SRC-HFNU-2026-ZC,primary_evidence,"{""asset_id"":""ASSET-HFNU-2026-ZC-PDF"",""page"":1,""row_key"":""化学工程与工艺"",""section"":""招生专业计划""}"
FACTSRC-b7ed407f-42e9-58ce-b053-f12ee7967579,enrollment_plans,PLAN-a2888fb4-c3f7-5a04-a0ef-a946cd832836,SRC-HFNU-2026-ZC,primary_evidence,"{""asset_id"":""ASSET-HFNU-2026-ZC-PDF"",""page"":1,""row_key"":""人力资源管理"",""section"":""招生专业计划""}"
FACTSRC-4045a72a-f384-5bff-9811-8a422d28043f,enrollment_plans,PLAN-a3714e6e-a9e4-574d-8ebe-4e18f534f234,SRC-HFNU-2026-ZC,primary_evidence,"{""asset_id"":""ASSET-HFNU-2026-ZC-PDF"",""page"":1,""row_key"":""生物制药"",""section"":""招生专业计划""}"
FACTSRC-2bf65bbc-8021-5442-9e40-79e5120bdc16,enrollment_plans,PLAN-a374a84d-8668-584f-b07d-292246433b90,SRC-HFNU-2024-ZC,primary_evidence,"{""row_key"":""人力资源管理"",""section"":""招生专业计划"",""table"":1,""url"":""https://zsb.hfnu.edu.cn/info/1003/2715.htm""}"
FACTSRC-8cda8929-842e-5bf2-a0d6-5973adcb583d,enrollment_plans,PLAN-a37a6792-ea17-5828-8408-725e54197a3a,SRC-HFNU-2026-ZC,primary_evidence,"{""asset_id"":""ASSET-HFNU-2026-ZC-PDF"",""page"":2,""row_key"":""食品质量与安全"",""section"":""招生专业计划""}"
FACTSRC-3013dda6-b3ee-50bf-aed1-16b3bafb60ef,enrollment_plans,PLAN-a3905250-240a-5526-bc45-fc5da4f949d0,SRC-HFNU-2026-ZC,primary_evidence,"{""asset_id"":""ASSET-HFNU-2026-ZC-PDF"",""page"":1,""row_key"":""市场营销"",""section"":""招生专业计划""}"
FACTSRC-0a3b590a-9aab-553c-80fb-f03d3e584cbe,enrollment_plans,PLAN-a438afb9-3021-5040-959e-ac50cdd88aa5,SRC-HFNU-2026-ZC,primary_evidence,"{""asset_id"":""ASSET-HFNU-2026-ZC-PDF"",""page"":1,""row_key"":""视觉传达设计"",""section"":""招生专业计划""}"
FACTSRC-71b03fc5-5f9b-54fe-a575-c818d37f1495,enrollment_plans,PLAN-a45010a5-01a3-5aa9-908a-c18b551f76ee,SRC-HFNU-2024-ZC,primary_evidence,"{""row_key"":""动画"",""section"":""招生专业计划"",""table"":1,""url"":""https://zsb.hfnu.edu.cn/info/1003/2715.htm""}"
FACTSRC-26386170-f558-5787-affc-0db668eb4975,enrollment_plans,PLAN-a4df2772-dd87-5ed7-bcbc-ba60ece674cf,SRC-HFNU-2026-ZC,primary_evidence,"{""asset_id"":""ASSET-HFNU-2026-ZC-PDF"",""page"":1,""row_key"":""网络与新媒体"",""section"":""招生专业计划""}"
FACTSRC-3d695b8e-211e-55c4-887e-f8990b273e3c,enrollment_plans,PLAN-a5334d49-1ebb-5216-bb11-5270bc382544,SRC-HFNU-2024-ZC,primary_evidence,"{""row_key"":""环境设计"",""section"":""招生专业计划"",""table"":1,""url"":""https://zsb.hfnu.edu.cn/info/1003/2715.htm""}"
FACTSRC-900865ad-656b-5e24-a5be-e6223bb2e8a7,enrollment_plans,PLAN-a6481119-78e8-5690-8d66-60446084cac3,SRC-HFNU-2025-ZC,primary_evidence,"{""asset_id"":""ASSET-HFNU-2025-ZC-PDF"",""page"":1,""row_key"":""动画"",""section"":""招生专业计划""}"
FACTSRC-e9549302-f18f-5216-9dfe-54a31a59465a,enrollment_plans,PLAN-a6cde4cd-9c7d-5e3e-a0fb-5679520f1813,SRC-HFNU-2024-ZC,primary_evidence,"{""row_key"":""电气工程及其自动化"",""section"":""招生专业计划"",""table"":1,""url"":""https://zsb.hfnu.edu.cn/info/1003/2715.htm""}"
FACTSRC-4ab69470-b35c-561d-ab66-70c4c9159a3e,enrollment_plans,PLAN-a837f463-4448-5748-b244-727f88c97188,SRC-HFNU-2026-ZC,primary_evidence,"{""asset_id"":""ASSET-HFNU-2026-ZC-PDF"",""page"":1,""row_key"":""互联网金融"",""section"":""招生专业计划""}"
FACTSRC-df3bc84a-7542-57ea-9461-2406655b0376,enrollment_plans,PLAN-a89955e5-26ba-5ea2-b8c4-be0ae3f22d8b,SRC-HFNU-2026-ZC,primary_evidence,"{""asset_id"":""ASSET-HFNU-2026-ZC-PDF"",""page"":1,""row_key"":""运动康复"",""section"":""招生专业计划""}"
FACTSRC-c9c5a49a-cf8d-532b-b1a9-8242cece68ee,enrollment_plans,PLAN-a900f852-3619-5f17-9410-e82ce32f408b,SRC-HFNU-2025-ZC,primary_evidence,"{""asset_id"":""ASSET-HFNU-2025-ZC-PDF"",""page"":2,""row_key"":""计算机科学与技术"",""section"":""招生专业计划""}"
FACTSRC-cdefeffd-8554-544e-b542-f66ed1acd8bb,enrollment_plans,PLAN-a91d910d-e746-5b76-bb86-4b7f96548e2a,SRC-HFNU-2026-ZC,primary_evidence,"{""asset_id"":""ASSET-HFNU-2026-ZC-PDF"",""page"":1,""row_key"":""药物制剂"",""section"":""招生专业计划""}"
FACTSRC-881dd766-0e3c-5744-ad9d-0e9b68561062,enrollment_plans,PLAN-aa13f3a3-b635-5acd-b38e-1477022bdd83,SRC-HFNU-2025-ZC,primary_evidence,"{""asset_id"":""ASSET-HFNU-2025-ZC-PDF"",""page"":1,""row_key"":""网络与新媒体"",""section"":""招生专业计划""}"
FACTSRC-32ae3a8a-d626-5f33-a9ea-cd88e6c31572,enrollment_plans,PLAN-aa5a5fb6-703f-5341-9628-514cbf254a96,SRC-HFNU-2024-ZC,primary_evidence,"{""row_key"":""网络与新媒体"",""section"":""招生专业计划"",""table"":1,""url"":""https://zsb.hfnu.edu.cn/info/1003/2715.htm""}"
FACTSRC-f4ea74ff-3320-5eea-b98d-0aac48d25326,enrollment_plans,PLAN-aab97149-1f63-5c1a-ad09-4557e452f3f1,SRC-HFNU-2026-ZC,primary_evidence,"{""asset_id"":""ASSET-HFNU-2026-ZC-PDF"",""page"":1,""row_key"":""学前教育"",""section"":""招生专业计划""}"
FACTSRC-3f3cacf0-fb43-5373-b2d6-62ea9984c161,enrollment_plans,PLAN-ac6fdeb8-cd4c-5ae7-90b4-41c9adef0c8f,SRC-HFNU-2025-ZC,primary_evidence,"{""asset_id"":""ASSET-HFNU-2025-ZC-PDF"",""page"":1,""row_key"":""学前教育"",""section"":""招生专业计划""}"
FACTSRC-620bee3b-1d3d-58c8-8fd1-f3a02ef9d040,enrollment_plans,PLAN-acbffa60-6aff-5b5b-bb48-d775a143b258,SRC-HFNU-2026-ZC,primary_evidence,"{""asset_id"":""ASSET-HFNU-2026-ZC-PDF"",""page"":1,""row_key"":""音乐学"",""section"":""招生专业计划""}"
FACTSRC-6ee5db3c-c349-57a3-bf00-07879825a2e2,enrollment_plans,PLAN-ae3e5901-43af-5d75-9beb-314cf3f2dc8c,SRC-HFNU-2024-ZC,primary_evidence,"{""row_key"":""电气工程及其自动化"",""section"":""招生专业计划"",""table"":1,""url"":""https://zsb.hfnu.edu.cn/info/1003/2715.htm""}"
FACTSRC-865089d5-d258-5ec1-9e23-bd1aa3d140f6,enrollment_plans,PLAN-aec23a57-2020-5f42-a3b7-84159da208db,SRC-HFNU-2025-ZC,primary_evidence,"{""asset_id"":""ASSET-HFNU-2025-ZC-PDF"",""page"":2,""row_key"":""财务管理"",""section"":""招生专业计划""}"
FACTSRC-5031132b-6cd6-5826-bd2b-3e0b81a804a2,enrollment_plans,PLAN-aef2abec-b5a8-55e8-a0d2-716265d34457,SRC-HFNU-2026-ZC,primary_evidence,"{""asset_id"":""ASSET-HFNU-2026-ZC-PDF"",""page"":2,""row_key"":""小学教育"",""section"":""招生专业计划""}"
FACTSRC-4d613f07-9b6d-577a-98e7-2a63726e7977,enrollment_plans,PLAN-af15d750-8ea4-54e3-a87d-bbd575bda9c5,SRC-HFNU-2024-ZC,primary_evidence,"{""row_key"":""生物制药"",""section"":""招生专业计划"",""table"":1,""url"":""https://zsb.hfnu.edu.cn/info/1003/2715.htm""}"
FACTSRC-71900bbb-b707-5a65-a05c-ecf33c4dde11,enrollment_plans,PLAN-b0b6d1c5-345d-551d-9637-bb62d0daf5ea,SRC-HFNU-2026-ZC,primary_evidence,"{""asset_id"":""ASSET-HFNU-2026-ZC-PDF"",""page"":1,""row_key"":""动画"",""section"":""招生专业计划""}"
FACTSRC-d5b3cbb5-b910-5ccf-b408-cd4f96f80313,enrollment_plans,PLAN-b2eb8f9f-8332-5f5d-a2e5-fc458a3e5419,SRC-HFNU-2024-ZC,primary_evidence,"{""row_key"":""电子信息工程"",""section"":""招生专业计划"",""table"":1,""url"":""https://zsb.hfnu.edu.cn/info/1003/2715.htm""}"
FACTSRC-998778b2-0c49-5aff-8a01-4172548b7558,enrollment_plans,PLAN-b382c566-7693-5ccd-b522-dbd3d357b3d7,SRC-HFNU-2024-ZC,primary_evidence,"{""row_key"":""药物制剂"",""section"":""招生专业计划"",""table"":1,""url"":""https://zsb.hfnu.edu.cn/info/1003/2715.htm""}"
FACTSRC-bf7e2858-6c3c-5711-a47a-ba51a2415e31,enrollment_plans,PLAN-b4244605-7420-51b2-9947-1df0e3d5bd42,SRC-HFNU-2025-ZC,primary_evidence,"{""asset_id"":""ASSET-HFNU-2025-ZC-PDF"",""page"":1,""row_key"":""人力资源管理"",""section"":""招生专业计划""}"
FACTSRC-782aac26-1620-52be-a2b4-df0326a1c395,enrollment_plans,PLAN-b508e41e-09a2-5d6f-84e2-cb200330e488,SRC-HFNU-2024-ZC,primary_evidence,"{""row_key"":""电子信息工程"",""section"":""招生专业计划"",""table"":1,""url"":""https://zsb.hfnu.edu.cn/info/1003/2715.htm""}"
FACTSRC-9f6104c7-a309-588d-9716-5c90c603275a,enrollment_plans,PLAN-b5b9742a-0b58-5f75-bd39-1330d88d0628,SRC-HFNU-2025-ZC,primary_evidence,"{""asset_id"":""ASSET-HFNU-2025-ZC-PDF"",""page"":1,""row_key"":""视觉传达设计"",""section"":""招生专业计划""}"
FACTSRC-22971b46-14ab-55af-a1e8-bfbd458e5f24,enrollment_plans,PLAN-b74fe5b9-0feb-5d80-b35b-f635033706e1,SRC-HFNU-2025-ZC,primary_evidence,"{""asset_id"":""ASSET-HFNU-2025-ZC-PDF"",""page"":2,""row_key"":""计算机科学与技术"",""section"":""招生专业计划""}"
FACTSRC-b1ea3418-b561-5e16-8b97-06883343b80c,enrollment_plans,PLAN-b7967bd9-e688-58ca-83b8-dcd1828441c9,SRC-HFNU-2025-ZC,primary_evidence,"{""asset_id"":""ASSET-HFNU-2025-ZC-PDF"",""page"":1,""row_key"":""经济统计学"",""section"":""招生专业计划""}"
FACTSRC-ff463f66-0d4b-555a-9a27-7fa783eeae53,enrollment_plans,PLAN-b9acc94a-8112-5734-8081-7666f624e13f,SRC-HFNU-2025-ZC,primary_evidence,"{""asset_id"":""ASSET-HFNU-2025-ZC-PDF"",""page"":1,""row_key"":""经济统计学"",""section"":""招生专业计划""}"
FACTSRC-cb7cdc6a-4b02-5afa-9d5e-27027fa93a1d,enrollment_plans,PLAN-baafa31c-032a-5c59-a790-37b813bfd119,SRC-HFNU-2026-ZC,primary_evidence,"{""asset_id"":""ASSET-HFNU-2026-ZC-PDF"",""page"":2,""row_key"":""电气工程及其自动化"",""section"":""招生专业计划""}"
FACTSRC-d14f0091-531f-5488-ba11-1182bfdcc8d8,enrollment_plans,PLAN-bc0b8512-8449-59b7-acc2-3abcfec5958d,SRC-HFNU-2025-ZC,primary_evidence,"{""asset_id"":""ASSET-HFNU-2025-ZC-PDF"",""page"":1,""row_key"":""新能源材料与器件"",""section"":""招生专业计划""}"
FACTSRC-6273829b-0674-55f8-9142-efd8f65b9237,enrollment_plans,PLAN-bd5867a5-3150-5f81-8164-1cb2729cdc97,SRC-HFNU-2025-ZC,primary_evidence,"{""asset_id"":""ASSET-HFNU-2025-ZC-PDF"",""page"":1,""row_key"":""服装与服饰设计"",""section"":""招生专业计划""}"
FACTSRC-6612d91e-589c-547c-bb94-d23b2876a76a,enrollment_plans,PLAN-bd9120e1-a00c-506d-aa5d-12130f959726,SRC-HFNU-2024-ZC,primary_evidence,"{""row_key"":""网络与新媒体"",""section"":""招生专业计划"",""table"":1,""url"":""https://zsb.hfnu.edu.cn/info/1003/2715.htm""}"
FACTSRC-1508feaa-cbc4-5c7a-8be6-c225ce5d2257,enrollment_plans,PLAN-be5b574d-72c4-54aa-ab55-df1438902edb,SRC-HFNU-2024-ZC,primary_evidence,"{""row_key"":""商务英语"",""section"":""招生专业计划"",""table"":1,""url"":""https://zsb.hfnu.edu.cn/info/1003/2715.htm""}"
FACTSRC-d73c464e-e9d3-54b9-8aac-fd586c9d547d,enrollment_plans,PLAN-bf39f59a-5e30-5217-9893-eafe43426009,SRC-HFNU-2024-ZC,primary_evidence,"{""row_key"":""数据科学与大数据技术"",""section"":""招生专业计划"",""table"":1,""url"":""https://zsb.hfnu.edu.cn/info/1003/2715.htm""}"
FACTSRC-7aaaae60-b5e2-5e78-9a22-81ae76582080,enrollment_plans,PLAN-c06c6f81-c6af-5fb6-b668-fc566d610077,SRC-HFNU-2025-ZC,primary_evidence,"{""asset_id"":""ASSET-HFNU-2025-ZC-PDF"",""page"":1,""row_key"":""化学工程与工艺"",""section"":""招生专业计划""}"
FACTSRC-a8e02765-9fd3-54bf-ad55-5a29941b4171,enrollment_plans,PLAN-c095241f-0501-5ebd-bf8e-3dd42796f81a,SRC-HFNU-2026-ZC,primary_evidence,"{""asset_id"":""ASSET-HFNU-2026-ZC-PDF"",""page"":2,""row_key"":""电气工程及其自动化"",""section"":""招生专业计划""}"
FACTSRC-7bbeb751-eea9-56d8-9818-2c990d9e6d51,enrollment_plans,PLAN-c0b8e2a7-2c3a-5014-ab8e-d360611f4e09,SRC-HFNU-2026-ZC,primary_evidence,"{""asset_id"":""ASSET-HFNU-2026-ZC-PDF"",""page"":2,""row_key"":""计算机科学与技术"",""section"":""招生专业计划""}"
FACTSRC-d1d6a05e-9ee8-5c9c-b3d5-ac2a93a2a353,enrollment_plans,PLAN-c150ab38-c37d-52ba-8d5b-f0ba63531553,SRC-HFNU-2025-ZC,primary_evidence,"{""asset_id"":""ASSET-HFNU-2025-ZC-PDF"",""page"":1,""row_key"":""市场营销"",""section"":""招生专业计划""}"
FACTSRC-c6f67f9e-e222-531e-9153-b92b4a473e82,enrollment_plans,PLAN-c186c8e2-9cf2-52c0-8414-404658a0f78e,SRC-HFNU-2025-ZC,primary_evidence,"{""asset_id"":""ASSET-HFNU-2025-ZC-PDF"",""page"":1,""row_key"":""化学工程与工艺"",""section"":""招生专业计划""}"
FACTSRC-365fad6f-04ae-550c-bd42-d0be261fa2b6,enrollment_plans,PLAN-c2062ef4-7e96-5ea9-8ab7-c01c6047efb3,SRC-HFNU-2025-ZC,primary_evidence,"{""asset_id"":""ASSET-HFNU-2025-ZC-PDF"",""page"":1,""row_key"":""电子信息工程"",""section"":""招生专业计划""}"
FACTSRC-8ba873dc-5822-559b-8fe4-bbec74ad7e29,enrollment_plans,PLAN-c30f84aa-27c4-5668-a5dc-5dd0fbc4a8c0,SRC-HFNU-2026-ZC,primary_evidence,"{""asset_id"":""ASSET-HFNU-2026-ZC-PDF"",""page"":1,""row_key"":""化学工程与工艺"",""section"":""招生专业计划""}"
FACTSRC-3a464de9-33c9-5f00-9253-bc0c27bb3418,enrollment_plans,PLAN-c37877ec-fa85-59e2-8b63-e0c53cd2b67b,SRC-HFNU-2024-ZC,primary_evidence,"{""row_key"":""网络工程"",""section"":""招生专业计划"",""table"":1,""url"":""https://zsb.hfnu.edu.cn/info/1003/2715.htm""}"
FACTSRC-d07667f9-9d40-52b5-9bd7-1ec310ae6dc7,enrollment_plans,PLAN-c38ce730-49fa-521d-82bc-7b9ae7488122,SRC-HFNU-2026-ZC,primary_evidence,"{""asset_id"":""ASSET-HFNU-2026-ZC-PDF"",""page"":1,""row_key"":""互联网金融"",""section"":""招生专业计划""}"
FACTSRC-da137cf3-13e8-5996-880d-e9dd22070490,enrollment_plans,PLAN-c396f8c7-a70d-598e-b56d-5270771e2605,SRC-HFNU-2024-ZC,primary_evidence,"{""row_key"":""互联网金融"",""section"":""招生专业计划"",""table"":1,""url"":""https://zsb.hfnu.edu.cn/info/1003/2715.htm""}"
FACTSRC-954eb232-ff5a-573b-85bd-0caa5dc5eb96,enrollment_plans,PLAN-c3b25428-8095-5eb2-bb9a-4be1e8e8fe66,SRC-HFNU-2026-ZC,primary_evidence,"{""asset_id"":""ASSET-HFNU-2026-ZC-PDF"",""page"":1,""row_key"":""药物制剂"",""section"":""招生专业计划""}"
FACTSRC-dd469cf1-9c8f-5e0e-9673-715b44f2261a,enrollment_plans,PLAN-c40923df-2378-5493-b982-104c3edc8b7c,SRC-HFNU-2025-ZC,primary_evidence,"{""asset_id"":""ASSET-HFNU-2025-ZC-PDF"",""page"":1,""row_key"":""新能源材料与器件"",""section"":""招生专业计划""}"
FACTSRC-504af956-e599-5109-ad6c-09b79895542c,enrollment_plans,PLAN-c4e1a75b-d242-55c2-891c-9e2f2624c78a,SRC-HFNU-2024-ZC,primary_evidence,"{""row_key"":""动画"",""section"":""招生专业计划"",""table"":1,""url"":""https://zsb.hfnu.edu.cn/info/1003/2715.htm""}"
FACTSRC-099ba772-656e-56b5-aedc-1263b2a48e18,enrollment_plans,PLAN-c5a8f12e-642f-5a3f-8a87-638436affcc6,SRC-HFNU-2026-ZC,primary_evidence,"{""asset_id"":""ASSET-HFNU-2026-ZC-PDF"",""page"":1,""row_key"":""动画"",""section"":""招生专业计划""}"
FACTSRC-35d8ecbf-ff44-5ba3-a50a-b5ddc585ab62,enrollment_plans,PLAN-c5d7d7c2-71d9-5b56-9e53-1c3495946fbe,SRC-HFNU-2024-ZC,primary_evidence,"{""row_key"":""市场营销"",""section"":""招生专业计划"",""table"":1,""url"":""https://zsb.hfnu.edu.cn/info/1003/2715.htm""}"
FACTSRC-b1f318b2-0339-5fac-9b1c-f7bdc8e1dff8,enrollment_plans,PLAN-c60dcd91-a864-5a6b-b7a0-8b3e38953e6a,SRC-HFNU-2025-ZC,primary_evidence,"{""asset_id"":""ASSET-HFNU-2025-ZC-PDF"",""page"":2,""row_key"":""计算机科学与技术"",""section"":""招生专业计划""}"
FACTSRC-73ba74d0-8ebf-5a3a-baec-5f1feb3332df,enrollment_plans,PLAN-c9adaf93-29f5-5d98-9164-56434bc252df,SRC-HFNU-2025-ZC,primary_evidence,"{""asset_id"":""ASSET-HFNU-2025-ZC-PDF"",""page"":1,""row_key"":""经济统计学"",""section"":""招生专业计划""}"
FACTSRC-1d703f51-7a39-5463-b8d2-d58cb5a4e320,enrollment_plans,PLAN-cc442f0a-1e6d-5ac9-ab9d-d62ab0e06c98,SRC-HFNU-2025-ZC,primary_evidence,"{""asset_id"":""ASSET-HFNU-2025-ZC-PDF"",""page"":2,""row_key"":""网络工程"",""section"":""招生专业计划""}"
FACTSRC-a66d07a4-7436-5171-8315-ecff87b85f0b,enrollment_plans,PLAN-cd76c452-e2c4-5c75-bd3f-855690271f38,SRC-HFNU-2026-ZC,primary_evidence,"{""asset_id"":""ASSET-HFNU-2026-ZC-PDF"",""page"":1,""row_key"":""化学工程与工艺"",""section"":""招生专业计划""}"
FACTSRC-eb6afbfb-e5ca-56cf-ae68-a70d67642ed6,enrollment_plans,PLAN-ce2a39fc-c003-59eb-a467-6e9963b33637,SRC-HFNU-2025-ZC,primary_evidence,"{""asset_id"":""ASSET-HFNU-2025-ZC-PDF"",""page"":1,""row_key"":""市场营销"",""section"":""招生专业计划""}"
FACTSRC-1a079b05-cc36-5bf6-aadc-32a8218d9e68,enrollment_plans,PLAN-ce3b96ee-3edd-504a-a9cd-6abbfc653ba5,SRC-HFNU-2024-ZC,primary_evidence,"{""row_key"":""财务管理"",""section"":""招生专业计划"",""table"":1,""url"":""https://zsb.hfnu.edu.cn/info/1003/2715.htm""}"
FACTSRC-2786abd6-0dd6-5a5e-9039-ec826ff8e3bb,enrollment_plans,PLAN-ce9b3b0b-f7e7-5a30-a84d-8043bba8fbee,SRC-HFNU-2025-ZC,primary_evidence,"{""asset_id"":""ASSET-HFNU-2025-ZC-PDF"",""page"":1,""row_key"":""生物制药"",""section"":""招生专业计划""}"
FACTSRC-ecb17316-5eba-596b-9f93-82e53668cc4f,enrollment_plans,PLAN-d0987882-7670-5f32-9245-b7f8dd577563,SRC-HFNU-2025-ZC,primary_evidence,"{""asset_id"":""ASSET-HFNU-2025-ZC-PDF"",""page"":2,""row_key"":""制药工程"",""section"":""招生专业计划""}"
FACTSRC-8449172b-48d1-52f0-96a8-cdabc3b356a0,enrollment_plans,PLAN-d12f5640-b739-5c02-9f77-f64de48ffd0f,SRC-HFNU-2026-ZC,primary_evidence,"{""asset_id"":""ASSET-HFNU-2026-ZC-PDF"",""page"":1,""row_key"":""学前教育"",""section"":""招生专业计划""}"
FACTSRC-4729cfa5-dc6d-5d54-bc7f-a441b65d3da4,enrollment_plans,PLAN-d171e042-d462-5d23-bf27-76646cd63376,SRC-HFNU-2024-ZC,primary_evidence,"{""row_key"":""制药工程"",""section"":""招生专业计划"",""table"":1,""url"":""https://zsb.hfnu.edu.cn/info/1003/2715.htm""}"
FACTSRC-dc596c57-aad9-5cb2-b367-a90ae6540371,enrollment_plans,PLAN-d1c7017a-7149-5904-8b9e-a2f56aec117a,SRC-HFNU-2025-ZC,primary_evidence,"{""asset_id"":""ASSET-HFNU-2025-ZC-PDF"",""page"":1,""row_key"":""药物制剂"",""section"":""招生专业计划""}"
FACTSRC-7eff507a-e076-5921-9df6-6cd2f2fd65b2,enrollment_plans,PLAN-d216ac9d-072f-5947-b735-c9e820e8c7ca,SRC-HFNU-2024-ZC,primary_evidence,"{""row_key"":""人力资源管理"",""section"":""招生专业计划"",""table"":1,""url"":""https://zsb.hfnu.edu.cn/info/1003/2715.htm""}"
FACTSRC-f4306c51-0986-5d79-86d4-c4fa85c23e40,enrollment_plans,PLAN-d3fed317-2cac-590b-9819-c71fa4243dac,SRC-HFNU-2025-ZC,primary_evidence,"{""asset_id"":""ASSET-HFNU-2025-ZC-PDF"",""page"":2,""row_key"":""环境设计"",""section"":""招生专业计划""}"
FACTSRC-88d9f619-f17e-59fb-8c69-3d62958fa1ce,enrollment_plans,PLAN-d4b46ce1-24c0-5e4a-a7e1-4454937a3b1d,SRC-HFNU-2025-ZC,primary_evidence,"{""asset_id"":""ASSET-HFNU-2025-ZC-PDF"",""page"":1,""row_key"":""经济统计学"",""section"":""招生专业计划""}"
FACTSRC-f742bada-fa01-5339-b011-c0f1ca86c1df,enrollment_plans,PLAN-d517069c-c5a3-5a33-9d04-12e143ad0a54,SRC-HFNU-2025-ZC,primary_evidence,"{""asset_id"":""ASSET-HFNU-2025-ZC-PDF"",""page"":2,""row_key"":""环境设计"",""section"":""招生专业计划""}"
FACTSRC-6f3337de-21e1-5e5c-a4b1-481e6e5f210a,enrollment_plans,PLAN-d589f04b-2579-5ab6-afc0-d19c2fcdcea8,SRC-HFNU-2024-ZC,primary_evidence,"{""row_key"":""材料科学与工程"",""section"":""招生专业计划"",""table"":1,""url"":""https://zsb.hfnu.edu.cn/info/1003/2715.htm""}"
FACTSRC-af084b58-9dd7-568f-aec8-c76d3c9ff22b,enrollment_plans,PLAN-d5aba53a-0746-5a0a-81f0-d8f4a733f8d3,SRC-HFNU-2024-ZC,primary_evidence,"{""row_key"":""新能源材料与器件"",""section"":""招生专业计划"",""table"":1,""url"":""https://zsb.hfnu.edu.cn/info/1003/2715.htm""}"
FACTSRC-7011be57-416b-5973-9bb3-ffaee4a98719,enrollment_plans,PLAN-d7484d9d-302f-5a2d-81d7-362fa532b72b,SRC-HFNU-2026-ZC,primary_evidence,"{""asset_id"":""ASSET-HFNU-2026-ZC-PDF"",""page"":2,""row_key"":""电气工程及其自动化"",""section"":""招生专业计划""}"
FACTSRC-975f3aba-d401-5452-bbb8-e90f8a3c3b54,enrollment_plans,PLAN-d7b74f2c-b2fd-5713-bee9-30d9617f8ec5,SRC-HFNU-2024-ZC,primary_evidence,"{""row_key"":""生物制药"",""section"":""招生专业计划"",""table"":1,""url"":""https://zsb.hfnu.edu.cn/info/1003/2715.htm""}"
FACTSRC-29f466e3-6953-52b9-be46-20e7eec904dd,enrollment_plans,PLAN-d7cd9c5e-8c21-5d89-b0dc-51e2edf8db79,SRC-HFNU-2024-ZC,primary_evidence,"{""row_key"":""商务英语"",""section"":""招生专业计划"",""table"":1,""url"":""https://zsb.hfnu.edu.cn/info/1003/2715.htm""}"
FACTSRC-a68d585f-4516-5e55-952d-e7ca9952a4fe,enrollment_plans,PLAN-d80abe1a-7b55-5444-92c4-c19b790c1cd4,SRC-HFNU-2025-ZC,primary_evidence,"{""asset_id"":""ASSET-HFNU-2025-ZC-PDF"",""page"":1,""row_key"":""音乐学"",""section"":""招生专业计划""}"
FACTSRC-e659033a-2bdb-5806-b208-1a7aa35fd60b,enrollment_plans,PLAN-d8fcc6d9-992f-5bc0-bb09-26f309ad7e6c,SRC-HFNU-2025-ZC,primary_evidence,"{""asset_id"":""ASSET-HFNU-2025-ZC-PDF"",""page"":1,""row_key"":""数据科学与大数据技术"",""section"":""招生专业计划""}"
FACTSRC-80ea6a44-8176-5d42-8126-77bd7455fb5c,enrollment_plans,PLAN-d9ee277f-41bb-56ac-9849-0afd08cc0825,SRC-HFNU-2026-ZC,primary_evidence,"{""asset_id"":""ASSET-HFNU-2026-ZC-PDF"",""page"":1,""row_key"":""通信工程"",""section"":""招生专业计划""}"
FACTSRC-fa818890-fb35-5b83-9dca-38cdd75dd500,enrollment_plans,PLAN-dacbd2b3-840f-5d8f-b822-2399b7945332,SRC-HFNU-2024-ZC,primary_evidence,"{""row_key"":""新能源材料与器件"",""section"":""招生专业计划"",""table"":1,""url"":""https://zsb.hfnu.edu.cn/info/1003/2715.htm""}"
FACTSRC-3a1b10de-17ec-5d1c-a15a-f1b06b36af54,enrollment_plans,PLAN-db360c22-8973-5766-8b10-fa355638aadd,SRC-HFNU-2026-ZC,primary_evidence,"{""asset_id"":""ASSET-HFNU-2026-ZC-PDF"",""page"":1,""row_key"":""经济统计学"",""section"":""招生专业计划""}"
FACTSRC-3a9d508c-deaf-50b0-963c-8a51425ec886,enrollment_plans,PLAN-db79eed1-f8bc-5482-b922-295989a4acae,SRC-HFNU-2024-ZC,primary_evidence,"{""row_key"":""小学教育"",""section"":""招生专业计划"",""table"":1,""url"":""https://zsb.hfnu.edu.cn/info/1003/2715.htm""}"
FACTSRC-fa7d21e7-8e15-5cda-914a-8ae2e99efa39,enrollment_plans,PLAN-db8550d9-4b20-5441-946b-8fca9fc5c404,SRC-HFNU-2026-ZC,primary_evidence,"{""asset_id"":""ASSET-HFNU-2026-ZC-PDF"",""page"":2,""row_key"":""网络工程"",""section"":""招生专业计划""}"
FACTSRC-13ced1b5-7ba7-5ce0-a47a-8cf34e7d32f5,enrollment_plans,PLAN-dc72e519-6de3-5339-b650-f12a8ab0d63d,SRC-HFNU-2024-ZC,primary_evidence,"{""row_key"":""小学教育"",""section"":""招生专业计划"",""table"":1,""url"":""https://zsb.hfnu.edu.cn/info/1003/2715.htm""}"
FACTSRC-8d462cc7-e1c4-5d28-836f-6d2a62e3edde,enrollment_plans,PLAN-dd39f640-a346-571f-9f42-1ee20b8efa9a,SRC-HFNU-2026-ZC,primary_evidence,"{""asset_id"":""ASSET-HFNU-2026-ZC-PDF"",""page"":2,""row_key"":""小学教育"",""section"":""招生专业计划""}"
FACTSRC-190a7529-c324-5c90-a506-3a2344ecb19c,enrollment_plans,PLAN-ddfbb595-8916-51d3-89d8-df0d77d5a13d,SRC-HFNU-2026-ZC,primary_evidence,"{""asset_id"":""ASSET-HFNU-2026-ZC-PDF"",""page"":2,""row_key"":""电气工程及其自动化"",""section"":""招生专业计划""}"
FACTSRC-d27b6b41-1e2f-5a5d-8412-537b31292fae,enrollment_plans,PLAN-dea95deb-e274-5b37-b771-dd61174de338,SRC-HFNU-2024-ZC,primary_evidence,"{""row_key"":""电子信息工程"",""section"":""招生专业计划"",""table"":1,""url"":""https://zsb.hfnu.edu.cn/info/1003/2715.htm""}"
FACTSRC-05a55fd4-2640-5a81-a8f3-c840429dab5b,enrollment_plans,PLAN-df16afff-a54c-54ed-9a49-e2fc3ff4b541,SRC-HFNU-2026-ZC,primary_evidence,"{""asset_id"":""ASSET-HFNU-2026-ZC-PDF"",""page"":1,""row_key"":""服装与服饰设计"",""section"":""招生专业计划""}"
FACTSRC-376d0f55-5996-569f-b237-cb2c7f7d5260,enrollment_plans,PLAN-e0296d16-9149-5568-bb0a-ee106ff8e839,SRC-HFNU-2026-ZC,primary_evidence,"{""asset_id"":""ASSET-HFNU-2026-ZC-PDF"",""page"":1,""row_key"":""新能源材料与器件"",""section"":""招生专业计划""}"
FACTSRC-eb574eab-987a-5c22-894b-cb182ac84c89,enrollment_plans,PLAN-e030e4c6-0bcc-5e6d-b456-636f4e5f8955,SRC-HFNU-2024-ZC,primary_evidence,"{""row_key"":""网络工程"",""section"":""招生专业计划"",""table"":1,""url"":""https://zsb.hfnu.edu.cn/info/1003/2715.htm""}"
FACTSRC-05150b4e-cc3e-5bbe-8819-1972cede2e57,enrollment_plans,PLAN-e0dd1719-617c-55ae-a0b3-ee051c41b08b,SRC-HFNU-2026-ZC,primary_evidence,"{""asset_id"":""ASSET-HFNU-2026-ZC-PDF"",""page"":1,""row_key"":""市场营销"",""section"":""招生专业计划""}"
FACTSRC-35403289-9387-5443-bb2d-2e9ada0488a2,enrollment_plans,PLAN-e17db142-1edc-5c6b-bd76-a3457b099c2a,SRC-HFNU-2025-ZC,primary_evidence,"{""asset_id"":""ASSET-HFNU-2025-ZC-PDF"",""page"":1,""row_key"":""市场营销"",""section"":""招生专业计划""}"
FACTSRC-5caf9962-ab72-5ee6-8099-4e09780d8e00,enrollment_plans,PLAN-e1a7f4c2-df1f-555f-804f-da6dc2ab9b4e,SRC-HFNU-2025-ZC,primary_evidence,"{""asset_id"":""ASSET-HFNU-2025-ZC-PDF"",""page"":2,""row_key"":""网络工程"",""section"":""招生专业计划""}"
FACTSRC-f15d5305-a722-56c1-a6ae-99b9c0d9862f,enrollment_plans,PLAN-e3795b60-a728-5947-94c9-57b0ca585cfd,SRC-HFNU-2024-ZC,primary_evidence,"{""row_key"":""网络工程"",""section"":""招生专业计划"",""table"":1,""url"":""https://zsb.hfnu.edu.cn/info/1003/2715.htm""}"
FACTSRC-ddf6dd0a-cafd-5df3-aecb-94c270331122,enrollment_plans,PLAN-e3f01cb1-1dea-5e95-9c42-a72e22e6b848,SRC-HFNU-2024-ZC,primary_evidence,"{""row_key"":""网络工程"",""section"":""招生专业计划"",""table"":1,""url"":""https://zsb.hfnu.edu.cn/info/1003/2715.htm""}"
FACTSRC-d0c61d7e-26e0-5a57-a818-aaee85eefb89,enrollment_plans,PLAN-e43cbc7f-1b52-5c65-aad1-36de731ebca4,SRC-HFNU-2025-ZC,primary_evidence,"{""asset_id"":""ASSET-HFNU-2025-ZC-PDF"",""page"":1,""row_key"":""通信工程"",""section"":""招生专业计划""}"
FACTSRC-c3b64123-8eae-5e67-9066-af2088acc628,enrollment_plans,PLAN-e467132e-6348-51aa-b89f-6fb598a4ecbb,SRC-HFNU-2025-ZC,primary_evidence,"{""asset_id"":""ASSET-HFNU-2025-ZC-PDF"",""page"":2,""row_key"":""电气工程及其自动化"",""section"":""招生专业计划""}"
FACTSRC-f5a121f4-9e85-51d9-96a3-c2acc4616e7e,enrollment_plans,PLAN-e6252ccb-bcf6-51ce-ab01-a005ed1e9f13,SRC-HFNU-2024-ZC,primary_evidence,"{""row_key"":""财务管理"",""section"":""招生专业计划"",""table"":1,""url"":""https://zsb.hfnu.edu.cn/info/1003/2715.htm""}"
FACTSRC-f4c4cfef-14ad-5664-9316-3e7c25df241c,enrollment_plans,PLAN-e7f8bdbe-6b16-52a8-a581-088d0e5bf327,SRC-HFNU-2025-ZC,primary_evidence,"{""asset_id"":""ASSET-HFNU-2025-ZC-PDF"",""page"":1,""row_key"":""互联网金融"",""section"":""招生专业计划""}"
FACTSRC-01399c46-7ac7-52e8-91a1-f662dacc6f51,enrollment_plans,PLAN-e8242220-5030-5f12-bcb2-6fdfef0f59f1,SRC-HFNU-2025-ZC,primary_evidence,"{""asset_id"":""ASSET-HFNU-2025-ZC-PDF"",""page"":1,""row_key"":""音乐学"",""section"":""招生专业计划""}"
FACTSRC-e27a044f-ea7f-519a-8a59-09721aefca21,enrollment_plans,PLAN-e894923d-8ae5-5067-b82e-00d41eb99ed9,SRC-HFNU-2024-ZC,primary_evidence,"{""row_key"":""经济统计学"",""section"":""招生专业计划"",""table"":1,""url"":""https://zsb.hfnu.edu.cn/info/1003/2715.htm""}"
FACTSRC-108a5eaa-aa50-554b-90ef-d678f0c06540,enrollment_plans,PLAN-e9976403-1221-5b1b-b727-25e454edca82,SRC-HFNU-2024-ZC,primary_evidence,"{""row_key"":""通信工程"",""section"":""招生专业计划"",""table"":1,""url"":""https://zsb.hfnu.edu.cn/info/1003/2715.htm""}"
FACTSRC-7de82217-ede7-509d-91b9-c02a4c7715dd,enrollment_plans,PLAN-e997b402-46c7-5219-8497-770726af0443,SRC-HFNU-2024-ZC,primary_evidence,"{""row_key"":""化学工程与工艺"",""section"":""招生专业计划"",""table"":1,""url"":""https://zsb.hfnu.edu.cn/info/1003/2715.htm""}"
FACTSRC-f3ba914f-02dd-5a63-9d6e-cbe6c5bd9246,enrollment_plans,PLAN-e9fcef37-9e8c-57fd-8301-5b0469432be0,SRC-HFNU-2025-ZC,primary_evidence,"{""asset_id"":""ASSET-HFNU-2025-ZC-PDF"",""page"":1,""row_key"":""人力资源管理"",""section"":""招生专业计划""}"
FACTSRC-f5f4cabc-b454-55a6-891c-3c33e5624f49,enrollment_plans,PLAN-ea57edb2-6735-51fb-964d-09b4b64b3318,SRC-HFNU-2025-ZC,primary_evidence,"{""asset_id"":""ASSET-HFNU-2025-ZC-PDF"",""page"":1,""row_key"":""数据科学与大数据技术"",""section"":""招生专业计划""}"
FACTSRC-2149285b-709d-5768-b6d9-531a7fbf5886,enrollment_plans,PLAN-eaf36c88-76af-5ae7-a264-2e8e65b6e2cf,SRC-HFNU-2025-ZC,primary_evidence,"{""asset_id"":""ASSET-HFNU-2025-ZC-PDF"",""page"":1,""row_key"":""视觉传达设计"",""section"":""招生专业计划""}"
FACTSRC-1dca23a4-9fdb-5ea1-a58e-e239ec830528,enrollment_plans,PLAN-eb310ef8-aaee-56cc-853b-9be2eac72261,SRC-HFNU-2025-ZC,primary_evidence,"{""asset_id"":""ASSET-HFNU-2025-ZC-PDF"",""page"":2,""row_key"":""电气工程及其自动化"",""section"":""招生专业计划""}"
FACTSRC-88c51bee-df61-5329-a402-39b946012a2c,enrollment_plans,PLAN-ebb250f1-3a7c-555c-ac26-281dc10534ed,SRC-HFNU-2024-ZC,primary_evidence,"{""row_key"":""食品质量与安全"",""section"":""招生专业计划"",""table"":1,""url"":""https://zsb.hfnu.edu.cn/info/1003/2715.htm""}"
FACTSRC-feb1bd25-fc34-5204-9459-34a415398005,enrollment_plans,PLAN-ece71f7b-d7f0-5122-b847-319165d8550e,SRC-HFNU-2025-ZC,primary_evidence,"{""asset_id"":""ASSET-HFNU-2025-ZC-PDF"",""page"":1,""row_key"":""互联网金融"",""section"":""招生专业计划""}"
FACTSRC-0f39c79f-ad53-52e9-a32a-6657171212de,enrollment_plans,PLAN-ed40e71f-b152-5a89-83ad-c913666fb5c0,SRC-HFNU-2025-ZC,primary_evidence,"{""asset_id"":""ASSET-HFNU-2025-ZC-PDF"",""page"":2,""row_key"":""食品质量与安全"",""section"":""招生专业计划""}"
FACTSRC-eb2bf233-ed1c-500e-9780-6d0e0d7314c7,enrollment_plans,PLAN-ed5b22c3-cced-52c7-ab00-dc26cca59cfa,SRC-HFNU-2025-ZC,primary_evidence,"{""asset_id"":""ASSET-HFNU-2025-ZC-PDF"",""page"":1,""row_key"":""动画"",""section"":""招生专业计划""}"
FACTSRC-75664a85-78b1-500d-b539-72bccf7f6417,enrollment_plans,PLAN-ed9900b9-7fd8-52f2-8019-35923add0ea8,SRC-HFNU-2024-ZC,primary_evidence,"{""row_key"":""人力资源管理"",""section"":""招生专业计划"",""table"":1,""url"":""https://zsb.hfnu.edu.cn/info/1003/2715.htm""}"
FACTSRC-a2a0b31b-93f8-52e4-8064-1ed8df6cf302,enrollment_plans,PLAN-ef1979d3-8d34-54f3-98b0-6148edc930c0,SRC-HFNU-2024-ZC,primary_evidence,"{""row_key"":""电气工程及其自动化"",""section"":""招生专业计划"",""table"":1,""url"":""https://zsb.hfnu.edu.cn/info/1003/2715.htm""}"
FACTSRC-8024da79-c90e-5c21-8b8f-f18209addaeb,enrollment_plans,PLAN-ef2e37e4-89f9-5d8c-b4ec-e77fca1c1747,SRC-HFNU-2024-ZC,primary_evidence,"{""row_key"":""运动康复"",""section"":""招生专业计划"",""table"":1,""url"":""https://zsb.hfnu.edu.cn/info/1003/2715.htm""}"
FACTSRC-217f19c9-f036-59e9-bbf5-a5cd56af088f,enrollment_plans,PLAN-efd787cc-dd48-597e-b01d-ace1733e2eae,SRC-HFNU-2026-ZC,primary_evidence,"{""asset_id"":""ASSET-HFNU-2026-ZC-PDF"",""page"":2,""row_key"":""电气工程及其自动化"",""section"":""招生专业计划""}"
FACTSRC-8cb8ccf9-410b-5cee-a8a9-58e0a46922b1,enrollment_plans,PLAN-f0564c2f-e912-5279-9a09-372dad4c4cd3,SRC-HFNU-2026-ZC,primary_evidence,"{""asset_id"":""ASSET-HFNU-2026-ZC-PDF"",""page"":1,""row_key"":""药物制剂"",""section"":""招生专业计划""}"
FACTSRC-1391b521-488d-5a98-8ce1-12daaf01b5f6,enrollment_plans,PLAN-f060fb28-0e90-5244-9010-cf0f7ca0e984,SRC-HFNU-2026-ZC,primary_evidence,"{""asset_id"":""ASSET-HFNU-2026-ZC-PDF"",""page"":1,""row_key"":""服装与服饰设计"",""section"":""招生专业计划""}"
FACTSRC-9e78865b-457f-58b5-8d52-498fc9cc55d6,enrollment_plans,PLAN-f23902f6-55eb-570a-8497-14aaf46b5ff9,SRC-HFNU-2024-ZC,primary_evidence,"{""row_key"":""生物制药"",""section"":""招生专业计划"",""table"":1,""url"":""https://zsb.hfnu.edu.cn/info/1003/2715.htm""}"
FACTSRC-c8fc78a9-f6c3-540a-8a33-ff79f45510a1,enrollment_plans,PLAN-f2783e3a-129d-53e7-a5bf-80cba3811a00,SRC-HFNU-2025-ZC,primary_evidence,"{""asset_id"":""ASSET-HFNU-2025-ZC-PDF"",""page"":1,""row_key"":""服装与服饰设计"",""section"":""招生专业计划""}"
FACTSRC-57c29013-f439-5344-ab5b-16a049909cc8,enrollment_plans,PLAN-f33b8e73-a877-5db7-9ec0-4ed17de7b71c,SRC-HFNU-2025-ZC,primary_evidence,"{""asset_id"":""ASSET-HFNU-2025-ZC-PDF"",""page"":2,""row_key"":""计算机科学与技术"",""section"":""招生专业计划""}"
FACTSRC-d9a32aca-afc3-5332-a585-1339c7451ae4,enrollment_plans,PLAN-f3f52e0b-9360-59bb-b738-034d662ba79a,SRC-HFNU-2026-ZC,primary_evidence,"{""asset_id"":""ASSET-HFNU-2026-ZC-PDF"",""page"":1,""row_key"":""生物制药"",""section"":""招生专业计划""}"
FACTSRC-4962bb71-3841-56c6-8d40-b6e718955c7f,enrollment_plans,PLAN-f483ea35-6214-5210-b793-856a32065a0a,SRC-HFNU-2026-ZC,primary_evidence,"{""asset_id"":""ASSET-HFNU-2026-ZC-PDF"",""page"":1,""row_key"":""动画"",""section"":""招生专业计划""}"
FACTSRC-d8d30b64-e7e3-5725-9dfa-e791c8eceea1,enrollment_plans,PLAN-f4eaabb8-2049-5a57-820b-c9c31075179b,SRC-HFNU-2024-ZC,primary_evidence,"{""row_key"":""视觉传达设计"",""section"":""招生专业计划"",""table"":1,""url"":""https://zsb.hfnu.edu.cn/info/1003/2715.htm""}"
FACTSRC-e4317fee-9dd9-535f-b818-a4946e8cbb60,enrollment_plans,PLAN-f4ee4b01-59f9-5145-87c7-90d6a7b4f283,SRC-HFNU-2025-ZC,primary_evidence,"{""asset_id"":""ASSET-HFNU-2025-ZC-PDF"",""page"":2,""row_key"":""运动康复"",""section"":""招生专业计划""}"
FACTSRC-856d7461-b29b-54e9-bb2c-13c298fed006,enrollment_plans,PLAN-f5847f03-32ef-50e8-8492-b48247b4bd3a,SRC-HFNU-2024-ZC,primary_evidence,"{""row_key"":""财务管理"",""section"":""招生专业计划"",""table"":1,""url"":""https://zsb.hfnu.edu.cn/info/1003/2715.htm""}"
FACTSRC-ca3cc463-93d8-5c9b-9c5f-d2a12bcb9610,enrollment_plans,PLAN-f5850c1d-decc-56de-b902-d1575163e1c3,SRC-HFNU-2026-ZC,primary_evidence,"{""asset_id"":""ASSET-HFNU-2026-ZC-PDF"",""page"":2,""row_key"":""小学教育"",""section"":""招生专业计划""}"
FACTSRC-5c0f9450-e9a9-5084-9c80-4dbc20c8ac87,enrollment_plans,PLAN-f588c65c-1d29-5872-88ca-265bc84aaf84,SRC-HFNU-2026-ZC,primary_evidence,"{""asset_id"":""ASSET-HFNU-2026-ZC-PDF"",""page"":1,""row_key"":""电子信息工程"",""section"":""招生专业计划""}"
FACTSRC-26add10b-9fff-5588-8d4d-fb15f2a3ca56,enrollment_plans,PLAN-f6bfbb31-78a1-5a04-891d-f2f1698262c3,SRC-HFNU-2024-ZC,primary_evidence,"{""row_key"":""经济统计学"",""section"":""招生专业计划"",""table"":1,""url"":""https://zsb.hfnu.edu.cn/info/1003/2715.htm""}"
FACTSRC-7ab29683-bcea-5f26-a667-0ca2cd8a41f3,enrollment_plans,PLAN-f76d3e73-605c-5c04-9cc0-4ef3c2a2b452,SRC-HFNU-2025-ZC,primary_evidence,"{""asset_id"":""ASSET-HFNU-2025-ZC-PDF"",""page"":2,""row_key"":""财务管理"",""section"":""招生专业计划""}"
FACTSRC-5d981ef3-8a5c-514e-9cd8-af5d001b7417,enrollment_plans,PLAN-f798cff2-d99a-5c04-97d8-b58370741460,SRC-HFNU-2026-ZC,primary_evidence,"{""asset_id"":""ASSET-HFNU-2026-ZC-PDF"",""page"":1,""row_key"":""生物制药"",""section"":""招生专业计划""}"
FACTSRC-0911dd44-8631-5902-a2c3-56994a5125f6,enrollment_plans,PLAN-f86ae3bd-5226-50f1-90a0-fadd94cd62c3,SRC-HFNU-2025-ZC,primary_evidence,"{""asset_id"":""ASSET-HFNU-2025-ZC-PDF"",""page"":2,""row_key"":""小学教育"",""section"":""招生专业计划""}"
FACTSRC-06674642-9ed7-58f2-a20f-b874d2d1e064,enrollment_plans,PLAN-f87dc0b7-9259-5c5c-b20a-29a46f4f78a4,SRC-HFNU-2026-ZC,primary_evidence,"{""asset_id"":""ASSET-HFNU-2026-ZC-PDF"",""page"":1,""row_key"":""学前教育"",""section"":""招生专业计划""}"
FACTSRC-a2a914c2-f95c-5e69-8992-deead289a48a,enrollment_plans,PLAN-f8a621f6-8301-56e9-896a-d475fc853e49,SRC-HFNU-2025-ZC,primary_evidence,"{""asset_id"":""ASSET-HFNU-2025-ZC-PDF"",""page"":2,""row_key"":""电气工程及其自动化"",""section"":""招生专业计划""}"
FACTSRC-1500983b-ccfa-50c4-99c2-7a4c2bfc591b,enrollment_plans,PLAN-f8c1c450-7a7c-5284-8663-c3ba82e0235a,SRC-HFNU-2026-ZC,primary_evidence,"{""asset_id"":""ASSET-HFNU-2026-ZC-PDF"",""page"":1,""row_key"":""人力资源管理"",""section"":""招生专业计划""}"
FACTSRC-4b2d1a4a-39af-572f-952d-5516499dcb0b,enrollment_plans,PLAN-f8f0c877-eca9-5605-9af9-10380eb15f54,SRC-HFNU-2025-ZC,primary_evidence,"{""asset_id"":""ASSET-HFNU-2025-ZC-PDF"",""page"":1,""row_key"":""音乐学"",""section"":""招生专业计划""}"
FACTSRC-d52ee01e-c9ea-59e3-bdff-09d78b03b2f7,enrollment_plans,PLAN-fa50f9e3-df43-5b44-b4a2-9da43a5a53b6,SRC-HFNU-2025-ZC,primary_evidence,"{""asset_id"":""ASSET-HFNU-2025-ZC-PDF"",""page"":1,""row_key"":""软件工程"",""section"":""招生专业计划""}"
FACTSRC-da541b95-4b2a-5c9b-a1db-8a7764a9b0bc,enrollment_plans,PLAN-fb08b28b-bdb1-5f44-bf1b-e053a36191d9,SRC-HFNU-2025-ZC,primary_evidence,"{""asset_id"":""ASSET-HFNU-2025-ZC-PDF"",""page"":2,""row_key"":""环境设计"",""section"":""招生专业计划""}"
FACTSRC-8ce3c4a9-48eb-5384-92e3-d0dc385d15cd,enrollment_plans,PLAN-fb46515b-575a-509f-a61d-ae296bf1d891,SRC-HFNU-2026-ZC,primary_evidence,"{""asset_id"":""ASSET-HFNU-2026-ZC-PDF"",""page"":2,""row_key"":""财务管理"",""section"":""招生专业计划""}"
FACTSRC-6db39cdf-3486-5a89-bb42-295c07e6f0c2,enrollment_plans,PLAN-fbc4e37b-62aa-571b-b1ce-31b1f857c90d,SRC-HFNU-2024-ZC,primary_evidence,"{""row_key"":""服装与服饰设计"",""section"":""招生专业计划"",""table"":1,""url"":""https://zsb.hfnu.edu.cn/info/1003/2715.htm""}"
FACTSRC-e8b0e529-f8d4-5458-a857-cf7438d49933,enrollment_plans,PLAN-fbff8970-a811-580e-ae50-f7c896c40263,SRC-HFNU-2024-ZC,primary_evidence,"{""row_key"":""学前教育"",""section"":""招生专业计划"",""table"":1,""url"":""https://zsb.hfnu.edu.cn/info/1003/2715.htm""}"
FACTSRC-3cbae3b6-c9a9-559e-ae11-17016f0884a9,enrollment_plans,PLAN-fc0a6691-75a4-5661-b5fc-d338437d850c,SRC-HFNU-2026-ZC,primary_evidence,"{""asset_id"":""ASSET-HFNU-2026-ZC-PDF"",""page"":1,""row_key"":""药物制剂"",""section"":""招生专业计划""}"
FACTSRC-0508547e-efc0-5fe2-bf37-700c91026287,enrollment_plans,PLAN-fd75d000-864a-595a-a4ba-b452a51b45ee,SRC-HFNU-2024-ZC,primary_evidence,"{""row_key"":""化学工程与工艺"",""section"":""招生专业计划"",""table"":1,""url"":""https://zsb.hfnu.edu.cn/info/1003/2715.htm""}"
FACTSRC-a36807fe-85ef-559c-9b19-60bd167312e8,enrollment_plans,PLAN-fe4fadef-dd25-5568-a4f0-440ec7a0fa8f,SRC-HFNU-2025-ZC,primary_evidence,"{""asset_id"":""ASSET-HFNU-2025-ZC-PDF"",""page"":2,""row_key"":""小学教育"",""section"":""招生专业计划""}"
FACTSRC-c97265f3-5ade-5492-b10e-42cafd0713f2,enrollment_plans,PLAN-fe9fca65-e285-5496-a2e9-6fbc65be2249,SRC-HFNU-2024-ZC,primary_evidence,"{""row_key"":""电气工程及其自动化"",""section"":""招生专业计划"",""table"":1,""url"":""https://zsb.hfnu.edu.cn/info/1003/2715.htm""}"
FACTSRC-35906fe0-e381-560b-a9df-6e2cc498b433,enrollment_plans,PLAN-fedc2488-5b9f-5efe-9c63-187fb7d28cdc,SRC-HFNU-2026-ZC,primary_evidence,"{""asset_id"":""ASSET-HFNU-2026-ZC-PDF"",""page"":2,""row_key"":""计算机科学与技术"",""section"":""招生专业计划""}"
FACTSRC-e6d51d81-ee35-51d1-bb96-ba4e691fcfdf,exam_sessions,SESSION-0124cede-a364-5d61-bcde-f100471f7efa,SRC-HFNU-2026-ZC,primary_evidence,"{""asset_id"":""ASSET-HFNU-2026-ZC-PDF"",""page"":12,""row_key"":""生物制药"",""section"":""考试时间和考试地点""}"
FACTSRC-4fa841ff-2b60-56b8-b751-ff43172c4ba7,exam_sessions,SESSION-016f6dbe-3df8-524a-9420-7feacea77722,SRC-HFNU-2024-ZC,primary_evidence,"{""row_key"":""新能源材料与器件"",""section"":""考试科目"",""table"":3,""url"":""https://zsb.hfnu.edu.cn/info/1003/2715.htm""}"
FACTSRC-bc044369-7abf-5a3b-8674-ce99a84b199d,exam_sessions,SESSION-01f99914-f892-59d0-95ee-f3cbd2a11bd4,SRC-HFNU-2025-ZC,primary_evidence,"{""asset_id"":""ASSET-HFNU-2025-ZC-PDF"",""page"":13,""row_key"":""财务管理"",""section"":""考试时间和考试地点""}"
FACTSRC-7087aeb0-dbcf-5ae9-b452-039b3a9cda50,exam_sessions,SESSION-024a21ef-2e15-5872-a576-e503dbcc28e7,SRC-HFNU-2026-ZC,primary_evidence,"{""asset_id"":""ASSET-HFNU-2026-ZC-PDF"",""page"":12,""row_key"":""生物制药"",""section"":""考试时间和考试地点""}"
FACTSRC-2d3274bb-618a-5422-8edc-3c9371bf7fbf,exam_sessions,SESSION-03221907-deb5-5056-bcf1-39248e1a5389,SRC-HFNU-2026-ZC,primary_evidence,"{""asset_id"":""ASSET-HFNU-2026-ZC-PDF"",""page"":12,""row_key"":""财务管理"",""section"":""考试时间和考试地点""}"
FACTSRC-b052116d-a7bc-5ffd-9bb4-8aaf6a0da786,exam_sessions,SESSION-068ce6a4-351e-555d-8849-5dbe46ce5d7c,SRC-HFNU-2024-ZC,primary_evidence,"{""row_key"":""计算机科学与技术"",""section"":""考试科目"",""table"":3,""url"":""https://zsb.hfnu.edu.cn/info/1003/2715.htm""}"
FACTSRC-a0dad5fe-713e-55ad-9ed1-638315a55295,exam_sessions,SESSION-09312be1-8711-57c3-9f52-d3919767d8e4,SRC-HFNU-2026-ZC,primary_evidence,"{""asset_id"":""ASSET-HFNU-2026-ZC-PDF"",""page"":12,""row_key"":""商务英语"",""section"":""考试时间和考试地点""}"
FACTSRC-b6f128b5-59ea-5555-a6f6-8eded14d1571,exam_sessions,SESSION-0e95af19-a6d3-5882-a3f4-224a6f53c7ae,SRC-HFNU-2025-ZC,primary_evidence,"{""asset_id"":""ASSET-HFNU-2025-ZC-PDF"",""page"":13,""row_key"":""药物制剂"",""section"":""考试时间和考试地点""}"
FACTSRC-bc760b1b-e499-5d5e-ab10-9e8ce486bc0e,exam_sessions,SESSION-1159b64c-85cc-5ccc-aef4-0f415157e61d,SRC-HFNU-2025-ZC,primary_evidence,"{""asset_id"":""ASSET-HFNU-2025-ZC-PDF"",""page"":13,""row_key"":""视觉传达设计"",""section"":""考试时间和考试地点""}"
FACTSRC-1efa8dff-28e4-555c-98ba-3a8c68810a11,exam_sessions,SESSION-14a23b61-6406-5f74-9352-89fbfe7e1cf5,SRC-HFNU-2025-ZC,primary_evidence,"{""asset_id"":""ASSET-HFNU-2025-ZC-PDF"",""page"":13,""row_key"":""电气工程及其自动化"",""section"":""考试时间和考试地点""}"
FACTSRC-ea817980-283b-5a37-9272-4c11da64018b,exam_sessions,SESSION-16e7a1ce-bc77-5206-85ff-8ed3e4cf3021,SRC-HFNU-2026-ZC,primary_evidence,"{""asset_id"":""ASSET-HFNU-2026-ZC-PDF"",""page"":12,""row_key"":""软件工程"",""section"":""考试时间和考试地点""}"
FACTSRC-342f73fc-4bc1-587d-b51e-9e5714a36061,exam_sessions,SESSION-17e251a9-1e30-5f72-ae5d-582dcc630e61,SRC-HFNU-2026-ZC,primary_evidence,"{""asset_id"":""ASSET-HFNU-2026-ZC-PDF"",""page"":12,""row_key"":""市场营销"",""section"":""考试时间和考试地点""}"
FACTSRC-0b12bc5f-dbf5-5757-995a-f6b0f6ca2665,exam_sessions,SESSION-18b799ba-8ec0-5f91-a77f-0c8c9701d647,SRC-HFNU-2025-ZC,primary_evidence,"{""asset_id"":""ASSET-HFNU-2025-ZC-PDF"",""page"":13,""row_key"":""经济统计学"",""section"":""考试时间和考试地点""}"
FACTSRC-14dfd56e-ba86-5ef4-b847-b8b97a4c8916,exam_sessions,SESSION-19768486-39a6-559a-8604-987e071f8542,SRC-HFNU-2025-ZC,primary_evidence,"{""asset_id"":""ASSET-HFNU-2025-ZC-PDF"",""page"":13,""row_key"":""市场营销"",""section"":""考试时间和考试地点""}"
FACTSRC-ef166cdf-1716-5e68-8248-f6cfa9db2b86,exam_sessions,SESSION-1a46e7a7-71e3-5bdb-b170-42f2066bb85a,SRC-HFNU-2025-ZC,primary_evidence,"{""asset_id"":""ASSET-HFNU-2025-ZC-PDF"",""page"":13,""row_key"":""服装与服饰设计"",""section"":""考试时间和考试地点""}"
FACTSRC-43c00722-808c-57b1-9c40-f70cce8734c1,exam_sessions,SESSION-1aecf4d1-3b75-54c2-b205-07a1a176237d,SRC-HFNU-2026-ZC,primary_evidence,"{""asset_id"":""ASSET-HFNU-2026-ZC-PDF"",""page"":12,""row_key"":""通信工程"",""section"":""考试时间和考试地点""}"
FACTSRC-b4c0d952-8f1d-5416-a20f-0873f56172d2,exam_sessions,SESSION-1b8535ba-c80e-5f5a-b03c-33deee67e6df,SRC-HFNU-2024-ZC,primary_evidence,"{""row_key"":""互联网金融"",""section"":""考试科目"",""table"":3,""url"":""https://zsb.hfnu.edu.cn/info/1003/2715.htm""}"
FACTSRC-2224f5bb-6371-5e76-b93c-47e22604a401,exam_sessions,SESSION-1ba6c00f-a152-5beb-9658-0f78296f0970,SRC-HFNU-2025-ZC,primary_evidence,"{""asset_id"":""ASSET-HFNU-2025-ZC-PDF"",""page"":13,""row_key"":""通信工程"",""section"":""考试时间和考试地点""}"
FACTSRC-14750b2f-9689-5506-ab16-e0dad3f2fba0,exam_sessions,SESSION-1bafb0a3-8ed5-586f-ac38-eaeb475faab5,SRC-HFNU-2024-ZC,primary_evidence,"{""row_key"":""材料科学与工程"",""section"":""考试科目"",""table"":3,""url"":""https://zsb.hfnu.edu.cn/info/1003/2715.htm""}"
FACTSRC-a8b052b4-011a-5c67-bec8-6860ee452df2,exam_sessions,SESSION-1cbb05e0-5b4a-5208-9a9f-9d964ce44323,SRC-HFNU-2026-ZC,primary_evidence,"{""asset_id"":""ASSET-HFNU-2026-ZC-PDF"",""page"":12,""row_key"":""药物制剂"",""section"":""考试时间和考试地点""}"
FACTSRC-53189d18-21e9-5aa7-ad4d-898875dfd25f,exam_sessions,SESSION-1cf9e3a3-ab9c-53b7-a3f7-a41abe06f307,SRC-HFNU-2024-ZC,primary_evidence,"{""row_key"":""电气工程及其自动化"",""section"":""考试科目"",""table"":3,""url"":""https://zsb.hfnu.edu.cn/info/1003/2715.htm""}"
FACTSRC-243688cd-0f31-5aca-9519-2e6194754d72,exam_sessions,SESSION-1d2735cd-f26c-5cd2-8bef-204378f2cdc6,SRC-HFNU-2026-ZC,primary_evidence,"{""asset_id"":""ASSET-HFNU-2026-ZC-PDF"",""page"":12,""row_key"":""通信工程"",""section"":""考试时间和考试地点""}"
FACTSRC-51deb927-fba4-5a52-958a-7d8225768ae1,exam_sessions,SESSION-1d39f351-8603-5ce7-936e-449015a6ece2,SRC-HFNU-2024-ZC,primary_evidence,"{""row_key"":""生物制药"",""section"":""考试科目"",""table"":3,""url"":""https://zsb.hfnu.edu.cn/info/1003/2715.htm""}"
FACTSRC-7b3138c3-ccf0-5184-82ce-39ec643440bd,exam_sessions,SESSION-1d8b17a7-5892-52ad-a6aa-06b95b429177,SRC-HFNU-2026-ZC,primary_evidence,"{""asset_id"":""ASSET-HFNU-2026-ZC-PDF"",""page"":12,""row_key"":""互联网金融"",""section"":""考试时间和考试地点""}"
FACTSRC-e0f69d07-f354-548e-a26b-ef1847114009,exam_sessions,SESSION-217cd0d7-96de-51fc-bd56-e3d8829d2b9a,SRC-HFNU-2026-ZC,primary_evidence,"{""asset_id"":""ASSET-HFNU-2026-ZC-PDF"",""page"":12,""row_key"":""新能源材料与器件"",""section"":""考试时间和考试地点""}"
FACTSRC-9ba9c056-e4ea-5a6a-babe-95a444e9da06,exam_sessions,SESSION-21a0b7ab-86bb-5ca5-aa86-199576a1e0bb,SRC-HFNU-2024-ZC,primary_evidence,"{""row_key"":""动画"",""section"":""考试科目"",""table"":3,""url"":""https://zsb.hfnu.edu.cn/info/1003/2715.htm""}"
FACTSRC-7883b3fa-50c0-503d-b24f-90413fcf1d80,exam_sessions,SESSION-21e4cfac-969a-54aa-bfc7-a080ac0bc84f,SRC-HFNU-2024-ZC,primary_evidence,"{""row_key"":""经济统计学"",""section"":""考试科目"",""table"":3,""url"":""https://zsb.hfnu.edu.cn/info/1003/2715.htm""}"
FACTSRC-b8f633ca-5bd7-50ab-a1e4-9fdc44091389,exam_sessions,SESSION-22720189-4e4c-55d1-85fb-a8594a001656,SRC-HFNU-2025-ZC,primary_evidence,"{""asset_id"":""ASSET-HFNU-2025-ZC-PDF"",""page"":13,""row_key"":""食品质量与安全"",""section"":""考试时间和考试地点""}"
FACTSRC-5849cabb-e77e-5202-86e3-c5c7d759cd48,exam_sessions,SESSION-2388138a-02ba-540f-b2fb-ab2e18a9ac5d,SRC-HFNU-2026-ZC,primary_evidence,"{""asset_id"":""ASSET-HFNU-2026-ZC-PDF"",""page"":12,""row_key"":""电子信息工程"",""section"":""考试时间和考试地点""}"
FACTSRC-e0d8c9f8-2f83-5b4f-b390-ba85d2a0d182,exam_sessions,SESSION-244a0743-1b7c-54af-80dc-16912206e5c6,SRC-HFNU-2024-ZC,primary_evidence,"{""row_key"":""网络工程"",""section"":""考试科目"",""table"":3,""url"":""https://zsb.hfnu.edu.cn/info/1003/2715.htm""}"
FACTSRC-8eecce63-f45b-5412-8bee-11e206d462fc,exam_sessions,SESSION-26bfced5-5c57-5e42-9b8e-ed2fb351a921,SRC-HFNU-2025-ZC,primary_evidence,"{""asset_id"":""ASSET-HFNU-2025-ZC-PDF"",""page"":13,""row_key"":""通信工程"",""section"":""考试时间和考试地点""}"
FACTSRC-c10d786f-da01-5e20-abec-3d2c9e45ff6b,exam_sessions,SESSION-26c6461f-0224-5aa5-90bb-24bd3da13a9a,SRC-HFNU-2026-ZC,primary_evidence,"{""asset_id"":""ASSET-HFNU-2026-ZC-PDF"",""page"":12,""row_key"":""运动康复"",""section"":""考试时间和考试地点""}"
FACTSRC-72ef63ce-e910-5a75-aa03-ce2faa30693d,exam_sessions,SESSION-272af6f8-7957-5e33-9bd5-43dcd067a9f1,SRC-HFNU-2026-ZC,primary_evidence,"{""asset_id"":""ASSET-HFNU-2026-ZC-PDF"",""page"":12,""row_key"":""电子信息工程"",""section"":""考试时间和考试地点""}"
FACTSRC-02d54429-e475-506e-8c97-c7114cd00bbe,exam_sessions,SESSION-29c5981b-d5a2-5753-b037-974f8dfe3461,SRC-HFNU-2025-ZC,primary_evidence,"{""asset_id"":""ASSET-HFNU-2025-ZC-PDF"",""page"":13,""row_key"":""小学教育"",""section"":""考试时间和考试地点""}"
FACTSRC-7ffa3b2a-71f5-5ee6-8e87-660fc502e335,exam_sessions,SESSION-29cc70da-b892-5e5b-8f64-7326edc3d3ca,SRC-HFNU-2025-ZC,primary_evidence,"{""asset_id"":""ASSET-HFNU-2025-ZC-PDF"",""page"":13,""row_key"":""环境设计"",""section"":""考试时间和考试地点""}"
FACTSRC-7342cb4a-cd80-5aa3-9945-47501cad224b,exam_sessions,SESSION-2bd1c3f6-eb43-5e32-8743-05cff3b5a50f,SRC-HFNU-2026-ZC,primary_evidence,"{""asset_id"":""ASSET-HFNU-2026-ZC-PDF"",""page"":12,""row_key"":""食品质量与安全"",""section"":""考试时间和考试地点""}"
FACTSRC-3539a632-c6e9-5c86-acbb-d7833b7e620a,exam_sessions,SESSION-2cf4437b-29b5-5a1a-8cb9-55b45ddd6aab,SRC-HFNU-2026-ZC,primary_evidence,"{""asset_id"":""ASSET-HFNU-2026-ZC-PDF"",""page"":12,""row_key"":""新能源材料与器件"",""section"":""考试时间和考试地点""}"
FACTSRC-7ae0564f-e759-51c0-9617-d7adce22a115,exam_sessions,SESSION-2e16f81e-9a07-54d1-a1bb-1daec8af29eb,SRC-HFNU-2026-ZC,primary_evidence,"{""asset_id"":""ASSET-HFNU-2026-ZC-PDF"",""page"":12,""row_key"":""视觉传达设计"",""section"":""考试时间和考试地点""}"
FACTSRC-fa19617c-e602-59d8-acf5-cb567da56937,exam_sessions,SESSION-2e7217f6-996d-5906-b291-62d88bfda2cf,SRC-HFNU-2025-ZC,primary_evidence,"{""asset_id"":""ASSET-HFNU-2025-ZC-PDF"",""page"":13,""row_key"":""生物制药"",""section"":""考试时间和考试地点""}"
FACTSRC-9ec09975-dcbe-5ca9-9f73-4838f29a319a,exam_sessions,SESSION-2f37ee31-7361-5934-8b4f-4342e7db701b,SRC-HFNU-2025-ZC,primary_evidence,"{""asset_id"":""ASSET-HFNU-2025-ZC-PDF"",""page"":13,""row_key"":""网络与新媒体"",""section"":""考试时间和考试地点""}"
FACTSRC-48152b7e-7608-564c-a080-b76e523defcf,exam_sessions,SESSION-321d77f5-3a21-577d-b96b-8cdf12c4cd8f,SRC-HFNU-2025-ZC,primary_evidence,"{""asset_id"":""ASSET-HFNU-2025-ZC-PDF"",""page"":13,""row_key"":""动画"",""section"":""考试时间和考试地点""}"
FACTSRC-4079460b-40a8-52cd-8032-3a7f62e9a60d,exam_sessions,SESSION-37aa1e2d-962b-57f7-8926-68086d9d59a5,SRC-HFNU-2026-ZC,primary_evidence,"{""asset_id"":""ASSET-HFNU-2026-ZC-PDF"",""page"":12,""row_key"":""环境设计"",""section"":""考试时间和考试地点""}"
FACTSRC-33685d50-d8c1-5fc0-a98a-20075aa2d21b,exam_sessions,SESSION-39b38342-cac0-599a-9c39-c1bdec73d4df,SRC-HFNU-2024-ZC,primary_evidence,"{""row_key"":""动画"",""section"":""考试科目"",""table"":3,""url"":""https://zsb.hfnu.edu.cn/info/1003/2715.htm""}"
FACTSRC-9fae735d-2630-52cd-870e-c349295f9ab0,exam_sessions,SESSION-39b91c47-78e5-5dc6-804f-9717968570fe,SRC-HFNU-2025-ZC,primary_evidence,"{""asset_id"":""ASSET-HFNU-2025-ZC-PDF"",""page"":13,""row_key"":""学前教育"",""section"":""考试时间和考试地点""}"
FACTSRC-09168a0c-f60f-5bce-b0fa-d195708629dd,exam_sessions,SESSION-3a0fc4d0-96fe-5c67-b354-627828c47680,SRC-HFNU-2025-ZC,primary_evidence,"{""asset_id"":""ASSET-HFNU-2025-ZC-PDF"",""page"":13,""row_key"":""数据科学与大数据技术"",""section"":""考试时间和考试地点""}"
FACTSRC-a72d273e-0009-5c01-962b-bfcfdcf92c30,exam_sessions,SESSION-3a838f4f-b66d-53e3-a12d-dae6e35e94e6,SRC-HFNU-2025-ZC,primary_evidence,"{""asset_id"":""ASSET-HFNU-2025-ZC-PDF"",""page"":13,""row_key"":""商务英语"",""section"":""考试时间和考试地点""}"
FACTSRC-a550b6de-3fbc-5535-9a18-522325eee6b2,exam_sessions,SESSION-3aaf366c-4ab0-5b3a-b01a-a8f31314358a,SRC-HFNU-2025-ZC,primary_evidence,"{""asset_id"":""ASSET-HFNU-2025-ZC-PDF"",""page"":13,""row_key"":""市场营销"",""section"":""考试时间和考试地点""}"
FACTSRC-e8697147-ec6b-5051-abce-9658654689e2,exam_sessions,SESSION-3c4601ab-064d-520d-92a3-8b9df96f7d9f,SRC-HFNU-2024-ZC,primary_evidence,"{""row_key"":""服装与服饰设计"",""section"":""考试科目"",""table"":3,""url"":""https://zsb.hfnu.edu.cn/info/1003/2715.htm""}"
FACTSRC-97f7b6c8-2fc2-515a-9796-7b1ce31f0cb5,exam_sessions,SESSION-3db0f137-2459-559d-bd86-03164182b3a6,SRC-HFNU-2025-ZC,primary_evidence,"{""asset_id"":""ASSET-HFNU-2025-ZC-PDF"",""page"":13,""row_key"":""制药工程"",""section"":""考试时间和考试地点""}"
FACTSRC-00238cdf-3d69-540d-be12-ef2a109b3957,exam_sessions,SESSION-3e9b6f9a-ecf4-5b52-b849-8287eafe0ed1,SRC-HFNU-2024-ZC,primary_evidence,"{""row_key"":""食品质量与安全"",""section"":""考试科目"",""table"":3,""url"":""https://zsb.hfnu.edu.cn/info/1003/2715.htm""}"
FACTSRC-b59dca17-3c4b-58d1-ae22-40e7e9e2188e,exam_sessions,SESSION-3f1f6e03-d005-55ea-8d1f-e9d35f2caf75,SRC-HFNU-2025-ZC,primary_evidence,"{""asset_id"":""ASSET-HFNU-2025-ZC-PDF"",""page"":13,""row_key"":""软件工程"",""section"":""考试时间和考试地点""}"
FACTSRC-0e2e49dc-b35a-5f4f-ab09-dd9c06dab08f,exam_sessions,SESSION-3fa9dda0-9b19-594e-941d-b7f5dc982c5f,SRC-HFNU-2024-ZC,primary_evidence,"{""row_key"":""数据科学与大数据技术"",""section"":""考试科目"",""table"":3,""url"":""https://zsb.hfnu.edu.cn/info/1003/2715.htm""}"
FACTSRC-923c5324-4aab-53f1-ba3a-e4176473a46f,exam_sessions,SESSION-3fc9bef6-225b-5f91-8c1f-e49dd5691e94,SRC-HFNU-2026-ZC,primary_evidence,"{""asset_id"":""ASSET-HFNU-2026-ZC-PDF"",""page"":12,""row_key"":""软件工程"",""section"":""考试时间和考试地点""}"
FACTSRC-48f81f7f-27dc-5fe0-8b93-75816126b8fd,exam_sessions,SESSION-4004203d-caf4-5e19-9f12-38648579fdff,SRC-HFNU-2024-ZC,primary_evidence,"{""row_key"":""电气工程及其自动化"",""section"":""考试科目"",""table"":3,""url"":""https://zsb.hfnu.edu.cn/info/1003/2715.htm""}"
FACTSRC-0cbe4745-c390-5515-8ffe-9665ebd2aa00,exam_sessions,SESSION-42292319-04cf-5621-b7bf-08714c0a228f,SRC-HFNU-2024-ZC,primary_evidence,"{""row_key"":""食品质量与安全"",""section"":""考试科目"",""table"":3,""url"":""https://zsb.hfnu.edu.cn/info/1003/2715.htm""}"
FACTSRC-a284ffcd-c185-5af2-9596-72b3db7059a4,exam_sessions,SESSION-425dd3e6-872b-5b99-a866-b50f9a24e004,SRC-HFNU-2025-ZC,primary_evidence,"{""asset_id"":""ASSET-HFNU-2025-ZC-PDF"",""page"":13,""row_key"":""计算机科学与技术"",""section"":""考试时间和考试地点""}"
FACTSRC-a19dcd2f-52cb-5471-894f-6ec48e159214,exam_sessions,SESSION-42e66230-9f8d-54ce-95d1-7c5a84785b90,SRC-HFNU-2025-ZC,primary_evidence,"{""asset_id"":""ASSET-HFNU-2025-ZC-PDF"",""page"":13,""row_key"":""人力资源管理"",""section"":""考试时间和考试地点""}"
FACTSRC-94bd2119-6a66-5c54-9083-20a2fe64d970,exam_sessions,SESSION-43b3fb47-5526-59aa-b42c-56abf13e830e,SRC-HFNU-2024-ZC,primary_evidence,"{""row_key"":""商务英语"",""section"":""考试科目"",""table"":3,""url"":""https://zsb.hfnu.edu.cn/info/1003/2715.htm""}"
FACTSRC-0bb4d27e-77a3-56a9-ac4e-b05d2b5cb5b2,exam_sessions,SESSION-47085289-d189-562b-a6c4-f5aa523e9118,SRC-HFNU-2026-ZC,primary_evidence,"{""asset_id"":""ASSET-HFNU-2026-ZC-PDF"",""page"":12,""row_key"":""小学教育"",""section"":""考试时间和考试地点""}"
FACTSRC-63705f94-9b0f-5313-ac5b-cd2c9a9a0118,exam_sessions,SESSION-470f8ad2-5a3d-57cd-8597-ba6fa32db796,SRC-HFNU-2024-ZC,primary_evidence,"{""row_key"":""电气工程及其自动化"",""section"":""考试科目"",""table"":3,""url"":""https://zsb.hfnu.edu.cn/info/1003/2715.htm""}"
FACTSRC-e75fb1d3-1e14-53be-8d2c-dc4092f4ab0c,exam_sessions,SESSION-48feb8a1-6d06-5455-974b-a97413ff1144,SRC-HFNU-2025-ZC,primary_evidence,"{""asset_id"":""ASSET-HFNU-2025-ZC-PDF"",""page"":13,""row_key"":""动画"",""section"":""考试时间和考试地点""}"
FACTSRC-e0a8d7c2-c9e6-51fc-9baf-83a9a7df27ff,exam_sessions,SESSION-490817c1-1ab4-54fc-b6bb-82665f1c819e,SRC-HFNU-2024-ZC,primary_evidence,"{""row_key"":""商务英语"",""section"":""考试科目"",""table"":3,""url"":""https://zsb.hfnu.edu.cn/info/1003/2715.htm""}"
FACTSRC-b37c1cc3-08db-5d0d-ba40-f36c709cb053,exam_sessions,SESSION-49a804fd-ec5f-5e3d-b0e9-2dbb180d28fc,SRC-HFNU-2026-ZC,primary_evidence,"{""asset_id"":""ASSET-HFNU-2026-ZC-PDF"",""page"":12,""row_key"":""电气工程及其自动化"",""section"":""考试时间和考试地点""}"
FACTSRC-9ed6f137-a293-5602-9f4e-9a9e8910042a,exam_sessions,SESSION-4a4ecf48-8c3a-560b-8373-b1fe51e1892f,SRC-HFNU-2025-ZC,primary_evidence,"{""asset_id"":""ASSET-HFNU-2025-ZC-PDF"",""page"":13,""row_key"":""电子信息工程"",""section"":""考试时间和考试地点""}"
FACTSRC-b150e440-fdc8-5396-a20d-93231446ea5e,exam_sessions,SESSION-4b812afd-f10e-5a74-88c5-ee7b440a5f3c,SRC-HFNU-2025-ZC,primary_evidence,"{""asset_id"":""ASSET-HFNU-2025-ZC-PDF"",""page"":13,""row_key"":""网络工程"",""section"":""考试时间和考试地点""}"
FACTSRC-2f82b65a-5864-58bf-bfd4-1ddc3c640c45,exam_sessions,SESSION-4bc691fd-1999-5844-a349-f70ef81aad9d,SRC-HFNU-2024-ZC,primary_evidence,"{""row_key"":""网络工程"",""section"":""考试科目"",""table"":3,""url"":""https://zsb.hfnu.edu.cn/info/1003/2715.htm""}"
FACTSRC-53dd6350-dda4-5175-9e08-19b09d239d48,exam_sessions,SESSION-4bfa88b3-95f8-5efe-b236-490547f02aa1,SRC-HFNU-2026-ZC,primary_evidence,"{""asset_id"":""ASSET-HFNU-2026-ZC-PDF"",""page"":12,""row_key"":""人力资源管理"",""section"":""考试时间和考试地点""}"
FACTSRC-0ee7902a-6dba-536a-b103-0352283732da,exam_sessions,SESSION-4d60a982-2e50-5a99-a6b5-1e8a6ac6d386,SRC-HFNU-2026-ZC,primary_evidence,"{""asset_id"":""ASSET-HFNU-2026-ZC-PDF"",""page"":12,""row_key"":""动画"",""section"":""考试时间和考试地点""}"
FACTSRC-71f92df6-fd21-5919-a0b2-16b049f98666,exam_sessions,SESSION-4e0fb897-7ebe-5afd-8989-0120a369f773,SRC-HFNU-2026-ZC,primary_evidence,"{""asset_id"":""ASSET-HFNU-2026-ZC-PDF"",""page"":12,""row_key"":""服装与服饰设计"",""section"":""考试时间和考试地点""}"
FACTSRC-25e26cf5-9761-5774-9906-6c80ad8f1fa7,exam_sessions,SESSION-4e3954fb-4c53-52d5-bd29-023abcf06c9f,SRC-HFNU-2025-ZC,primary_evidence,"{""asset_id"":""ASSET-HFNU-2025-ZC-PDF"",""page"":13,""row_key"":""制药工程"",""section"":""考试时间和考试地点""}"
FACTSRC-a5addf92-a84d-588a-af69-c0af2d82d521,exam_sessions,SESSION-513c7cbc-fa33-509a-9664-9a06bf013b30,SRC-HFNU-2026-ZC,primary_evidence,"{""asset_id"":""ASSET-HFNU-2026-ZC-PDF"",""page"":12,""row_key"":""动画"",""section"":""考试时间和考试地点""}"
FACTSRC-96408d80-e9df-5642-8417-fe3ebfc9634b,exam_sessions,SESSION-51dc2b55-bd07-5ee1-ab16-88ce6ec30ea4,SRC-HFNU-2024-ZC,primary_evidence,"{""row_key"":""材料科学与工程"",""section"":""考试科目"",""table"":3,""url"":""https://zsb.hfnu.edu.cn/info/1003/2715.htm""}"
FACTSRC-8041d37e-f4f2-5fc1-999e-3c54846d0519,exam_sessions,SESSION-51f9cccf-a093-581a-8b55-d81300edf20d,SRC-HFNU-2025-ZC,primary_evidence,"{""asset_id"":""ASSET-HFNU-2025-ZC-PDF"",""page"":13,""row_key"":""人力资源管理"",""section"":""考试时间和考试地点""}"
FACTSRC-50559e79-960c-5dcd-abb0-2a35522abf76,exam_sessions,SESSION-525508bb-f32b-5c89-9480-771476ea9143,SRC-HFNU-2026-ZC,primary_evidence,"{""asset_id"":""ASSET-HFNU-2026-ZC-PDF"",""page"":12,""row_key"":""网络与新媒体"",""section"":""考试时间和考试地点""}"
FACTSRC-37cd7a56-f3f0-5f6c-8344-ccbb3bd94ed0,exam_sessions,SESSION-525b2eb6-2a9d-5512-b7ca-382fd97777dc,SRC-HFNU-2025-ZC,primary_evidence,"{""asset_id"":""ASSET-HFNU-2025-ZC-PDF"",""page"":13,""row_key"":""化学工程与工艺"",""section"":""考试时间和考试地点""}"
FACTSRC-2ceabf4f-c2e5-552e-a620-436719a4871b,exam_sessions,SESSION-5275dd93-3be5-5115-be54-4617f2ab89fa,SRC-HFNU-2026-ZC,primary_evidence,"{""asset_id"":""ASSET-HFNU-2026-ZC-PDF"",""page"":12,""row_key"":""化学工程与工艺"",""section"":""考试时间和考试地点""}"
FACTSRC-d0e73fa3-e37c-563c-832a-5dec304e21fc,exam_sessions,SESSION-54afc2f1-3a28-503d-be87-255de5794094,SRC-HFNU-2025-ZC,primary_evidence,"{""asset_id"":""ASSET-HFNU-2025-ZC-PDF"",""page"":13,""row_key"":""运动康复"",""section"":""考试时间和考试地点""}"
FACTSRC-38421d19-ab15-546f-a811-38bade33dbe2,exam_sessions,SESSION-563e116f-2c88-5418-831e-0166d55380b9,SRC-HFNU-2024-ZC,primary_evidence,"{""row_key"":""商务英语"",""section"":""考试科目"",""table"":3,""url"":""https://zsb.hfnu.edu.cn/info/1003/2715.htm""}"
FACTSRC-25c78ee1-a268-5799-ba93-0b30301695bf,exam_sessions,SESSION-56c5be46-d9fb-524b-8d8a-f7a21d9e1f8e,SRC-HFNU-2025-ZC,primary_evidence,"{""asset_id"":""ASSET-HFNU-2025-ZC-PDF"",""page"":13,""row_key"":""网络工程"",""section"":""考试时间和考试地点""}"
FACTSRC-603e347f-4fb7-5fed-92ed-ad23ee6334e8,exam_sessions,SESSION-5705862e-0613-5ea7-9d3a-a082a43c421b,SRC-HFNU-2024-ZC,primary_evidence,"{""row_key"":""环境设计"",""section"":""考试科目"",""table"":3,""url"":""https://zsb.hfnu.edu.cn/info/1003/2715.htm""}"
FACTSRC-1cf6fd8f-b7ec-5057-8619-b32ce73f1792,exam_sessions,SESSION-57252de8-fc9b-5c29-8c10-43410ce9100e,SRC-HFNU-2024-ZC,primary_evidence,"{""row_key"":""化学工程与工艺"",""section"":""考试科目"",""table"":3,""url"":""https://zsb.hfnu.edu.cn/info/1003/2715.htm""}"
FACTSRC-e868ed9f-c722-52fa-9787-12464ef63d18,exam_sessions,SESSION-573b6d59-6221-529a-b8f3-abe68f367096,SRC-HFNU-2025-ZC,primary_evidence,"{""asset_id"":""ASSET-HFNU-2025-ZC-PDF"",""page"":13,""row_key"":""服装与服饰设计"",""section"":""考试时间和考试地点""}"
FACTSRC-b4ab3e34-56a4-5852-bc4a-2841ef6df2dd,exam_sessions,SESSION-58c83d2f-08c4-5565-8e7f-55ff5bcb2a63,SRC-HFNU-2025-ZC,primary_evidence,"{""asset_id"":""ASSET-HFNU-2025-ZC-PDF"",""page"":13,""row_key"":""食品质量与安全"",""section"":""考试时间和考试地点""}"
FACTSRC-6a3216b2-abd0-551c-9f88-c20bd5f61cc3,exam_sessions,SESSION-59dd4192-a45d-5466-8a05-64f761b6ee33,SRC-HFNU-2024-ZC,primary_evidence,"{""row_key"":""化学工程与工艺"",""section"":""考试科目"",""table"":3,""url"":""https://zsb.hfnu.edu.cn/info/1003/2715.htm""}"
FACTSRC-d4bdc910-c9f3-560e-aa24-092a71309ef2,exam_sessions,SESSION-5b4ec224-7688-586e-b90b-8f37af406e98,SRC-HFNU-2026-ZC,primary_evidence,"{""asset_id"":""ASSET-HFNU-2026-ZC-PDF"",""page"":12,""row_key"":""计算机科学与技术"",""section"":""考试时间和考试地点""}"
FACTSRC-c19aca82-18a0-5308-9138-d335cb84a3c5,exam_sessions,SESSION-5f5904b8-29ec-50ba-b1ec-9952c944c130,SRC-HFNU-2026-ZC,primary_evidence,"{""asset_id"":""ASSET-HFNU-2026-ZC-PDF"",""page"":12,""row_key"":""互联网金融"",""section"":""考试时间和考试地点""}"
FACTSRC-c6e2ec09-eac6-5d73-beea-f05bb43c4b57,exam_sessions,SESSION-604bcf8e-0854-53e6-990b-20336fec227d,SRC-HFNU-2024-ZC,primary_evidence,"{""row_key"":""化学工程与工艺"",""section"":""考试科目"",""table"":3,""url"":""https://zsb.hfnu.edu.cn/info/1003/2715.htm""}"
FACTSRC-cd5ef4ea-8d50-50cc-8c19-e62d26f267af,exam_sessions,SESSION-60aa2761-bf3a-572f-80ed-4a47ec78357f,SRC-HFNU-2025-ZC,primary_evidence,"{""asset_id"":""ASSET-HFNU-2025-ZC-PDF"",""page"":13,""row_key"":""小学教育"",""section"":""考试时间和考试地点""}"
FACTSRC-215e22e9-3bf8-5864-8982-4f0046faba5a,exam_sessions,SESSION-60babc6f-4b64-5499-9ee7-1162d6230a5c,SRC-HFNU-2025-ZC,primary_evidence,"{""asset_id"":""ASSET-HFNU-2025-ZC-PDF"",""page"":13,""row_key"":""网络与新媒体"",""section"":""考试时间和考试地点""}"
FACTSRC-554928ba-5193-55eb-be01-c100caf3e79b,exam_sessions,SESSION-6134dbce-ac23-5f95-91e2-7892bc589012,SRC-HFNU-2026-ZC,primary_evidence,"{""asset_id"":""ASSET-HFNU-2026-ZC-PDF"",""page"":12,""row_key"":""网络与新媒体"",""section"":""考试时间和考试地点""}"
FACTSRC-c01ec842-b820-5eeb-9976-09a75ae6d608,exam_sessions,SESSION-655dfde7-0a49-5e1a-9cf6-f15d905c2517,SRC-HFNU-2025-ZC,primary_evidence,"{""asset_id"":""ASSET-HFNU-2025-ZC-PDF"",""page"":13,""row_key"":""互联网金融"",""section"":""考试时间和考试地点""}"
FACTSRC-c585baca-04ab-556c-b9f9-4314dd7fff47,exam_sessions,SESSION-65cf401a-6439-5611-a146-c42862333c66,SRC-HFNU-2024-ZC,primary_evidence,"{""row_key"":""电子信息工程"",""section"":""考试科目"",""table"":3,""url"":""https://zsb.hfnu.edu.cn/info/1003/2715.htm""}"
FACTSRC-e7fc9dcc-588b-585d-aa87-5a2341f9cff2,exam_sessions,SESSION-67ac147b-ec11-5a1e-866a-851cf64b95a3,SRC-HFNU-2024-ZC,primary_evidence,"{""row_key"":""通信工程"",""section"":""考试科目"",""table"":3,""url"":""https://zsb.hfnu.edu.cn/info/1003/2715.htm""}"
FACTSRC-6468bd34-ca07-5865-97c6-464f1e75f72d,exam_sessions,SESSION-6a932fa9-f0dd-565e-a001-ae175668cb2f,SRC-HFNU-2026-ZC,primary_evidence,"{""asset_id"":""ASSET-HFNU-2026-ZC-PDF"",""page"":12,""row_key"":""电气工程及其自动化"",""section"":""考试时间和考试地点""}"
FACTSRC-4945622b-bd5a-51ed-8a03-a08fd161a7da,exam_sessions,SESSION-6e7fea73-d621-5639-948b-9ad763d5d5d6,SRC-HFNU-2026-ZC,primary_evidence,"{""asset_id"":""ASSET-HFNU-2026-ZC-PDF"",""page"":12,""row_key"":""药物制剂"",""section"":""考试时间和考试地点""}"
FACTSRC-180c9723-a5a8-5d3c-a9d0-18219244bb44,exam_sessions,SESSION-70f5104a-06f5-5151-92d4-37844c3da28d,SRC-HFNU-2025-ZC,primary_evidence,"{""asset_id"":""ASSET-HFNU-2025-ZC-PDF"",""page"":13,""row_key"":""计算机科学与技术"",""section"":""考试时间和考试地点""}"
FACTSRC-dafe47fa-e60c-50da-940b-03fd0a1a27af,exam_sessions,SESSION-74d562c8-8689-5c68-baf3-49fea2bdcdb1,SRC-HFNU-2026-ZC,primary_evidence,"{""asset_id"":""ASSET-HFNU-2026-ZC-PDF"",""page"":12,""row_key"":""小学教育"",""section"":""考试时间和考试地点""}"
FACTSRC-ccc2483a-80c4-538b-b98b-86b4bf8983c3,exam_sessions,SESSION-7662c9c7-b994-5e8c-adae-093daa1e60b1,SRC-HFNU-2025-ZC,primary_evidence,"{""asset_id"":""ASSET-HFNU-2025-ZC-PDF"",""page"":13,""row_key"":""学前教育"",""section"":""考试时间和考试地点""}"
FACTSRC-64ca471a-1148-5689-8e2d-2048fb9b12a2,exam_sessions,SESSION-78f71748-053e-5588-8dbe-35ba5211a259,SRC-HFNU-2025-ZC,primary_evidence,"{""asset_id"":""ASSET-HFNU-2025-ZC-PDF"",""page"":13,""row_key"":""商务英语"",""section"":""考试时间和考试地点""}"
FACTSRC-4d6c6da9-3051-50c4-ab61-a7a2da313918,exam_sessions,SESSION-7af4804e-01c8-505d-bd60-67222875c9e3,SRC-HFNU-2026-ZC,primary_evidence,"{""asset_id"":""ASSET-HFNU-2026-ZC-PDF"",""page"":12,""row_key"":""学前教育"",""section"":""考试时间和考试地点""}"
FACTSRC-9c75edc5-e7e7-5365-a897-aefc922f4926,exam_sessions,SESSION-803b42bf-5b14-562f-8909-f78ec7a4eaab,SRC-HFNU-2026-ZC,primary_evidence,"{""asset_id"":""ASSET-HFNU-2026-ZC-PDF"",""page"":12,""row_key"":""人力资源管理"",""section"":""考试时间和考试地点""}"
FACTSRC-88aa1f3b-076d-534a-814d-deeafc21683c,exam_sessions,SESSION-80479617-a2bc-5080-b06e-f4325d22c023,SRC-HFNU-2026-ZC,primary_evidence,"{""asset_id"":""ASSET-HFNU-2026-ZC-PDF"",""page"":12,""row_key"":""化学工程与工艺"",""section"":""考试时间和考试地点""}"
FACTSRC-48413bb6-22f0-5b2a-b272-11dfce9cc9e6,exam_sessions,SESSION-80b674d0-9ca5-50e9-8a58-0aacf845519b,SRC-HFNU-2026-ZC,primary_evidence,"{""asset_id"":""ASSET-HFNU-2026-ZC-PDF"",""page"":12,""row_key"":""小学教育"",""section"":""考试时间和考试地点""}"
FACTSRC-da739e7b-fb6d-5437-aee5-b5247b42a188,exam_sessions,SESSION-8131b098-aa8c-5977-abce-a80298dd1914,SRC-HFNU-2025-ZC,primary_evidence,"{""asset_id"":""ASSET-HFNU-2025-ZC-PDF"",""page"":13,""row_key"":""音乐学"",""section"":""考试时间和考试地点""}"
FACTSRC-387bb04e-c40f-5980-8ac4-881eb35d9aaf,exam_sessions,SESSION-813afd92-b0da-53bc-91e9-68cf1b410a80,SRC-HFNU-2026-ZC,primary_evidence,"{""asset_id"":""ASSET-HFNU-2026-ZC-PDF"",""page"":12,""row_key"":""计算机科学与技术"",""section"":""考试时间和考试地点""}"
FACTSRC-86fd2fe1-ccc5-5229-a149-9bb9fc3ea400,exam_sessions,SESSION-81a70965-13be-565d-b886-b0ff6c4dc7f4,SRC-HFNU-2024-ZC,primary_evidence,"{""row_key"":""药物制剂"",""section"":""考试科目"",""table"":3,""url"":""https://zsb.hfnu.edu.cn/info/1003/2715.htm""}"
FACTSRC-9510338d-8286-5f62-9597-4330e853ba36,exam_sessions,SESSION-8451db95-15f3-503a-a9f1-991ae7099fb2,SRC-HFNU-2024-ZC,primary_evidence,"{""row_key"":""经济统计学"",""section"":""考试科目"",""table"":3,""url"":""https://zsb.hfnu.edu.cn/info/1003/2715.htm""}"
FACTSRC-5738e677-b6fa-52a4-a485-e4bf08414e62,exam_sessions,SESSION-8452cdda-0128-5a97-b3e6-2e96370922c4,SRC-HFNU-2026-ZC,primary_evidence,"{""asset_id"":""ASSET-HFNU-2026-ZC-PDF"",""page"":12,""row_key"":""市场营销"",""section"":""考试时间和考试地点""}"
FACTSRC-07e26654-87cc-5de2-b487-61e253c71930,exam_sessions,SESSION-8472ffd0-9199-54be-b256-0193b29608a6,SRC-HFNU-2024-ZC,primary_evidence,"{""row_key"":""视觉传达设计"",""section"":""考试科目"",""table"":3,""url"":""https://zsb.hfnu.edu.cn/info/1003/2715.htm""}"
FACTSRC-392cf7d9-c6c4-5cdc-9ce7-9397ac040745,exam_sessions,SESSION-8567b865-d63d-5b05-a0dd-f66ab9fd960e,SRC-HFNU-2024-ZC,primary_evidence,"{""row_key"":""材料科学与工程"",""section"":""考试科目"",""table"":3,""url"":""https://zsb.hfnu.edu.cn/info/1003/2715.htm""}"
FACTSRC-4cb5ad17-b7cd-5701-ac2c-c6a9ca1ddc43,exam_sessions,SESSION-85ff756c-249b-5d4e-b1ee-3264de3e8419,SRC-HFNU-2026-ZC,primary_evidence,"{""asset_id"":""ASSET-HFNU-2026-ZC-PDF"",""page"":12,""row_key"":""软件工程"",""section"":""考试时间和考试地点""}"
FACTSRC-000d5ed2-f71d-5f6f-b9e3-2f3b2a0998cb,exam_sessions,SESSION-8615849f-2f06-53c3-980d-84393be64182,SRC-HFNU-2026-ZC,primary_evidence,"{""asset_id"":""ASSET-HFNU-2026-ZC-PDF"",""page"":12,""row_key"":""食品质量与安全"",""section"":""考试时间和考试地点""}"
FACTSRC-b7e3fe25-22c3-5b44-acd1-b4e15b2a36db,exam_sessions,SESSION-870a5f5d-a93b-5d46-95d4-effae2b6e05d,SRC-HFNU-2024-ZC,primary_evidence,"{""row_key"":""学前教育"",""section"":""考试科目"",""table"":3,""url"":""https://zsb.hfnu.edu.cn/info/1003/2715.htm""}"
FACTSRC-5a55a11c-e72a-5c32-b1e7-e17267231f75,exam_sessions,SESSION-871e78fe-41bf-54ae-a833-13fb4a80189c,SRC-HFNU-2025-ZC,primary_evidence,"{""asset_id"":""ASSET-HFNU-2025-ZC-PDF"",""page"":13,""row_key"":""药物制剂"",""section"":""考试时间和考试地点""}"
FACTSRC-9954d620-ee5c-559c-80a7-d1b29d320bea,exam_sessions,SESSION-8793c489-de03-5a4c-8cbf-86a4ccd4d5bc,SRC-HFNU-2025-ZC,primary_evidence,"{""asset_id"":""ASSET-HFNU-2025-ZC-PDF"",""page"":13,""row_key"":""财务管理"",""section"":""考试时间和考试地点""}"
FACTSRC-55b6f356-5c98-576e-90a6-8c25587eaca0,exam_sessions,SESSION-89c3ca93-b2a0-579a-a844-3bc5666b0812,SRC-HFNU-2025-ZC,primary_evidence,"{""asset_id"":""ASSET-HFNU-2025-ZC-PDF"",""page"":13,""row_key"":""计算机科学与技术"",""section"":""考试时间和考试地点""}"
FACTSRC-d51f314a-a9d3-54eb-bcd0-c6415e273cbf,exam_sessions,SESSION-8b30e2b0-8511-58b2-87f8-c382d6716056,SRC-HFNU-2024-ZC,primary_evidence,"{""row_key"":""服装与服饰设计"",""section"":""考试科目"",""table"":3,""url"":""https://zsb.hfnu.edu.cn/info/1003/2715.htm""}"
FACTSRC-3dbe0f5f-109a-581e-995f-51f700a477ad,exam_sessions,SESSION-8b3e16ba-e6b1-508b-a198-24ff5d4ef569,SRC-HFNU-2025-ZC,primary_evidence,"{""asset_id"":""ASSET-HFNU-2025-ZC-PDF"",""page"":13,""row_key"":""运动康复"",""section"":""考试时间和考试地点""}"
FACTSRC-cdf69e25-38a5-57f6-99de-b1ffada6a55f,exam_sessions,SESSION-8b7a45cd-320d-535b-9bdd-8fdbf7ab6258,SRC-HFNU-2024-ZC,primary_evidence,"{""row_key"":""视觉传达设计"",""section"":""考试科目"",""table"":3,""url"":""https://zsb.hfnu.edu.cn/info/1003/2715.htm""}"
FACTSRC-126a6710-e8dd-5343-89e0-6eb2381578b2,exam_sessions,SESSION-8c91fa36-fc64-5e39-83a5-956ac44ddf35,SRC-HFNU-2026-ZC,primary_evidence,"{""asset_id"":""ASSET-HFNU-2026-ZC-PDF"",""page"":12,""row_key"":""财务管理"",""section"":""考试时间和考试地点""}"
FACTSRC-a12bf752-855c-55f2-987f-fdabdf7e2733,exam_sessions,SESSION-8f4c13fd-6c4d-5423-a6b2-c1d1b70528b9,SRC-HFNU-2024-ZC,primary_evidence,"{""row_key"":""互联网金融"",""section"":""考试科目"",""table"":3,""url"":""https://zsb.hfnu.edu.cn/info/1003/2715.htm""}"
FACTSRC-69b42b8e-c5cc-59aa-870e-8b44b34640b1,exam_sessions,SESSION-8f721961-2825-566f-b3eb-fcd2fc5093dc,SRC-HFNU-2024-ZC,primary_evidence,"{""row_key"":""市场营销"",""section"":""考试科目"",""table"":3,""url"":""https://zsb.hfnu.edu.cn/info/1003/2715.htm""}"
FACTSRC-7a244787-9cd4-58db-b365-2816e40ba5c7,exam_sessions,SESSION-901e0513-cd99-5c5c-b2d5-694660108040,SRC-HFNU-2024-ZC,primary_evidence,"{""row_key"":""动画"",""section"":""考试科目"",""table"":3,""url"":""https://zsb.hfnu.edu.cn/info/1003/2715.htm""}"
FACTSRC-1e5f9a58-d4a4-5771-a39c-c0a4c3bf2447,exam_sessions,SESSION-90a538af-b5cd-51aa-9427-ddf061f02833,SRC-HFNU-2024-ZC,primary_evidence,"{""row_key"":""视觉传达设计"",""section"":""考试科目"",""table"":3,""url"":""https://zsb.hfnu.edu.cn/info/1003/2715.htm""}"
FACTSRC-f499787c-8425-531b-b95d-cf00a862d780,exam_sessions,SESSION-915249e6-7cfc-501b-819e-88b770b4c425,SRC-HFNU-2025-ZC,primary_evidence,"{""asset_id"":""ASSET-HFNU-2025-ZC-PDF"",""page"":13,""row_key"":""数据科学与大数据技术"",""section"":""考试时间和考试地点""}"
FACTSRC-adc76ace-0d72-5d1f-a566-8b6f5baf11b2,exam_sessions,SESSION-9274bc32-4bc1-50bd-a679-bf2f97a7594d,SRC-HFNU-2024-ZC,primary_evidence,"{""row_key"":""互联网金融"",""section"":""考试科目"",""table"":3,""url"":""https://zsb.hfnu.edu.cn/info/1003/2715.htm""}"
FACTSRC-52e7aaa2-4404-535d-9cb3-75069c0a41e4,exam_sessions,SESSION-92d0f39f-da0f-5887-a939-d705a0479b9c,SRC-HFNU-2024-ZC,primary_evidence,"{""row_key"":""制药工程"",""section"":""考试科目"",""table"":3,""url"":""https://zsb.hfnu.edu.cn/info/1003/2715.htm""}"
FACTSRC-76cfa8a1-c989-5ec9-b443-8b051d746c3a,exam_sessions,SESSION-93d42217-eb6f-5d10-af03-69e269615d41,SRC-HFNU-2025-ZC,primary_evidence,"{""asset_id"":""ASSET-HFNU-2025-ZC-PDF"",""page"":13,""row_key"":""环境设计"",""section"":""考试时间和考试地点""}"
FACTSRC-3cef94f5-6115-54d2-896a-dee3217eb7a4,exam_sessions,SESSION-945f333d-650d-5478-9393-770ccbc6c827,SRC-HFNU-2024-ZC,primary_evidence,"{""row_key"":""环境设计"",""section"":""考试科目"",""table"":3,""url"":""https://zsb.hfnu.edu.cn/info/1003/2715.htm""}"
FACTSRC-1b5b2afb-9d7d-5f3f-aacc-0619d89ececb,exam_sessions,SESSION-963e54f4-7173-5a07-be8f-3b1b52f3a289,SRC-HFNU-2024-ZC,primary_evidence,"{""row_key"":""药物制剂"",""section"":""考试科目"",""table"":3,""url"":""https://zsb.hfnu.edu.cn/info/1003/2715.htm""}"
FACTSRC-5a305ed9-3bfe-5a17-b832-defa2439f655,exam_sessions,SESSION-96de7417-0c50-5ddb-9a18-6c1ecd17cdd7,SRC-HFNU-2024-ZC,primary_evidence,"{""row_key"":""软件工程"",""section"":""考试科目"",""table"":3,""url"":""https://zsb.hfnu.edu.cn/info/1003/2715.htm""}"
FACTSRC-394efb62-7660-5e4b-862f-5d1a4fa745c7,exam_sessions,SESSION-97bafcc7-ee5c-52b1-8562-7702acf3910a,SRC-HFNU-2025-ZC,primary_evidence,"{""asset_id"":""ASSET-HFNU-2025-ZC-PDF"",""page"":13,""row_key"":""服装与服饰设计"",""section"":""考试时间和考试地点""}"
FACTSRC-1f583459-0790-5f59-86bf-928ab15b402d,exam_sessions,SESSION-98aa0871-a3d4-573e-a2fb-f6571931c60b,SRC-HFNU-2024-ZC,primary_evidence,"{""row_key"":""运动康复"",""section"":""考试科目"",""table"":3,""url"":""https://zsb.hfnu.edu.cn/info/1003/2715.htm""}"
FACTSRC-af6d86d4-85bd-5872-ba1b-e1fb5b14fc4c,exam_sessions,SESSION-98c81337-cbfc-571b-929d-ecdf87f7a928,SRC-HFNU-2026-ZC,primary_evidence,"{""asset_id"":""ASSET-HFNU-2026-ZC-PDF"",""page"":12,""row_key"":""学前教育"",""section"":""考试时间和考试地点""}"
FACTSRC-f2576ec8-892d-5578-9bfe-9e46bc4fae2b,exam_sessions,SESSION-994289f4-d7ba-5cce-836e-270c1ebc077f,SRC-HFNU-2025-ZC,primary_evidence,"{""asset_id"":""ASSET-HFNU-2025-ZC-PDF"",""page"":13,""row_key"":""化学工程与工艺"",""section"":""考试时间和考试地点""}"
FACTSRC-ee996ab0-5b88-5fb8-83ba-c10d37a9937f,exam_sessions,SESSION-9a4b43a8-b1c3-5d59-b1cb-8fcdbddb6c1a,SRC-HFNU-2025-ZC,primary_evidence,"{""asset_id"":""ASSET-HFNU-2025-ZC-PDF"",""page"":13,""row_key"":""网络与新媒体"",""section"":""考试时间和考试地点""}"
FACTSRC-1bf1442c-93ef-559f-9b34-22ce1fe43207,exam_sessions,SESSION-9a60f352-1ce6-5fcd-93dd-b3d6b2001e1c,SRC-HFNU-2025-ZC,primary_evidence,"{""asset_id"":""ASSET-HFNU-2025-ZC-PDF"",""page"":13,""row_key"":""经济统计学"",""section"":""考试时间和考试地点""}"
FACTSRC-45c6c77d-59f6-581d-a95a-3125803b115d,exam_sessions,SESSION-9ac0d924-071c-536e-b455-0d825504e13e,SRC-HFNU-2025-ZC,primary_evidence,"{""asset_id"":""ASSET-HFNU-2025-ZC-PDF"",""page"":13,""row_key"":""电子信息工程"",""section"":""考试时间和考试地点""}"
FACTSRC-6dce4a5a-fb8e-51f5-8c41-42835baf84f9,exam_sessions,SESSION-9ad7acbd-8a91-5c14-a41b-4e0dc2c87caf,SRC-HFNU-2025-ZC,primary_evidence,"{""asset_id"":""ASSET-HFNU-2025-ZC-PDF"",""page"":13,""row_key"":""动画"",""section"":""考试时间和考试地点""}"
FACTSRC-17b67a7d-2454-5bce-bad4-d240f1c387d1,exam_sessions,SESSION-9b306210-a546-5a45-9b96-d2edf6fadc87,SRC-HFNU-2026-ZC,primary_evidence,"{""asset_id"":""ASSET-HFNU-2026-ZC-PDF"",""page"":12,""row_key"":""运动康复"",""section"":""考试时间和考试地点""}"
FACTSRC-d57e156d-7cc6-590f-a54d-f026710745eb,exam_sessions,SESSION-9b74275c-42a3-510a-8c25-29737d63f0bf,SRC-HFNU-2025-ZC,primary_evidence,"{""asset_id"":""ASSET-HFNU-2025-ZC-PDF"",""page"":13,""row_key"":""市场营销"",""section"":""考试时间和考试地点""}"
FACTSRC-15da19de-43f7-5d06-a6f5-3aaa160a5c2d,exam_sessions,SESSION-9ba7e13b-3e14-547f-bfee-40f71b9ddeed,SRC-HFNU-2025-ZC,primary_evidence,"{""asset_id"":""ASSET-HFNU-2025-ZC-PDF"",""page"":13,""row_key"":""软件工程"",""section"":""考试时间和考试地点""}"
FACTSRC-7e7666bf-2bff-534b-9674-7bfe3160d770,exam_sessions,SESSION-9bc80468-1423-5986-bb0d-90680ccc34cf,SRC-HFNU-2026-ZC,primary_evidence,"{""asset_id"":""ASSET-HFNU-2026-ZC-PDF"",""page"":12,""row_key"":""学前教育"",""section"":""考试时间和考试地点""}"
FACTSRC-2d71ad18-35b1-5c0c-9714-5b5c31976db9,exam_sessions,SESSION-9c22d891-8b66-502f-bceb-32fcf08d6b35,SRC-HFNU-2025-ZC,primary_evidence,"{""asset_id"":""ASSET-HFNU-2025-ZC-PDF"",""page"":13,""row_key"":""食品质量与安全"",""section"":""考试时间和考试地点""}"
FACTSRC-f66305ba-5e5f-5049-9441-b88970268f65,exam_sessions,SESSION-9d7718e0-cf6f-5b2f-9fb9-66013cab72c0,SRC-HFNU-2024-ZC,primary_evidence,"{""row_key"":""环境设计"",""section"":""考试科目"",""table"":3,""url"":""https://zsb.hfnu.edu.cn/info/1003/2715.htm""}"
FACTSRC-86f4f037-ad56-5feb-ac37-a710a0a2fbc1,exam_sessions,SESSION-9db58857-c124-5722-92ed-e3a8b95dcaa9,SRC-HFNU-2025-ZC,primary_evidence,"{""asset_id"":""ASSET-HFNU-2025-ZC-PDF"",""page"":13,""row_key"":""化学工程与工艺"",""section"":""考试时间和考试地点""}"
FACTSRC-1045fca7-851d-5da3-b140-70967d271d67,exam_sessions,SESSION-9e21382d-24f0-513c-9ce9-dc285c929c61,SRC-HFNU-2024-ZC,primary_evidence,"{""row_key"":""人力资源管理"",""section"":""考试科目"",""table"":3,""url"":""https://zsb.hfnu.edu.cn/info/1003/2715.htm""}"
FACTSRC-e1ab1d7f-4b5c-5b90-9653-2b2a351898f4,exam_sessions,SESSION-9e2cce77-c194-5d26-861b-f0fa10ed06b4,SRC-HFNU-2024-ZC,primary_evidence,"{""row_key"":""小学教育"",""section"":""考试科目"",""table"":3,""url"":""https://zsb.hfnu.edu.cn/info/1003/2715.htm""}"
FACTSRC-7413d9ad-c2cc-533c-91b0-e1eb3bb776ad,exam_sessions,SESSION-9ea6a9dd-2e4e-549d-b433-02b591b094cb,SRC-HFNU-2024-ZC,primary_evidence,"{""row_key"":""网络工程"",""section"":""考试科目"",""table"":3,""url"":""https://zsb.hfnu.edu.cn/info/1003/2715.htm""}"
FACTSRC-5abdc71a-09da-550a-8b67-f75d7bf92d1a,exam_sessions,SESSION-9fbad879-f8ac-5179-8764-bbc673e524ad,SRC-HFNU-2024-ZC,primary_evidence,"{""row_key"":""网络与新媒体"",""section"":""考试科目"",""table"":3,""url"":""https://zsb.hfnu.edu.cn/info/1003/2715.htm""}"
FACTSRC-b9d04426-8f24-5eff-9329-812da55b2e97,exam_sessions,SESSION-a1809da5-333a-54e3-9974-ae4a558ace60,SRC-HFNU-2024-ZC,primary_evidence,"{""row_key"":""药物制剂"",""section"":""考试科目"",""table"":3,""url"":""https://zsb.hfnu.edu.cn/info/1003/2715.htm""}"
FACTSRC-b5b0793c-77ae-5d4d-aab9-b09f2f00708d,exam_sessions,SESSION-a1f8c98d-8298-5d31-9499-bc9eecc8ac28,SRC-HFNU-2024-ZC,primary_evidence,"{""row_key"":""网络与新媒体"",""section"":""考试科目"",""table"":3,""url"":""https://zsb.hfnu.edu.cn/info/1003/2715.htm""}"
FACTSRC-5d06c2f4-ae4c-59e9-a2bf-57d4befb0f4a,exam_sessions,SESSION-a241a559-ee2e-52db-b98d-13e685e8dbc5,SRC-HFNU-2024-ZC,primary_evidence,"{""row_key"":""食品质量与安全"",""section"":""考试科目"",""table"":3,""url"":""https://zsb.hfnu.edu.cn/info/1003/2715.htm""}"
FACTSRC-9e486a31-56fd-5c07-832a-aba74bd4312c,exam_sessions,SESSION-a323a26d-8f99-5055-9636-4832d8b28df8,SRC-HFNU-2026-ZC,primary_evidence,"{""asset_id"":""ASSET-HFNU-2026-ZC-PDF"",""page"":12,""row_key"":""食品质量与安全"",""section"":""考试时间和考试地点""}"
FACTSRC-596a7a7d-ebfa-5a66-8495-9b6ee7a28db2,exam_sessions,SESSION-a3fde347-3555-50d1-ac4c-9d01dc4bfd5f,SRC-HFNU-2026-ZC,primary_evidence,"{""asset_id"":""ASSET-HFNU-2026-ZC-PDF"",""page"":12,""row_key"":""动画"",""section"":""考试时间和考试地点""}"
FACTSRC-a93ca764-6e67-5265-bf54-97284e428651,exam_sessions,SESSION-a48e9c29-4f2c-5df5-b73a-62741d39d49f,SRC-HFNU-2026-ZC,primary_evidence,"{""asset_id"":""ASSET-HFNU-2026-ZC-PDF"",""page"":12,""row_key"":""化学工程与工艺"",""section"":""考试时间和考试地点""}"
FACTSRC-284340d9-c091-50ce-9b9c-358515785e51,exam_sessions,SESSION-a51f3500-555e-57d8-92d6-f7d84127e02f,SRC-HFNU-2024-ZC,primary_evidence,"{""row_key"":""计算机科学与技术"",""section"":""考试科目"",""table"":3,""url"":""https://zsb.hfnu.edu.cn/info/1003/2715.htm""}"
FACTSRC-4a2b8646-ee09-5b7c-8fd1-315dc8e44b88,exam_sessions,SESSION-a556f135-7aca-5de2-91ac-d78a9940156d,SRC-HFNU-2025-ZC,primary_evidence,"{""asset_id"":""ASSET-HFNU-2025-ZC-PDF"",""page"":13,""row_key"":""软件工程"",""section"":""考试时间和考试地点""}"
FACTSRC-c51f8b92-a5d9-52fc-bd95-940065794ce5,exam_sessions,SESSION-a59ef092-7061-5468-85d2-44419a2601e0,SRC-HFNU-2026-ZC,primary_evidence,"{""asset_id"":""ASSET-HFNU-2026-ZC-PDF"",""page"":12,""row_key"":""人力资源管理"",""section"":""考试时间和考试地点""}"
FACTSRC-8b1cdff0-8dae-552e-b033-1eb9169f01ed,exam_sessions,SESSION-a5ae1e3c-cf0b-5e81-99c9-d6e5cc5dfa84,SRC-HFNU-2025-ZC,primary_evidence,"{""asset_id"":""ASSET-HFNU-2025-ZC-PDF"",""page"":13,""row_key"":""制药工程"",""section"":""考试时间和考试地点""}"
FACTSRC-6b0ab542-e459-561a-8708-33abf7ec9846,exam_sessions,SESSION-a91dffef-1ad8-5606-a854-be465d6d0996,SRC-HFNU-2026-ZC,primary_evidence,"{""asset_id"":""ASSET-HFNU-2026-ZC-PDF"",""page"":12,""row_key"":""服装与服饰设计"",""section"":""考试时间和考试地点""}"
FACTSRC-abc0d757-876e-581f-bfd5-195204068679,exam_sessions,SESSION-aa430439-eac5-5232-bcf6-65fb87d55b56,SRC-HFNU-2026-ZC,primary_evidence,"{""asset_id"":""ASSET-HFNU-2026-ZC-PDF"",""page"":12,""row_key"":""环境设计"",""section"":""考试时间和考试地点""}"
FACTSRC-5a17637b-402b-5f5f-92a3-6104c208c315,exam_sessions,SESSION-ac08548b-e30b-547e-b113-6fc94068ddbc,SRC-HFNU-2025-ZC,primary_evidence,"{""asset_id"":""ASSET-HFNU-2025-ZC-PDF"",""page"":13,""row_key"":""财务管理"",""section"":""考试时间和考试地点""}"
FACTSRC-47a5282e-592d-5717-b1e2-1ee1ff8e0129,exam_sessions,SESSION-ad51ff27-5392-57ab-a253-7e7b15005b1f,SRC-HFNU-2024-ZC,primary_evidence,"{""row_key"":""新能源材料与器件"",""section"":""考试科目"",""table"":3,""url"":""https://zsb.hfnu.edu.cn/info/1003/2715.htm""}"
FACTSRC-eef23ce4-5870-5f02-9116-82f3733f18a3,exam_sessions,SESSION-aff15f9b-0054-5a28-b34f-0fb4c5fdb445,SRC-HFNU-2026-ZC,primary_evidence,"{""asset_id"":""ASSET-HFNU-2026-ZC-PDF"",""page"":12,""row_key"":""音乐学"",""section"":""考试时间和考试地点""}"
FACTSRC-3ed5c570-e17a-5a6a-805d-3629f0fad373,exam_sessions,SESSION-b180b706-7629-5c5c-9d6b-8ae0c37426c5,SRC-HFNU-2025-ZC,primary_evidence,"{""asset_id"":""ASSET-HFNU-2025-ZC-PDF"",""page"":13,""row_key"":""音乐学"",""section"":""考试时间和考试地点""}"
FACTSRC-081a1090-0e9c-54ec-8027-328eb74a3ad2,exam_sessions,SESSION-b1b76d88-4b74-557e-bbf3-c1c3c3412fe4,SRC-HFNU-2025-ZC,primary_evidence,"{""asset_id"":""ASSET-HFNU-2025-ZC-PDF"",""page"":13,""row_key"":""通信工程"",""section"":""考试时间和考试地点""}"
FACTSRC-c47bc795-07e0-579e-b926-a861fe68fad5,exam_sessions,SESSION-b320ce77-2d37-5bf1-b03f-20cb9a89c0fc,SRC-HFNU-2026-ZC,primary_evidence,"{""asset_id"":""ASSET-HFNU-2026-ZC-PDF"",""page"":12,""row_key"":""计算机科学与技术"",""section"":""考试时间和考试地点""}"
FACTSRC-7cb3e05a-bf44-5577-ba44-f9062bd89267,exam_sessions,SESSION-b353bb09-b794-5cc6-a494-871c1c319bd7,SRC-HFNU-2026-ZC,primary_evidence,"{""asset_id"":""ASSET-HFNU-2026-ZC-PDF"",""page"":12,""row_key"":""市场营销"",""section"":""考试时间和考试地点""}"
FACTSRC-9a91cb86-30ea-5357-9a8a-3ab8bd2301f5,exam_sessions,SESSION-b63ed1e3-9e00-5e6d-8e45-366caf6f60eb,SRC-HFNU-2024-ZC,primary_evidence,"{""row_key"":""运动康复"",""section"":""考试科目"",""table"":3,""url"":""https://zsb.hfnu.edu.cn/info/1003/2715.htm""}"
FACTSRC-13d233a6-f095-56c1-9fb0-d8563e19ed03,exam_sessions,SESSION-b76bd8a9-01e2-56eb-8e35-2e4f0219ac6d,SRC-HFNU-2025-ZC,primary_evidence,"{""asset_id"":""ASSET-HFNU-2025-ZC-PDF"",""page"":13,""row_key"":""经济统计学"",""section"":""考试时间和考试地点""}"
FACTSRC-fb336770-6159-544b-a838-9ab35fa10d5b,exam_sessions,SESSION-b80d9385-b523-5465-8400-046d84036356,SRC-HFNU-2025-ZC,primary_evidence,"{""asset_id"":""ASSET-HFNU-2025-ZC-PDF"",""page"":13,""row_key"":""学前教育"",""section"":""考试时间和考试地点""}"
FACTSRC-1381c681-2f59-56de-898c-4145e5ed955c,exam_sessions,SESSION-b8fecc10-24f0-5a6d-9278-abf16cc178fa,SRC-HFNU-2024-ZC,primary_evidence,"{""row_key"":""新能源材料与器件"",""section"":""考试科目"",""table"":3,""url"":""https://zsb.hfnu.edu.cn/info/1003/2715.htm""}"
FACTSRC-498d2c71-3aef-5dae-99fe-84d83424b2b8,exam_sessions,SESSION-b93ed1b8-4f79-5f48-8a20-a83dab58f429,SRC-HFNU-2025-ZC,primary_evidence,"{""asset_id"":""ASSET-HFNU-2025-ZC-PDF"",""page"":13,""row_key"":""新能源材料与器件"",""section"":""考试时间和考试地点""}"
FACTSRC-b3bb2f76-16dd-5ac6-8241-1466a1d4a63c,exam_sessions,SESSION-b9b5ab27-520a-517b-94d6-598ed509525b,SRC-HFNU-2024-ZC,primary_evidence,"{""row_key"":""经济统计学"",""section"":""考试科目"",""table"":3,""url"":""https://zsb.hfnu.edu.cn/info/1003/2715.htm""}"
FACTSRC-d42e61f7-7f6b-51c5-ad0b-3265b810242f,exam_sessions,SESSION-ba9590fb-80cc-52e6-a8ae-45e08aa56dfc,SRC-HFNU-2026-ZC,primary_evidence,"{""asset_id"":""ASSET-HFNU-2026-ZC-PDF"",""page"":12,""row_key"":""新能源材料与器件"",""section"":""考试时间和考试地点""}"
FACTSRC-147d27b5-74f2-5b09-9e3f-6ff55b2755f6,exam_sessions,SESSION-baea79b1-3085-5d5c-8da0-14210b39cee8,SRC-HFNU-2024-ZC,primary_evidence,"{""row_key"":""软件工程"",""section"":""考试科目"",""table"":3,""url"":""https://zsb.hfnu.edu.cn/info/1003/2715.htm""}"
FACTSRC-63a04d97-93ff-5a8b-9908-53656641a4ab,exam_sessions,SESSION-bc12bffd-f9e3-534a-9216-80d516d958a5,SRC-HFNU-2026-ZC,primary_evidence,"{""asset_id"":""ASSET-HFNU-2026-ZC-PDF"",""page"":12,""row_key"":""运动康复"",""section"":""考试时间和考试地点""}"
FACTSRC-45eee712-e770-5ded-a087-215d9a4c8d7a,exam_sessions,SESSION-bd0c9b15-3090-51be-921d-a63c074f0516,SRC-HFNU-2024-ZC,primary_evidence,"{""row_key"":""制药工程"",""section"":""考试科目"",""table"":3,""url"":""https://zsb.hfnu.edu.cn/info/1003/2715.htm""}"
FACTSRC-05fb618b-09bf-55c2-8c56-e3ea629199a6,exam_sessions,SESSION-bd5571a2-1d28-5ffb-95f0-ea7e45e56319,SRC-HFNU-2025-ZC,primary_evidence,"{""asset_id"":""ASSET-HFNU-2025-ZC-PDF"",""page"":13,""row_key"":""互联网金融"",""section"":""考试时间和考试地点""}"
FACTSRC-86a28ab1-1b68-5221-8502-90779454752b,exam_sessions,SESSION-bed24d09-445a-582c-80f0-9a7218a6fbb3,SRC-HFNU-2024-ZC,primary_evidence,"{""row_key"":""通信工程"",""section"":""考试科目"",""table"":3,""url"":""https://zsb.hfnu.edu.cn/info/1003/2715.htm""}"
FACTSRC-c4725e21-b83b-59d6-a759-6061226d8666,exam_sessions,SESSION-bf2c23bc-293c-53d9-a5ab-8024a28a86b8,SRC-HFNU-2024-ZC,primary_evidence,"{""row_key"":""运动康复"",""section"":""考试科目"",""table"":3,""url"":""https://zsb.hfnu.edu.cn/info/1003/2715.htm""}"
FACTSRC-e45d8323-98a5-503c-9950-dcbb475bdf6c,exam_sessions,SESSION-bf9c1d57-7bdb-5188-8d70-f5e5cb042960,SRC-HFNU-2026-ZC,primary_evidence,"{""asset_id"":""ASSET-HFNU-2026-ZC-PDF"",""page"":12,""row_key"":""电气工程及其自动化"",""section"":""考试时间和考试地点""}"
FACTSRC-261216dc-cedd-530f-8820-769618c4b295,exam_sessions,SESSION-bfcee834-1b16-56db-a0fa-d7fcecb7f3be,SRC-HFNU-2026-ZC,primary_evidence,"{""asset_id"":""ASSET-HFNU-2026-ZC-PDF"",""page"":12,""row_key"":""环境设计"",""section"":""考试时间和考试地点""}"
FACTSRC-b9887016-4cbf-5d3c-bb62-77950a0af4e0,exam_sessions,SESSION-c0da3f00-ce0a-51ce-808d-ed26869fa520,SRC-HFNU-2026-ZC,primary_evidence,"{""asset_id"":""ASSET-HFNU-2026-ZC-PDF"",""page"":12,""row_key"":""商务英语"",""section"":""考试时间和考试地点""}"
FACTSRC-973d77bc-df6c-5c65-a273-bd7b63c1cff1,exam_sessions,SESSION-c317d914-0597-5c23-974d-05f43376e000,SRC-HFNU-2026-ZC,primary_evidence,"{""asset_id"":""ASSET-HFNU-2026-ZC-PDF"",""page"":12,""row_key"":""网络工程"",""section"":""考试时间和考试地点""}"
FACTSRC-dcea9118-3bea-5fb6-adff-60589472304c,exam_sessions,SESSION-c34f263a-d11d-50c7-8155-a3f8769f7f4f,SRC-HFNU-2026-ZC,primary_evidence,"{""asset_id"":""ASSET-HFNU-2026-ZC-PDF"",""page"":12,""row_key"":""经济统计学"",""section"":""考试时间和考试地点""}"
FACTSRC-81d52578-81ed-544c-930a-1421baf61a58,exam_sessions,SESSION-c37ea6ee-9a6e-5349-8bcd-e7b7be017570,SRC-HFNU-2025-ZC,primary_evidence,"{""asset_id"":""ASSET-HFNU-2025-ZC-PDF"",""page"":13,""row_key"":""电子信息工程"",""section"":""考试时间和考试地点""}"
FACTSRC-0b3b5d8f-2813-5fd1-a8de-5cbf63fb691e,exam_sessions,SESSION-c5309c75-19bf-58e8-9129-0007b6b92804,SRC-HFNU-2026-ZC,primary_evidence,"{""asset_id"":""ASSET-HFNU-2026-ZC-PDF"",""page"":12,""row_key"":""药物制剂"",""section"":""考试时间和考试地点""}"
FACTSRC-6087c615-140f-5d43-a7ab-5d50ab87e23c,exam_sessions,SESSION-c65f5ce0-bf5e-5a4a-822e-42a6835b8732,SRC-HFNU-2025-ZC,primary_evidence,"{""asset_id"":""ASSET-HFNU-2025-ZC-PDF"",""page"":13,""row_key"":""生物制药"",""section"":""考试时间和考试地点""}"
FACTSRC-4379de87-830d-5e06-8513-a93fea87c4fc,exam_sessions,SESSION-c88eae71-ba21-554a-b463-a91ef865364c,SRC-HFNU-2025-ZC,primary_evidence,"{""asset_id"":""ASSET-HFNU-2025-ZC-PDF"",""page"":13,""row_key"":""网络工程"",""section"":""考试时间和考试地点""}"
FACTSRC-e40030c2-768a-58b7-a66e-36accf4e6db3,exam_sessions,SESSION-c8b67e3e-aff9-5c68-b531-8a7b93951545,SRC-HFNU-2024-ZC,primary_evidence,"{""row_key"":""人力资源管理"",""section"":""考试科目"",""table"":3,""url"":""https://zsb.hfnu.edu.cn/info/1003/2715.htm""}"
FACTSRC-e4fa7ea3-e226-536c-92ba-0c0575718ae4,exam_sessions,SESSION-c92b96ab-74a7-5a76-97bf-630aeae30a06,SRC-HFNU-2026-ZC,primary_evidence,"{""asset_id"":""ASSET-HFNU-2026-ZC-PDF"",""page"":12,""row_key"":""视觉传达设计"",""section"":""考试时间和考试地点""}"
FACTSRC-6686d210-37d0-51f6-9dc8-3de23312b634,exam_sessions,SESSION-c963bc03-26d0-5dc1-9c4b-05734c586b2a,SRC-HFNU-2025-ZC,primary_evidence,"{""asset_id"":""ASSET-HFNU-2025-ZC-PDF"",""page"":13,""row_key"":""互联网金融"",""section"":""考试时间和考试地点""}"
FACTSRC-a6a09c20-8140-5cde-8e3f-8d699b787a6d,exam_sessions,SESSION-cb25a6dd-e34c-5d07-9e36-fb19334ed7a4,SRC-HFNU-2025-ZC,primary_evidence,"{""asset_id"":""ASSET-HFNU-2025-ZC-PDF"",""page"":13,""row_key"":""药物制剂"",""section"":""考试时间和考试地点""}"
FACTSRC-0fe9041c-ff62-5de3-83ee-96ccafd3f256,exam_sessions,SESSION-cb6baedf-d0df-5592-9119-424c187ff9d5,SRC-HFNU-2024-ZC,primary_evidence,"{""row_key"":""小学教育"",""section"":""考试科目"",""table"":3,""url"":""https://zsb.hfnu.edu.cn/info/1003/2715.htm""}"
FACTSRC-55360c83-fdea-5c7b-8d35-4c41b2fbbe29,exam_sessions,SESSION-cbd9d293-ace9-56a9-8260-fe82ec5cef2f,SRC-HFNU-2024-ZC,primary_evidence,"{""row_key"":""服装与服饰设计"",""section"":""考试科目"",""table"":3,""url"":""https://zsb.hfnu.edu.cn/info/1003/2715.htm""}"
FACTSRC-4410284b-ca8a-55c2-9197-a89d03366949,exam_sessions,SESSION-cc27ee37-fd2d-5937-b12b-51088af92d67,SRC-HFNU-2024-ZC,primary_evidence,"{""row_key"":""电子信息工程"",""section"":""考试科目"",""table"":3,""url"":""https://zsb.hfnu.edu.cn/info/1003/2715.htm""}"
FACTSRC-a3944700-92c2-57e6-bdaf-30be1ac6d825,exam_sessions,SESSION-cd8b8974-a727-5e60-8f30-358079973203,SRC-HFNU-2024-ZC,primary_evidence,"{""row_key"":""市场营销"",""section"":""考试科目"",""table"":3,""url"":""https://zsb.hfnu.edu.cn/info/1003/2715.htm""}"
FACTSRC-bf8fdd75-1860-5b88-a877-04b33ded0779,exam_sessions,SESSION-cdab4057-d1df-5569-97b3-3d3e28a275bb,SRC-HFNU-2024-ZC,primary_evidence,"{""row_key"":""财务管理"",""section"":""考试科目"",""table"":3,""url"":""https://zsb.hfnu.edu.cn/info/1003/2715.htm""}"
FACTSRC-8246928b-8d61-59fd-8cf3-db5a8ac801e8,exam_sessions,SESSION-cf57d174-88df-5373-ae4a-2d5a345c9e83,SRC-HFNU-2026-ZC,primary_evidence,"{""asset_id"":""ASSET-HFNU-2026-ZC-PDF"",""page"":12,""row_key"":""网络工程"",""section"":""考试时间和考试地点""}"
FACTSRC-e27b3015-6798-5f5b-8906-eff604ec542e,exam_sessions,SESSION-cfa96e05-b6cb-55e7-a7c2-700550ebe467,SRC-HFNU-2025-ZC,primary_evidence,"{""asset_id"":""ASSET-HFNU-2025-ZC-PDF"",""page"":13,""row_key"":""音乐学"",""section"":""考试时间和考试地点""}"
FACTSRC-e2de5b43-0fd1-59bc-9967-480aede1fb7e,exam_sessions,SESSION-d0cdee00-3148-5e26-8986-d4e58ed69859,SRC-HFNU-2025-ZC,primary_evidence,"{""asset_id"":""ASSET-HFNU-2025-ZC-PDF"",""page"":13,""row_key"":""商务英语"",""section"":""考试时间和考试地点""}"
FACTSRC-00232280-d820-5c39-8e37-e93105c2b525,exam_sessions,SESSION-d0e4ce43-6114-501a-858e-49db8de7cb02,SRC-HFNU-2025-ZC,primary_evidence,"{""asset_id"":""ASSET-HFNU-2025-ZC-PDF"",""page"":13,""row_key"":""视觉传达设计"",""section"":""考试时间和考试地点""}"
FACTSRC-51d474e1-ac45-526f-bba6-c322436d2265,exam_sessions,SESSION-d16c3fac-0125-591e-93d7-1fce7df06e20,SRC-HFNU-2024-ZC,primary_evidence,"{""row_key"":""数据科学与大数据技术"",""section"":""考试科目"",""table"":3,""url"":""https://zsb.hfnu.edu.cn/info/1003/2715.htm""}"
FACTSRC-12bcd16c-defa-5a37-88ce-f55325a61a69,exam_sessions,SESSION-d2f7af99-c856-57d9-b535-527e74a1b349,SRC-HFNU-2025-ZC,primary_evidence,"{""asset_id"":""ASSET-HFNU-2025-ZC-PDF"",""page"":13,""row_key"":""电气工程及其自动化"",""section"":""考试时间和考试地点""}"
FACTSRC-ce5f1f96-a407-5309-a81a-f0d17f5a8ab8,exam_sessions,SESSION-d3f5836f-3d24-5576-b412-cc9b3f1f8a9d,SRC-HFNU-2024-ZC,primary_evidence,"{""row_key"":""电子信息工程"",""section"":""考试科目"",""table"":3,""url"":""https://zsb.hfnu.edu.cn/info/1003/2715.htm""}"
FACTSRC-2fb6b4d6-b46e-5c55-8738-f7e716daea52,exam_sessions,SESSION-d4118ce6-19ab-5c45-bec0-599a521b4f3e,SRC-HFNU-2026-ZC,primary_evidence,"{""asset_id"":""ASSET-HFNU-2026-ZC-PDF"",""page"":12,""row_key"":""电子信息工程"",""section"":""考试时间和考试地点""}"
FACTSRC-d178e736-1354-584e-ae47-0c5f2abae493,exam_sessions,SESSION-d42f5ca4-5e82-5df5-acd0-3f9f535e5297,SRC-HFNU-2024-ZC,primary_evidence,"{""row_key"":""小学教育"",""section"":""考试科目"",""table"":3,""url"":""https://zsb.hfnu.edu.cn/info/1003/2715.htm""}"
FACTSRC-6a8466f6-562f-55f7-883c-e24e84a3ded8,exam_sessions,SESSION-d534ae70-1f2d-5c05-8175-3f477b698b4e,SRC-HFNU-2024-ZC,primary_evidence,"{""row_key"":""通信工程"",""section"":""考试科目"",""table"":3,""url"":""https://zsb.hfnu.edu.cn/info/1003/2715.htm""}"
FACTSRC-5c91ee0c-09df-5616-83c8-68bcd11c4acb,exam_sessions,SESSION-d7c7ba44-0896-5600-a01f-c977ac5eb4f3,SRC-HFNU-2026-ZC,primary_evidence,"{""asset_id"":""ASSET-HFNU-2026-ZC-PDF"",""page"":12,""row_key"":""音乐学"",""section"":""考试时间和考试地点""}"
FACTSRC-fcae4a50-c186-58cd-8e3b-cf6fd3f1ae7e,exam_sessions,SESSION-d9f80f90-828b-516f-9f3b-5487b595d696,SRC-HFNU-2025-ZC,primary_evidence,"{""asset_id"":""ASSET-HFNU-2025-ZC-PDF"",""page"":13,""row_key"":""环境设计"",""section"":""考试时间和考试地点""}"
FACTSRC-07a6e2aa-fc92-519c-bb3e-cf873e8b3df8,exam_sessions,SESSION-dba39af7-46dc-5215-96db-4eaccdcf24b4,SRC-HFNU-2024-ZC,primary_evidence,"{""row_key"":""财务管理"",""section"":""考试科目"",""table"":3,""url"":""https://zsb.hfnu.edu.cn/info/1003/2715.htm""}"
FACTSRC-f949d8e9-773c-5e08-a79e-8973b9369ed4,exam_sessions,SESSION-dd2b1ce6-f02a-5526-8e96-aaef407efd7f,SRC-HFNU-2026-ZC,primary_evidence,"{""asset_id"":""ASSET-HFNU-2026-ZC-PDF"",""page"":12,""row_key"":""互联网金融"",""section"":""考试时间和考试地点""}"
FACTSRC-eb020e07-5fc9-58a6-84d2-b2019b3b8c38,exam_sessions,SESSION-de459407-9252-591b-80f4-735e41f3a631,SRC-HFNU-2025-ZC,primary_evidence,"{""asset_id"":""ASSET-HFNU-2025-ZC-PDF"",""page"":13,""row_key"":""视觉传达设计"",""section"":""考试时间和考试地点""}"
FACTSRC-8462b323-e2be-5acf-b257-b9943b11234c,exam_sessions,SESSION-e108d98e-0949-549f-b5a4-77f7d6e09082,SRC-HFNU-2025-ZC,primary_evidence,"{""asset_id"":""ASSET-HFNU-2025-ZC-PDF"",""page"":13,""row_key"":""运动康复"",""section"":""考试时间和考试地点""}"
FACTSRC-f7b0d27e-cc4d-5ea8-9d17-3e09bed35455,exam_sessions,SESSION-e1506334-40e8-52a3-ac0b-0caeba991212,SRC-HFNU-2026-ZC,primary_evidence,"{""asset_id"":""ASSET-HFNU-2026-ZC-PDF"",""page"":12,""row_key"":""经济统计学"",""section"":""考试时间和考试地点""}"
FACTSRC-0b41bb2e-21bc-52cb-b984-44f96224eb77,exam_sessions,SESSION-e18fe3a1-2209-5fd1-8f60-ca19a9d59398,SRC-HFNU-2026-ZC,primary_evidence,"{""asset_id"":""ASSET-HFNU-2026-ZC-PDF"",""page"":12,""row_key"":""视觉传达设计"",""section"":""考试时间和考试地点""}"
FACTSRC-c64ef2d0-4f35-5fac-819c-bad8ef5b99e8,exam_sessions,SESSION-e190b1a3-2c30-59ca-945d-b82e276f83ad,SRC-HFNU-2024-ZC,primary_evidence,"{""row_key"":""财务管理"",""section"":""考试科目"",""table"":3,""url"":""https://zsb.hfnu.edu.cn/info/1003/2715.htm""}"
FACTSRC-0b86de11-5de9-5543-b4b5-52a6a33a95ff,exam_sessions,SESSION-e21fcc5d-1af5-5565-8aa7-7e2a2cf24ee8,SRC-HFNU-2024-ZC,primary_evidence,"{""row_key"":""生物制药"",""section"":""考试科目"",""table"":3,""url"":""https://zsb.hfnu.edu.cn/info/1003/2715.htm""}"
FACTSRC-5d67ed47-8d0d-5f80-8e67-d638784b99c8,exam_sessions,SESSION-e33887f7-314f-5c83-b873-21be6cbbe329,SRC-HFNU-2024-ZC,primary_evidence,"{""row_key"":""学前教育"",""section"":""考试科目"",""table"":3,""url"":""https://zsb.hfnu.edu.cn/info/1003/2715.htm""}"
FACTSRC-b93df9ad-3dba-5270-aba1-8b58ff01e22f,exam_sessions,SESSION-e4771b6f-464d-5bea-a30b-b6fca70fd5f9,SRC-HFNU-2025-ZC,primary_evidence,"{""asset_id"":""ASSET-HFNU-2025-ZC-PDF"",""page"":13,""row_key"":""生物制药"",""section"":""考试时间和考试地点""}"
FACTSRC-bd31d251-e733-57bb-a5f4-6e97f04705ac,exam_sessions,SESSION-e4bfb766-268f-5703-93e2-702cc18a1905,SRC-HFNU-2026-ZC,primary_evidence,"{""asset_id"":""ASSET-HFNU-2026-ZC-PDF"",""page"":12,""row_key"":""通信工程"",""section"":""考试时间和考试地点""}"
FACTSRC-60672e94-3e6f-5fa6-b6cf-89726558fe97,exam_sessions,SESSION-e58e471a-89c6-5b5b-a3f7-de699df3d963,SRC-HFNU-2026-ZC,primary_evidence,"{""asset_id"":""ASSET-HFNU-2026-ZC-PDF"",""page"":12,""row_key"":""服装与服饰设计"",""section"":""考试时间和考试地点""}"
FACTSRC-78b31fa8-42a7-5db9-88a5-39a84fe9193d,exam_sessions,SESSION-e6bd9593-3487-5120-ae49-4561c8620b72,SRC-HFNU-2025-ZC,primary_evidence,"{""asset_id"":""ASSET-HFNU-2025-ZC-PDF"",""page"":13,""row_key"":""人力资源管理"",""section"":""考试时间和考试地点""}"
FACTSRC-f1b4b05d-90eb-52d2-8137-c4fe61a5e0d7,exam_sessions,SESSION-e710b46e-07ac-59d1-b69c-bcfe962668a1,SRC-HFNU-2025-ZC,primary_evidence,"{""asset_id"":""ASSET-HFNU-2025-ZC-PDF"",""page"":13,""row_key"":""新能源材料与器件"",""section"":""考试时间和考试地点""}"
FACTSRC-119d66a1-5d9a-5acf-adc9-3ae351e10e55,exam_sessions,SESSION-e779f7fb-7ce1-5028-9ad5-569e1222201c,SRC-HFNU-2026-ZC,primary_evidence,"{""asset_id"":""ASSET-HFNU-2026-ZC-PDF"",""page"":12,""row_key"":""商务英语"",""section"":""考试时间和考试地点""}"
FACTSRC-49e2ae76-6fe9-545e-a379-5f0ce36e80ac,exam_sessions,SESSION-e792e8b4-6b8e-5392-bccd-f0c4cb55b08d,SRC-HFNU-2024-ZC,primary_evidence,"{""row_key"":""网络与新媒体"",""section"":""考试科目"",""table"":3,""url"":""https://zsb.hfnu.edu.cn/info/1003/2715.htm""}"
FACTSRC-0ec00a55-16ac-5dcb-9fe6-51d027fe55e8,exam_sessions,SESSION-e928b688-f2bb-5cff-aca7-78fb578e41b0,SRC-HFNU-2024-ZC,primary_evidence,"{""row_key"":""计算机科学与技术"",""section"":""考试科目"",""table"":3,""url"":""https://zsb.hfnu.edu.cn/info/1003/2715.htm""}"
FACTSRC-f8767e91-3d5b-5621-9ba0-4b2930f9032b,exam_sessions,SESSION-e9b75902-c1c5-5779-8bbb-f4070d75b95e,SRC-HFNU-2025-ZC,primary_evidence,"{""asset_id"":""ASSET-HFNU-2025-ZC-PDF"",""page"":13,""row_key"":""新能源材料与器件"",""section"":""考试时间和考试地点""}"
FACTSRC-595e7104-f337-54c5-91e5-f88992c4f51a,exam_sessions,SESSION-ea24153a-8003-5a3b-b285-f6abdd4d5064,SRC-HFNU-2026-ZC,primary_evidence,"{""asset_id"":""ASSET-HFNU-2026-ZC-PDF"",""page"":12,""row_key"":""音乐学"",""section"":""考试时间和考试地点""}"
FACTSRC-16b29b9c-a513-5766-b4d2-ed38b7ad84d6,exam_sessions,SESSION-eb7eee5f-76a8-5d95-89e9-e2df764c270b,SRC-HFNU-2025-ZC,primary_evidence,"{""asset_id"":""ASSET-HFNU-2025-ZC-PDF"",""page"":13,""row_key"":""数据科学与大数据技术"",""section"":""考试时间和考试地点""}"
FACTSRC-c1112a12-aaa4-564c-a3e7-370b0e17d0a7,exam_sessions,SESSION-ec8914d7-af64-5678-9021-0ec37eade30a,SRC-HFNU-2024-ZC,primary_evidence,"{""row_key"":""人力资源管理"",""section"":""考试科目"",""table"":3,""url"":""https://zsb.hfnu.edu.cn/info/1003/2715.htm""}"
FACTSRC-2d1a057c-154b-5868-99d3-1fdd97cd386a,exam_sessions,SESSION-f17f58e1-bbfa-5557-9ee3-e73de0dbd596,SRC-HFNU-2024-ZC,primary_evidence,"{""row_key"":""软件工程"",""section"":""考试科目"",""table"":3,""url"":""https://zsb.hfnu.edu.cn/info/1003/2715.htm""}"
FACTSRC-758bc310-7890-50d5-851f-c097bc3d423c,exam_sessions,SESSION-f546c937-ed4a-5ea6-9d5f-2931a3f3535a,SRC-HFNU-2026-ZC,primary_evidence,"{""asset_id"":""ASSET-HFNU-2026-ZC-PDF"",""page"":12,""row_key"":""经济统计学"",""section"":""考试时间和考试地点""}"
FACTSRC-6745db7a-5418-5817-906d-32e043335d94,exam_sessions,SESSION-f5bbf219-cfed-53a1-80b1-46cd79b3edeb,SRC-HFNU-2026-ZC,primary_evidence,"{""asset_id"":""ASSET-HFNU-2026-ZC-PDF"",""page"":12,""row_key"":""生物制药"",""section"":""考试时间和考试地点""}"
FACTSRC-10bac1cb-0f60-58bf-a14f-a50afc9cc7ed,exam_sessions,SESSION-f63db6cd-6037-5508-bdd1-47e368b292ea,SRC-HFNU-2024-ZC,primary_evidence,"{""row_key"":""生物制药"",""section"":""考试科目"",""table"":3,""url"":""https://zsb.hfnu.edu.cn/info/1003/2715.htm""}"
FACTSRC-aa2ab61f-ab5a-5610-8ab9-17b2a6e64283,exam_sessions,SESSION-f7df707d-55e6-58bf-a459-c7f0b88417b7,SRC-HFNU-2026-ZC,primary_evidence,"{""asset_id"":""ASSET-HFNU-2026-ZC-PDF"",""page"":12,""row_key"":""网络工程"",""section"":""考试时间和考试地点""}"
FACTSRC-24de4f9a-4bd7-56e9-92f4-ce0d4d38c61d,exam_sessions,SESSION-f9516487-a696-5c0e-b7e6-264b243f4ef6,SRC-HFNU-2024-ZC,primary_evidence,"{""row_key"":""学前教育"",""section"":""考试科目"",""table"":3,""url"":""https://zsb.hfnu.edu.cn/info/1003/2715.htm""}"
FACTSRC-2812f405-33cd-5d14-9593-1c85b15fe53e,exam_sessions,SESSION-fa1f3d49-0c6b-5a78-b889-fd1493e24756,SRC-HFNU-2024-ZC,primary_evidence,"{""row_key"":""市场营销"",""section"":""考试科目"",""table"":3,""url"":""https://zsb.hfnu.edu.cn/info/1003/2715.htm""}"
FACTSRC-d0c77c5a-6c4d-595e-ac07-19c70b5ee5ca,exam_sessions,SESSION-fb221091-a88a-5bb7-9e44-f02d435ca74f,SRC-HFNU-2024-ZC,primary_evidence,"{""row_key"":""数据科学与大数据技术"",""section"":""考试科目"",""table"":3,""url"":""https://zsb.hfnu.edu.cn/info/1003/2715.htm""}"
FACTSRC-dbcc02dc-eda4-5961-a735-be95a3c35ef1,exam_sessions,SESSION-fb7fabde-1d64-53f5-bb93-3ecbe676400e,SRC-HFNU-2025-ZC,primary_evidence,"{""asset_id"":""ASSET-HFNU-2025-ZC-PDF"",""page"":13,""row_key"":""小学教育"",""section"":""考试时间和考试地点""}"
FACTSRC-f4d5383e-7367-5094-bab0-b1b0726328d3,exam_sessions,SESSION-fd347766-c235-58f4-be5a-c840316dc3ab,SRC-HFNU-2026-ZC,primary_evidence,"{""asset_id"":""ASSET-HFNU-2026-ZC-PDF"",""page"":12,""row_key"":""财务管理"",""section"":""考试时间和考试地点""}"
FACTSRC-b5d5c25c-1df3-5402-958d-c7835e320a41,exam_sessions,SESSION-fe6354c5-7e75-51c4-bfaa-32b412abb309,SRC-HFNU-2026-ZC,primary_evidence,"{""asset_id"":""ASSET-HFNU-2026-ZC-PDF"",""page"":12,""row_key"":""网络与新媒体"",""section"":""考试时间和考试地点""}"
FACTSRC-dda03998-b60c-5e10-95a4-f8bdb1620b57,exam_sessions,SESSION-feacc1c1-eb0e-5815-8b1c-341abba84b5b,SRC-HFNU-2024-ZC,primary_evidence,"{""row_key"":""制药工程"",""section"":""考试科目"",""table"":3,""url"":""https://zsb.hfnu.edu.cn/info/1003/2715.htm""}"
FACTSRC-bfc1b115-ea41-52c4-8616-162b958b6c60,exam_sessions,SESSION-ff519d20-b4b4-59eb-9738-d076969eee87,SRC-HFNU-2025-ZC,primary_evidence,"{""asset_id"":""ASSET-HFNU-2025-ZC-PDF"",""page"":13,""row_key"":""电气工程及其自动化"",""section"":""考试时间和考试地点""}"
FACTSRC-39435285-b93f-5209-9a40-3f862b8a6058,exam_subjects,EXAM-0124cede-a364-5d61-bcde-f100471f7efa,SRC-HFNU-2026-ZC,primary_evidence,"{""asset_id"":""ASSET-HFNU-2026-ZC-PDF"",""page"":11,""row_key"":""生物制药"",""section"":""考试科目""}"
FACTSRC-711f051a-d85a-5f3d-bd0e-064c182670ed,exam_subjects,EXAM-016f6dbe-3df8-524a-9420-7feacea77722,SRC-HFNU-2024-ZC,primary_evidence,"{""row_key"":""新能源材料与器件"",""section"":""考试科目"",""table"":3,""url"":""https://zsb.hfnu.edu.cn/info/1003/2715.htm""}"
FACTSRC-4b043595-fc99-5174-96aa-c18fc31d6f3b,exam_subjects,EXAM-01f99914-f892-59d0-95ee-f3cbd2a11bd4,SRC-HFNU-2025-ZC,primary_evidence,"{""asset_id"":""ASSET-HFNU-2025-ZC-PDF"",""page"":11,""row_key"":""财务管理"",""section"":""考试科目""}"
FACTSRC-092bdc07-a564-5ff5-91c9-2666bdd3e883,exam_subjects,EXAM-024a21ef-2e15-5872-a576-e503dbcc28e7,SRC-HFNU-2026-ZC,primary_evidence,"{""asset_id"":""ASSET-HFNU-2026-ZC-PDF"",""page"":11,""row_key"":""生物制药"",""section"":""考试科目""}"
FACTSRC-37f76605-b263-5e09-a45d-58bdc13996e6,exam_subjects,EXAM-03221907-deb5-5056-bcf1-39248e1a5389,SRC-HFNU-2026-ZC,primary_evidence,"{""asset_id"":""ASSET-HFNU-2026-ZC-PDF"",""page"":11,""row_key"":""财务管理"",""section"":""考试科目""}"
FACTSRC-6f9f6748-790c-5be8-9024-daf2667667c3,exam_subjects,EXAM-0378714b-b5ac-53ed-9647-8b46a93fd1be,SRC-HFNU-2024-ZC,primary_evidence,"{""row_key"":""小学教育"",""section"":""考试科目"",""table"":3,""url"":""https://zsb.hfnu.edu.cn/info/1003/2715.htm""}"
FACTSRC-3c853cce-993f-5e9f-8e13-04f8b02f71c1,exam_subjects,EXAM-04bffa88-e5c0-5283-b897-ff2ea4103089,SRC-HFNU-2025-ZC,primary_evidence,"{""asset_id"":""ASSET-HFNU-2025-ZC-PDF"",""page"":11,""row_key"":""音乐学"",""section"":""考试科目""}"
FACTSRC-6558c996-4bd9-5316-a809-88dd34ee7cc0,exam_subjects,EXAM-055ac6bb-e342-5a2f-aba1-bed9fa98203e,SRC-HFNU-2025-ZC,primary_evidence,"{""asset_id"":""ASSET-HFNU-2025-ZC-PDF"",""page"":11,""row_key"":""视觉传达设计"",""section"":""考试科目""}"
FACTSRC-8b6b678f-ed3d-5292-b711-d3fbb6c68889,exam_subjects,EXAM-0685043f-659a-5efd-ac81-58a9a81a508b,SRC-HFNU-2024-ZC,primary_evidence,"{""row_key"":""材料科学与工程"",""section"":""考试科目"",""table"":3,""url"":""https://zsb.hfnu.edu.cn/info/1003/2715.htm""}"
FACTSRC-eae31bdd-2125-537a-91e1-9143ff0e7a8d,exam_subjects,EXAM-068ce6a4-351e-555d-8849-5dbe46ce5d7c,SRC-HFNU-2024-ZC,primary_evidence,"{""row_key"":""计算机科学与技术"",""section"":""考试科目"",""table"":3,""url"":""https://zsb.hfnu.edu.cn/info/1003/2715.htm""}"
FACTSRC-1c1f1a55-f673-509d-b6df-7efb2f8948f1,exam_subjects,EXAM-0877aac8-044f-5862-a2e8-44c6e76a8402,SRC-HFNU-2024-ZC,primary_evidence,"{""row_key"":""新能源材料与器件"",""section"":""考试科目"",""table"":3,""url"":""https://zsb.hfnu.edu.cn/info/1003/2715.htm""}"
FACTSRC-a3d865c5-ee99-518f-8f78-970ca77e70b2,exam_subjects,EXAM-09204b9f-3117-5d6b-8732-407c2ac1f2e5,SRC-HFNU-2024-ZC,primary_evidence,"{""row_key"":""网络工程"",""section"":""考试科目"",""table"":3,""url"":""https://zsb.hfnu.edu.cn/info/1003/2715.htm""}"
FACTSRC-e45eabb2-afa8-590f-9ede-08ce4b4154b6,exam_subjects,EXAM-09312be1-8711-57c3-9f52-d3919767d8e4,SRC-HFNU-2026-ZC,primary_evidence,"{""asset_id"":""ASSET-HFNU-2026-ZC-PDF"",""page"":11,""row_key"":""商务英语"",""section"":""考试科目""}"
FACTSRC-67aa6c64-995c-5ca9-bf52-0bc59131a2dc,exam_subjects,EXAM-09498c98-b10b-5678-8163-271a392f49ad,SRC-HFNU-2026-ZC,primary_evidence,"{""asset_id"":""ASSET-HFNU-2026-ZC-PDF"",""page"":11,""row_key"":""运动康复"",""section"":""考试科目""}"
FACTSRC-49efb2ee-b1ae-5fa0-bd4e-c9e573fa921f,exam_subjects,EXAM-0ca28814-e8b9-5161-ab85-f5ffd7c65962,SRC-HFNU-2025-ZC,primary_evidence,"{""asset_id"":""ASSET-HFNU-2025-ZC-PDF"",""page"":11,""row_key"":""化学工程与工艺"",""section"":""考试科目""}"
FACTSRC-ed38b2b9-35c2-5c4a-9848-d9463331b472,exam_subjects,EXAM-0d7c8dbd-13a0-5362-8a3c-b17fe2d3f674,SRC-HFNU-2026-ZC,primary_evidence,"{""asset_id"":""ASSET-HFNU-2026-ZC-PDF"",""page"":11,""row_key"":""网络与新媒体"",""section"":""考试科目""}"
FACTSRC-c2012382-7c70-5c25-849d-bb6096e81a1d,exam_subjects,EXAM-0d9e8583-48de-5b04-91be-f081d86e4daa,SRC-HFNU-2026-ZC,primary_evidence,"{""asset_id"":""ASSET-HFNU-2026-ZC-PDF"",""page"":11,""row_key"":""生物制药"",""section"":""考试科目""}"
FACTSRC-bf437684-9840-57aa-aa0f-d262a8b50faf,exam_subjects,EXAM-0dc759ef-5b29-5ce3-9aec-acad8e63ae09,SRC-HFNU-2024-ZC,primary_evidence,"{""row_key"":""食品质量与安全"",""section"":""考试科目"",""table"":3,""url"":""https://zsb.hfnu.edu.cn/info/1003/2715.htm""}"
FACTSRC-79365d93-d506-56cc-8a5c-e557c680e051,exam_subjects,EXAM-0dfcae3e-1b0d-5757-a1b1-47c9521bd19c,SRC-HFNU-2024-ZC,primary_evidence,"{""row_key"":""人力资源管理"",""section"":""考试科目"",""table"":3,""url"":""https://zsb.hfnu.edu.cn/info/1003/2715.htm""}"
FACTSRC-40cb9806-9038-51fe-bc8d-265b2cca38ab,exam_subjects,EXAM-0e95af19-a6d3-5882-a3f4-224a6f53c7ae,SRC-HFNU-2025-ZC,primary_evidence,"{""asset_id"":""ASSET-HFNU-2025-ZC-PDF"",""page"":11,""row_key"":""药物制剂"",""section"":""考试科目""}"
FACTSRC-120f98bd-6664-566f-b2f3-5520f252824c,exam_subjects,EXAM-0f5fca65-d87c-5f79-ba25-9f7a4b19673c,SRC-HFNU-2024-ZC,primary_evidence,"{""row_key"":""软件工程"",""section"":""考试科目"",""table"":3,""url"":""https://zsb.hfnu.edu.cn/info/1003/2715.htm""}"
FACTSRC-7166dd28-c4ea-532e-bdf6-9b71540d6d0e,exam_subjects,EXAM-1069ef13-bc50-57aa-98be-9410ad0ea43c,SRC-HFNU-2024-ZC,primary_evidence,"{""row_key"":""电子信息工程"",""section"":""考试科目"",""table"":3,""url"":""https://zsb.hfnu.edu.cn/info/1003/2715.htm""}"
FACTSRC-32a6c770-8503-5469-88f1-b50a95949ce0,exam_subjects,EXAM-1159b64c-85cc-5ccc-aef4-0f415157e61d,SRC-HFNU-2025-ZC,primary_evidence,"{""asset_id"":""ASSET-HFNU-2025-ZC-PDF"",""page"":11,""row_key"":""视觉传达设计"",""section"":""考试科目""}"
FACTSRC-18a49ef7-5974-5d8f-9260-f97ec4620ab2,exam_subjects,EXAM-116f206a-d5c1-5d5c-a90e-5a48e2f9eed5,SRC-HFNU-2026-ZC,primary_evidence,"{""asset_id"":""ASSET-HFNU-2026-ZC-PDF"",""page"":11,""row_key"":""音乐学"",""section"":""考试科目""}"
FACTSRC-e3451b24-0a38-5dfe-b06c-be47303517a7,exam_subjects,EXAM-126710f7-355d-5181-96be-7843f848c404,SRC-HFNU-2025-ZC,primary_evidence,"{""asset_id"":""ASSET-HFNU-2025-ZC-PDF"",""page"":11,""row_key"":""软件工程"",""section"":""考试科目""}"
FACTSRC-0ef3048b-3b52-5477-b93d-c2b689b86d62,exam_subjects,EXAM-131512d0-b0e3-50d4-ae90-6f9895467b43,SRC-HFNU-2025-ZC,primary_evidence,"{""asset_id"":""ASSET-HFNU-2025-ZC-PDF"",""page"":11,""row_key"":""通信工程"",""section"":""考试科目""}"
FACTSRC-876c8818-1117-5dba-81aa-add2dc89801a,exam_subjects,EXAM-136e590d-4663-545d-a270-42e813567582,SRC-HFNU-2025-ZC,primary_evidence,"{""asset_id"":""ASSET-HFNU-2025-ZC-PDF"",""page"":11,""row_key"":""市场营销"",""section"":""考试科目""}"
FACTSRC-5e7c8eea-4a1b-55bf-b621-6ed68479e2ee,exam_subjects,EXAM-14a23b61-6406-5f74-9352-89fbfe7e1cf5,SRC-HFNU-2025-ZC,primary_evidence,"{""asset_id"":""ASSET-HFNU-2025-ZC-PDF"",""page"":11,""row_key"":""电气工程及其自动化"",""section"":""考试科目""}"
FACTSRC-342ac5a7-2e9e-5c85-9dbe-f8d3b7f0d3c6,exam_subjects,EXAM-15410e2d-f2f5-5a99-a176-76a641653091,SRC-HFNU-2026-ZC,primary_evidence,"{""asset_id"":""ASSET-HFNU-2026-ZC-PDF"",""page"":11,""row_key"":""食品质量与安全"",""section"":""考试科目""}"
FACTSRC-9677c9d6-70eb-5441-b347-ce949972dea6,exam_subjects,EXAM-17e251a9-1e30-5f72-ae5d-582dcc630e61,SRC-HFNU-2026-ZC,primary_evidence,"{""asset_id"":""ASSET-HFNU-2026-ZC-PDF"",""page"":11,""row_key"":""市场营销"",""section"":""考试科目""}"
FACTSRC-e76b122e-5ff5-5048-ba97-34e132ddf738,exam_subjects,EXAM-18b799ba-8ec0-5f91-a77f-0c8c9701d647,SRC-HFNU-2025-ZC,primary_evidence,"{""asset_id"":""ASSET-HFNU-2025-ZC-PDF"",""page"":11,""row_key"":""经济统计学"",""section"":""考试科目""}"
FACTSRC-cfae1609-e403-528a-834f-96976a51c41e,exam_subjects,EXAM-19768486-39a6-559a-8604-987e071f8542,SRC-HFNU-2025-ZC,primary_evidence,"{""asset_id"":""ASSET-HFNU-2025-ZC-PDF"",""page"":11,""row_key"":""市场营销"",""section"":""考试科目""}"
FACTSRC-a8799841-7f7f-528b-98a0-b2d0d8f59b3f,exam_subjects,EXAM-1a46e7a7-71e3-5bdb-b170-42f2066bb85a,SRC-HFNU-2025-ZC,primary_evidence,"{""asset_id"":""ASSET-HFNU-2025-ZC-PDF"",""page"":11,""row_key"":""服装与服饰设计"",""section"":""考试科目""}"
FACTSRC-fcb07fa8-1c6e-573e-9b10-b4661b115fc5,exam_subjects,EXAM-1a8e2e29-fe03-5ab8-b9ae-6c5e35d46697,SRC-HFNU-2024-ZC,primary_evidence,"{""row_key"":""动画"",""section"":""考试科目"",""table"":3,""url"":""https://zsb.hfnu.edu.cn/info/1003/2715.htm""}"
FACTSRC-a86c78c9-41fb-5638-b336-8edfa972e2db,exam_subjects,EXAM-1ae46128-8586-5533-b656-41120ca39471,SRC-HFNU-2024-ZC,primary_evidence,"{""row_key"":""生物制药"",""section"":""考试科目"",""table"":3,""url"":""https://zsb.hfnu.edu.cn/info/1003/2715.htm""}"
FACTSRC-7d5a9d4f-5194-5dcc-83a8-ba9db6e6099a,exam_subjects,EXAM-1aecf4d1-3b75-54c2-b205-07a1a176237d,SRC-HFNU-2026-ZC,primary_evidence,"{""asset_id"":""ASSET-HFNU-2026-ZC-PDF"",""page"":11,""row_key"":""通信工程"",""section"":""考试科目""}"
FACTSRC-a576fc3c-4e39-56d1-b6c1-27d99aa8fc14,exam_subjects,EXAM-1b8535ba-c80e-5f5a-b03c-33deee67e6df,SRC-HFNU-2024-ZC,primary_evidence,"{""row_key"":""互联网金融"",""section"":""考试科目"",""table"":3,""url"":""https://zsb.hfnu.edu.cn/info/1003/2715.htm""}"
FACTSRC-575b409d-d591-5b96-bdfe-0f24223361cf,exam_subjects,EXAM-1ba6c00f-a152-5beb-9658-0f78296f0970,SRC-HFNU-2025-ZC,primary_evidence,"{""asset_id"":""ASSET-HFNU-2025-ZC-PDF"",""page"":11,""row_key"":""通信工程"",""section"":""考试科目""}"
FACTSRC-f97f3914-5ff5-50d1-96db-e3475aa39bde,exam_subjects,EXAM-1bafb0a3-8ed5-586f-ac38-eaeb475faab5,SRC-HFNU-2024-ZC,primary_evidence,"{""row_key"":""材料科学与工程"",""section"":""考试科目"",""table"":3,""url"":""https://zsb.hfnu.edu.cn/info/1003/2715.htm""}"
FACTSRC-baf6344d-849e-5cb8-9f77-9df942f1caef,exam_subjects,EXAM-1c65173a-0b3f-50b4-9da0-18c3d2ba23da,SRC-HFNU-2024-ZC,primary_evidence,"{""row_key"":""软件工程"",""section"":""考试科目"",""table"":3,""url"":""https://zsb.hfnu.edu.cn/info/1003/2715.htm""}"
FACTSRC-fd729836-0fef-5d6a-a372-b09de43b8c48,exam_subjects,EXAM-1cbb05e0-5b4a-5208-9a9f-9d964ce44323,SRC-HFNU-2026-ZC,primary_evidence,"{""asset_id"":""ASSET-HFNU-2026-ZC-PDF"",""page"":11,""row_key"":""药物制剂"",""section"":""考试科目""}"
FACTSRC-e01fbf59-ce0d-5ff2-8498-fb37f6058f4b,exam_subjects,EXAM-1cf9e3a3-ab9c-53b7-a3f7-a41abe06f307,SRC-HFNU-2024-ZC,primary_evidence,"{""row_key"":""电气工程及其自动化"",""section"":""考试科目"",""table"":3,""url"":""https://zsb.hfnu.edu.cn/info/1003/2715.htm""}"
FACTSRC-05f6bbf8-70f5-5260-be93-59ff4733e0e5,exam_subjects,EXAM-1d2735cd-f26c-5cd2-8bef-204378f2cdc6,SRC-HFNU-2026-ZC,primary_evidence,"{""asset_id"":""ASSET-HFNU-2026-ZC-PDF"",""page"":11,""row_key"":""通信工程"",""section"":""考试科目""}"
FACTSRC-377aa849-efdb-5a27-a1c1-ae43d31089c2,exam_subjects,EXAM-1d39f351-8603-5ce7-936e-449015a6ece2,SRC-HFNU-2024-ZC,primary_evidence,"{""row_key"":""生物制药"",""section"":""考试科目"",""table"":3,""url"":""https://zsb.hfnu.edu.cn/info/1003/2715.htm""}"
FACTSRC-4febfcda-4bfa-5a36-8a94-3e0f8560d06d,exam_subjects,EXAM-1f0e8727-65cb-50ab-8f27-2063297a178d,SRC-HFNU-2026-ZC,primary_evidence,"{""asset_id"":""ASSET-HFNU-2026-ZC-PDF"",""page"":11,""row_key"":""服装与服饰设计"",""section"":""考试科目""}"
FACTSRC-2facacd9-c148-5958-8cff-e83b0c47f178,exam_subjects,EXAM-2014723d-ef00-5506-97ad-9c1e0a9043a8,SRC-HFNU-2025-ZC,primary_evidence,"{""asset_id"":""ASSET-HFNU-2025-ZC-PDF"",""page"":11,""row_key"":""环境设计"",""section"":""考试科目""}"
FACTSRC-4ea4356a-555b-5969-971f-47e6b508de01,exam_subjects,EXAM-20237b74-9eba-5803-af37-18fb6a4b041a,SRC-HFNU-2025-ZC,primary_evidence,"{""asset_id"":""ASSET-HFNU-2025-ZC-PDF"",""page"":11,""row_key"":""互联网金融"",""section"":""考试科目""}"
FACTSRC-565050e2-8f70-5734-8bae-b3c8a9b39d7f,exam_subjects,EXAM-20456902-76b7-5137-9671-8dc8a175cc69,SRC-HFNU-2024-ZC,primary_evidence,"{""row_key"":""视觉传达设计"",""section"":""考试科目"",""table"":3,""url"":""https://zsb.hfnu.edu.cn/info/1003/2715.htm""}"
FACTSRC-eb346b3c-bffa-5f1f-9590-3b2f11157b1b,exam_subjects,EXAM-21e4cfac-969a-54aa-bfc7-a080ac0bc84f,SRC-HFNU-2024-ZC,primary_evidence,"{""row_key"":""经济统计学"",""section"":""考试科目"",""table"":3,""url"":""https://zsb.hfnu.edu.cn/info/1003/2715.htm""}"
FACTSRC-f46aca76-2304-5758-95c3-07f7f2422a6e,exam_subjects,EXAM-22720189-4e4c-55d1-85fb-a8594a001656,SRC-HFNU-2025-ZC,primary_evidence,"{""asset_id"":""ASSET-HFNU-2025-ZC-PDF"",""page"":11,""row_key"":""食品质量与安全"",""section"":""考试科目""}"
FACTSRC-14520883-f129-55dc-bc39-fb4e275ab02f,exam_subjects,EXAM-22da03c0-ba33-5f6b-91b4-ec5c75b99254,SRC-HFNU-2026-ZC,primary_evidence,"{""asset_id"":""ASSET-HFNU-2026-ZC-PDF"",""page"":11,""row_key"":""电子信息工程"",""section"":""考试科目""}"
FACTSRC-79abd869-0fe9-5e2e-9e35-d8187e10ff93,exam_subjects,EXAM-237f1876-8626-502a-bbc1-1ee58869ed3c,SRC-HFNU-2025-ZC,primary_evidence,"{""asset_id"":""ASSET-HFNU-2025-ZC-PDF"",""page"":11,""row_key"":""音乐学"",""section"":""考试科目""}"
FACTSRC-a2c05b92-f39f-50a9-a239-8dee6d1ac865,exam_subjects,EXAM-244a0743-1b7c-54af-80dc-16912206e5c6,SRC-HFNU-2024-ZC,primary_evidence,"{""row_key"":""网络工程"",""section"":""考试科目"",""table"":3,""url"":""https://zsb.hfnu.edu.cn/info/1003/2715.htm""}"
FACTSRC-7ba8906e-b0bc-514c-9d4d-58761c219e5e,exam_subjects,EXAM-2532689f-1616-5079-9ca0-473c9794fbed,SRC-HFNU-2025-ZC,primary_evidence,"{""asset_id"":""ASSET-HFNU-2025-ZC-PDF"",""page"":11,""row_key"":""财务管理"",""section"":""考试科目""}"
FACTSRC-702dec15-e45f-5d79-a502-6e25185820f4,exam_subjects,EXAM-261333be-cfea-5aa0-8e3a-3a8803134ab5,SRC-HFNU-2026-ZC,primary_evidence,"{""asset_id"":""ASSET-HFNU-2026-ZC-PDF"",""page"":11,""row_key"":""环境设计"",""section"":""考试科目""}"
FACTSRC-57250bdb-d3ac-521c-8183-e68080542e94,exam_subjects,EXAM-272af6f8-7957-5e33-9bd5-43dcd067a9f1,SRC-HFNU-2026-ZC,primary_evidence,"{""asset_id"":""ASSET-HFNU-2026-ZC-PDF"",""page"":11,""row_key"":""电子信息工程"",""section"":""考试科目""}"
FACTSRC-c2077785-e6b0-5aff-b098-5b95f6aa3176,exam_subjects,EXAM-27c54c45-8ec4-5c56-9ac9-62278307ceef,SRC-HFNU-2024-ZC,primary_evidence,"{""row_key"":""财务管理"",""section"":""考试科目"",""table"":3,""url"":""https://zsb.hfnu.edu.cn/info/1003/2715.htm""}"
FACTSRC-da4e4190-a917-5599-b449-d84bdfb82d1b,exam_subjects,EXAM-29c5981b-d5a2-5753-b037-974f8dfe3461,SRC-HFNU-2025-ZC,primary_evidence,"{""asset_id"":""ASSET-HFNU-2025-ZC-PDF"",""page"":11,""row_key"":""小学教育"",""section"":""考试科目""}"
FACTSRC-1d42bf85-7e23-53ae-a1b9-259d2ac8ae6d,exam_subjects,EXAM-29cc70da-b892-5e5b-8f64-7326edc3d3ca,SRC-HFNU-2025-ZC,primary_evidence,"{""asset_id"":""ASSET-HFNU-2025-ZC-PDF"",""page"":11,""row_key"":""环境设计"",""section"":""考试科目""}"
FACTSRC-bf76fef8-dfe8-58f7-8e99-cdfd3436df78,exam_subjects,EXAM-29d38a55-ac4c-5eb1-aba5-142138a3ae67,SRC-HFNU-2025-ZC,primary_evidence,"{""asset_id"":""ASSET-HFNU-2025-ZC-PDF"",""page"":11,""row_key"":""电气工程及其自动化"",""section"":""考试科目""}"
FACTSRC-6a7084f8-26ff-506c-bb81-ec44982ba7e2,exam_subjects,EXAM-2b212045-8f1e-5c68-ac07-02c3084f34ae,SRC-HFNU-2024-ZC,primary_evidence,"{""row_key"":""市场营销"",""section"":""考试科目"",""table"":3,""url"":""https://zsb.hfnu.edu.cn/info/1003/2715.htm""}"
FACTSRC-6c4446a2-88fa-5de1-91b7-2c580180adac,exam_subjects,EXAM-2b398728-3012-5275-a874-01552e12bccf,SRC-HFNU-2025-ZC,primary_evidence,"{""asset_id"":""ASSET-HFNU-2025-ZC-PDF"",""page"":11,""row_key"":""学前教育"",""section"":""考试科目""}"
FACTSRC-19cf7c6c-d097-5b79-9768-bd666f05b38d,exam_subjects,EXAM-2cf4437b-29b5-5a1a-8cb9-55b45ddd6aab,SRC-HFNU-2026-ZC,primary_evidence,"{""asset_id"":""ASSET-HFNU-2026-ZC-PDF"",""page"":11,""row_key"":""新能源材料与器件"",""section"":""考试科目""}"
FACTSRC-343e3b72-4b14-5c7f-a4aa-1ce879a7fd69,exam_subjects,EXAM-2d6c37bf-7d71-5373-9714-aae5f156d73a,SRC-HFNU-2025-ZC,primary_evidence,"{""asset_id"":""ASSET-HFNU-2025-ZC-PDF"",""page"":11,""row_key"":""网络工程"",""section"":""考试科目""}"
FACTSRC-d74f57a4-5607-58ee-b3d8-0afdf1ddebfd,exam_subjects,EXAM-2e3ca2a4-4839-5e19-a2c8-31bc200e56ea,SRC-HFNU-2026-ZC,primary_evidence,"{""asset_id"":""ASSET-HFNU-2026-ZC-PDF"",""page"":11,""row_key"":""环境设计"",""section"":""考试科目""}"
FACTSRC-bd6ab9f2-2fe9-5ca2-a933-bb2558543be0,exam_subjects,EXAM-2e7217f6-996d-5906-b291-62d88bfda2cf,SRC-HFNU-2025-ZC,primary_evidence,"{""asset_id"":""ASSET-HFNU-2025-ZC-PDF"",""page"":11,""row_key"":""生物制药"",""section"":""考试科目""}"
FACTSRC-af5d0d21-e5bd-531f-9935-691fc9b31af6,exam_subjects,EXAM-2f880b6e-0b31-5c93-9ae8-9e8bafb477da,SRC-HFNU-2026-ZC,primary_evidence,"{""asset_id"":""ASSET-HFNU-2026-ZC-PDF"",""page"":11,""row_key"":""通信工程"",""section"":""考试科目""}"
FACTSRC-640fd4e6-8c56-50c8-b837-4ff1c45694a0,exam_subjects,EXAM-2fb24f9d-4ec3-5456-b5d3-a1d7e41ba563,SRC-HFNU-2025-ZC,primary_evidence,"{""asset_id"":""ASSET-HFNU-2025-ZC-PDF"",""page"":11,""row_key"":""人力资源管理"",""section"":""考试科目""}"
FACTSRC-7f8ba0a4-307b-514d-b8fc-29da5e774117,exam_subjects,EXAM-30665f82-29c6-5f41-9307-a7bfe5e76952,SRC-HFNU-2025-ZC,primary_evidence,"{""asset_id"":""ASSET-HFNU-2025-ZC-PDF"",""page"":11,""row_key"":""新能源材料与器件"",""section"":""考试科目""}"
FACTSRC-a739e2ef-d3c2-5864-935a-505beaffc1a6,exam_subjects,EXAM-321d77f5-3a21-577d-b96b-8cdf12c4cd8f,SRC-HFNU-2025-ZC,primary_evidence,"{""asset_id"":""ASSET-HFNU-2025-ZC-PDF"",""page"":11,""row_key"":""动画"",""section"":""考试科目""}"
FACTSRC-0c7adcb4-b074-5289-8cd5-8ced519b093e,exam_subjects,EXAM-32308fb3-f83d-516c-94c7-3eda769b78a2,SRC-HFNU-2024-ZC,primary_evidence,"{""row_key"":""运动康复"",""section"":""考试科目"",""table"":3,""url"":""https://zsb.hfnu.edu.cn/info/1003/2715.htm""}"
FACTSRC-0bbc8117-74f7-532d-a33b-9996ab091804,exam_subjects,EXAM-33a459a7-1bd8-51d4-8824-1b2da93e7f2f,SRC-HFNU-2025-ZC,primary_evidence,"{""asset_id"":""ASSET-HFNU-2025-ZC-PDF"",""page"":11,""row_key"":""市场营销"",""section"":""考试科目""}"
FACTSRC-160287cb-e189-5e5c-8e26-1f503159341b,exam_subjects,EXAM-340c5486-9d69-59f3-8dbb-f81e58d0a2a9,SRC-HFNU-2024-ZC,primary_evidence,"{""row_key"":""制药工程"",""section"":""考试科目"",""table"":3,""url"":""https://zsb.hfnu.edu.cn/info/1003/2715.htm""}"
FACTSRC-40fa04a6-a184-562d-968d-f181b49561be,exam_subjects,EXAM-359e0594-1c8d-5159-944a-e5c5ed5b2a03,SRC-HFNU-2025-ZC,primary_evidence,"{""asset_id"":""ASSET-HFNU-2025-ZC-PDF"",""page"":11,""row_key"":""小学教育"",""section"":""考试科目""}"
FACTSRC-38e11b30-26c1-5105-b72a-6f49173686ae,exam_subjects,EXAM-36ddf429-d89e-5a5a-8b72-f507c7c6c2a0,SRC-HFNU-2025-ZC,primary_evidence,"{""asset_id"":""ASSET-HFNU-2025-ZC-PDF"",""page"":11,""row_key"":""经济统计学"",""section"":""考试科目""}"
FACTSRC-cf36e8fd-0859-587f-aba5-e4a122e93a85,exam_subjects,EXAM-372ebd95-453d-5504-88ef-9720db908a2d,SRC-HFNU-2026-ZC,primary_evidence,"{""asset_id"":""ASSET-HFNU-2026-ZC-PDF"",""page"":11,""row_key"":""财务管理"",""section"":""考试科目""}"
FACTSRC-e6391d3f-b881-570e-944d-34f5569e357c,exam_subjects,EXAM-377b54fb-4847-5257-ab7a-a78e98595828,SRC-HFNU-2025-ZC,primary_evidence,"{""asset_id"":""ASSET-HFNU-2025-ZC-PDF"",""page"":11,""row_key"":""电子信息工程"",""section"":""考试科目""}"
FACTSRC-d91cdc32-bb2c-593e-b63c-e37935045259,exam_subjects,EXAM-37aa1e2d-962b-57f7-8926-68086d9d59a5,SRC-HFNU-2026-ZC,primary_evidence,"{""asset_id"":""ASSET-HFNU-2026-ZC-PDF"",""page"":11,""row_key"":""环境设计"",""section"":""考试科目""}"
FACTSRC-416b01b0-d5d4-5b62-87b7-4e609c2cd6ab,exam_subjects,EXAM-37be0fb7-01bc-50bf-a376-681675bd80cc,SRC-HFNU-2024-ZC,primary_evidence,"{""row_key"":""电气工程及其自动化"",""section"":""考试科目"",""table"":3,""url"":""https://zsb.hfnu.edu.cn/info/1003/2715.htm""}"
FACTSRC-fd102e04-ebeb-5919-9c64-96d7d100252f,exam_subjects,EXAM-383d4e21-d7c6-5a3a-a277-7777e4c5fb6b,SRC-HFNU-2026-ZC,primary_evidence,"{""asset_id"":""ASSET-HFNU-2026-ZC-PDF"",""page"":11,""row_key"":""视觉传达设计"",""section"":""考试科目""}"
FACTSRC-a534f811-4e50-5d29-9b1f-df0f1b8b829e,exam_subjects,EXAM-3970e14c-0a95-5cca-863f-a3f195785875,SRC-HFNU-2024-ZC,primary_evidence,"{""row_key"":""经济统计学"",""section"":""考试科目"",""table"":3,""url"":""https://zsb.hfnu.edu.cn/info/1003/2715.htm""}"
FACTSRC-d28c94ad-9f6b-53a9-b009-f4fef8a1c299,exam_subjects,EXAM-39b38342-cac0-599a-9c39-c1bdec73d4df,SRC-HFNU-2024-ZC,primary_evidence,"{""row_key"":""动画"",""section"":""考试科目"",""table"":3,""url"":""https://zsb.hfnu.edu.cn/info/1003/2715.htm""}"
FACTSRC-b7000680-fc87-5983-9ef4-70b143faaa65,exam_subjects,EXAM-39b91c47-78e5-5dc6-804f-9717968570fe,SRC-HFNU-2025-ZC,primary_evidence,"{""asset_id"":""ASSET-HFNU-2025-ZC-PDF"",""page"":11,""row_key"":""学前教育"",""section"":""考试科目""}"
FACTSRC-7c16836f-8d1a-56a8-9ba6-a8a05231e1da,exam_subjects,EXAM-3a0fc4d0-96fe-5c67-b354-627828c47680,SRC-HFNU-2025-ZC,primary_evidence,"{""asset_id"":""ASSET-HFNU-2025-ZC-PDF"",""page"":11,""row_key"":""数据科学与大数据技术"",""section"":""考试科目""}"
FACTSRC-cfbb4d45-faae-51f8-81aa-5e7fe936cc5b,exam_subjects,EXAM-3aaf366c-4ab0-5b3a-b01a-a8f31314358a,SRC-HFNU-2025-ZC,primary_evidence,"{""asset_id"":""ASSET-HFNU-2025-ZC-PDF"",""page"":11,""row_key"":""市场营销"",""section"":""考试科目""}"
FACTSRC-e386cd1d-60a7-5322-9a94-c0508b52320b,exam_subjects,EXAM-3ab4526b-1674-539a-a7b5-8525373a6828,SRC-HFNU-2025-ZC,primary_evidence,"{""asset_id"":""ASSET-HFNU-2025-ZC-PDF"",""page"":11,""row_key"":""生物制药"",""section"":""考试科目""}"
FACTSRC-9fecbd33-fd2c-54ec-8dd7-a02273925fc0,exam_subjects,EXAM-3c4601ab-064d-520d-92a3-8b9df96f7d9f,SRC-HFNU-2024-ZC,primary_evidence,"{""row_key"":""服装与服饰设计"",""section"":""考试科目"",""table"":3,""url"":""https://zsb.hfnu.edu.cn/info/1003/2715.htm""}"
FACTSRC-14912e6d-4bb0-50d4-b0b8-0aa72160c31c,exam_subjects,EXAM-3db0f137-2459-559d-bd86-03164182b3a6,SRC-HFNU-2025-ZC,primary_evidence,"{""asset_id"":""ASSET-HFNU-2025-ZC-PDF"",""page"":11,""row_key"":""制药工程"",""section"":""考试科目""}"
FACTSRC-34fa4e8c-9be2-5788-87bd-9a81ada800c4,exam_subjects,EXAM-3e9b6f9a-ecf4-5b52-b849-8287eafe0ed1,SRC-HFNU-2024-ZC,primary_evidence,"{""row_key"":""食品质量与安全"",""section"":""考试科目"",""table"":3,""url"":""https://zsb.hfnu.edu.cn/info/1003/2715.htm""}"
FACTSRC-7432205a-5384-5731-b069-36f96ed9abb6,exam_subjects,EXAM-3f1f6e03-d005-55ea-8d1f-e9d35f2caf75,SRC-HFNU-2025-ZC,primary_evidence,"{""asset_id"":""ASSET-HFNU-2025-ZC-PDF"",""page"":11,""row_key"":""软件工程"",""section"":""考试科目""}"
FACTSRC-b7719234-0104-51b9-9c57-2ad180cc469e,exam_subjects,EXAM-3fa9dda0-9b19-594e-941d-b7f5dc982c5f,SRC-HFNU-2024-ZC,primary_evidence,"{""row_key"":""数据科学与大数据技术"",""section"":""考试科目"",""table"":3,""url"":""https://zsb.hfnu.edu.cn/info/1003/2715.htm""}"
FACTSRC-75385ad4-0f28-5f4a-8cb9-7c5eeebc4ed3,exam_subjects,EXAM-3fb10faa-11c1-5e56-b037-bbcbb8d0a37d,SRC-HFNU-2024-ZC,primary_evidence,"{""row_key"":""材料科学与工程"",""section"":""考试科目"",""table"":3,""url"":""https://zsb.hfnu.edu.cn/info/1003/2715.htm""}"
FACTSRC-85dc3c77-186e-519c-b287-fe62d6a19880,exam_subjects,EXAM-3fc9bef6-225b-5f91-8c1f-e49dd5691e94,SRC-HFNU-2026-ZC,primary_evidence,"{""asset_id"":""ASSET-HFNU-2026-ZC-PDF"",""page"":11,""row_key"":""软件工程"",""section"":""考试科目""}"
FACTSRC-6278375b-fede-5156-8a0a-c7bc0d59ab16,exam_subjects,EXAM-4004203d-caf4-5e19-9f12-38648579fdff,SRC-HFNU-2024-ZC,primary_evidence,"{""row_key"":""电气工程及其自动化"",""section"":""考试科目"",""table"":3,""url"":""https://zsb.hfnu.edu.cn/info/1003/2715.htm""}"
FACTSRC-3c62cc94-6697-515c-8446-7dd98152c283,exam_subjects,EXAM-40c2f562-5eff-5694-ab10-97742169209b,SRC-HFNU-2026-ZC,primary_evidence,"{""asset_id"":""ASSET-HFNU-2026-ZC-PDF"",""page"":11,""row_key"":""新能源材料与器件"",""section"":""考试科目""}"
FACTSRC-6be0b815-baaa-5f53-94a4-48098f815d7d,exam_subjects,EXAM-41414e37-6859-5225-9c85-596f5c81789b,SRC-HFNU-2026-ZC,primary_evidence,"{""asset_id"":""ASSET-HFNU-2026-ZC-PDF"",""page"":11,""row_key"":""小学教育"",""section"":""考试科目""}"
FACTSRC-7464e150-25ee-5339-b7ab-2fa3fcc3506c,exam_subjects,EXAM-4164db82-87bb-59ed-bde1-d6a001e940ba,SRC-HFNU-2024-ZC,primary_evidence,"{""row_key"":""生物制药"",""section"":""考试科目"",""table"":3,""url"":""https://zsb.hfnu.edu.cn/info/1003/2715.htm""}"
FACTSRC-e1a4deca-bfbf-5043-b623-663d839b60ab,exam_subjects,EXAM-423053a0-a6a5-5b6a-ae91-0a20e05c1aa8,SRC-HFNU-2024-ZC,primary_evidence,"{""row_key"":""学前教育"",""section"":""考试科目"",""table"":3,""url"":""https://zsb.hfnu.edu.cn/info/1003/2715.htm""}"
FACTSRC-bfeebb50-7c23-517b-9fb9-9cc0b9385512,exam_subjects,EXAM-42470bca-2d83-59d0-8678-184173b9036c,SRC-HFNU-2026-ZC,primary_evidence,"{""asset_id"":""ASSET-HFNU-2026-ZC-PDF"",""page"":11,""row_key"":""药物制剂"",""section"":""考试科目""}"
FACTSRC-4d0df3f2-3daf-5a6a-bc25-491fe82f7368,exam_subjects,EXAM-42e66230-9f8d-54ce-95d1-7c5a84785b90,SRC-HFNU-2025-ZC,primary_evidence,"{""asset_id"":""ASSET-HFNU-2025-ZC-PDF"",""page"":11,""row_key"":""人力资源管理"",""section"":""考试科目""}"
FACTSRC-251e9a94-21e0-54d3-a8d6-778bbb290e1b,exam_subjects,EXAM-4306f5bc-aebe-5593-a977-14b39dd52a8f,SRC-HFNU-2026-ZC,primary_evidence,"{""asset_id"":""ASSET-HFNU-2026-ZC-PDF"",""page"":11,""row_key"":""市场营销"",""section"":""考试科目""}"
FACTSRC-e58d79d2-2031-5ab4-9136-dec981e28153,exam_subjects,EXAM-433b4b81-2bb7-5b85-ac05-319503aa7b32,SRC-HFNU-2024-ZC,primary_evidence,"{""row_key"":""环境设计"",""section"":""考试科目"",""table"":3,""url"":""https://zsb.hfnu.edu.cn/info/1003/2715.htm""}"
FACTSRC-9cce7921-7daf-5cc3-bc1c-ba4035594dcc,exam_subjects,EXAM-43b3fb47-5526-59aa-b42c-56abf13e830e,SRC-HFNU-2024-ZC,primary_evidence,"{""row_key"":""商务英语"",""section"":""考试科目"",""table"":3,""url"":""https://zsb.hfnu.edu.cn/info/1003/2715.htm""}"
FACTSRC-25b8377c-e992-5d9c-8168-8a1e7d1f638f,exam_subjects,EXAM-4404a237-9518-51e7-9a4e-6da9a5f40ff6,SRC-HFNU-2024-ZC,primary_evidence,"{""row_key"":""药物制剂"",""section"":""考试科目"",""table"":3,""url"":""https://zsb.hfnu.edu.cn/info/1003/2715.htm""}"
FACTSRC-fb6b4bb3-21ac-54cb-8da9-c7980ad8ff6a,exam_subjects,EXAM-45fcc299-b3bd-58fe-92b7-28d2b60debc6,SRC-HFNU-2025-ZC,primary_evidence,"{""asset_id"":""ASSET-HFNU-2025-ZC-PDF"",""page"":11,""row_key"":""数据科学与大数据技术"",""section"":""考试科目""}"
FACTSRC-d17a852b-dc7e-5c26-9d32-3e9e59208efb,exam_subjects,EXAM-469097cf-94c2-52fe-905a-af9ab1661212,SRC-HFNU-2025-ZC,primary_evidence,"{""asset_id"":""ASSET-HFNU-2025-ZC-PDF"",""page"":11,""row_key"":""网络工程"",""section"":""考试科目""}"
FACTSRC-1a878228-77fc-5949-878c-b88183ae63e9,exam_subjects,EXAM-46ff9c87-4638-5833-8dac-f74ee8536b2d,SRC-HFNU-2024-ZC,primary_evidence,"{""row_key"":""动画"",""section"":""考试科目"",""table"":3,""url"":""https://zsb.hfnu.edu.cn/info/1003/2715.htm""}"
FACTSRC-3b9e62c3-dc21-55b4-81f2-91f0ac538552,exam_subjects,EXAM-47085289-d189-562b-a6c4-f5aa523e9118,SRC-HFNU-2026-ZC,primary_evidence,"{""asset_id"":""ASSET-HFNU-2026-ZC-PDF"",""page"":11,""row_key"":""小学教育"",""section"":""考试科目""}"
FACTSRC-69a4bacf-db10-513c-8d59-9bcd376e6796,exam_subjects,EXAM-4892036b-1293-5161-8ae9-59f4c63b1698,SRC-HFNU-2025-ZC,primary_evidence,"{""asset_id"":""ASSET-HFNU-2025-ZC-PDF"",""page"":11,""row_key"":""动画"",""section"":""考试科目""}"
FACTSRC-5cf0bd42-5bc7-536b-8c8e-b0d7945e10ce,exam_subjects,EXAM-48feb8a1-6d06-5455-974b-a97413ff1144,SRC-HFNU-2025-ZC,primary_evidence,"{""asset_id"":""ASSET-HFNU-2025-ZC-PDF"",""page"":11,""row_key"":""动画"",""section"":""考试科目""}"
FACTSRC-0e736e4c-5fa4-5182-868e-49a6d544abf4,exam_subjects,EXAM-4937a2a7-78fe-5970-bb66-33b213b9ac40,SRC-HFNU-2026-ZC,primary_evidence,"{""asset_id"":""ASSET-HFNU-2026-ZC-PDF"",""page"":11,""row_key"":""运动康复"",""section"":""考试科目""}"
FACTSRC-20fe3825-fef9-557a-a648-1fff3db05a8a,exam_subjects,EXAM-494a1c60-f55f-5346-9c9c-96ec6b1dcb06,SRC-HFNU-2026-ZC,primary_evidence,"{""asset_id"":""ASSET-HFNU-2026-ZC-PDF"",""page"":11,""row_key"":""药物制剂"",""section"":""考试科目""}"
FACTSRC-86b6c798-74b6-5347-8b5f-f2f4dac31ac4,exam_subjects,EXAM-49a804fd-ec5f-5e3d-b0e9-2dbb180d28fc,SRC-HFNU-2026-ZC,primary_evidence,"{""asset_id"":""ASSET-HFNU-2026-ZC-PDF"",""page"":11,""row_key"":""电气工程及其自动化"",""section"":""考试科目""}"
FACTSRC-650961de-4681-5f6f-a02d-98811553b15e,exam_subjects,EXAM-4a19bf47-0e90-51bc-8d6a-ba97060096ef,SRC-HFNU-2025-ZC,primary_evidence,"{""asset_id"":""ASSET-HFNU-2025-ZC-PDF"",""page"":11,""row_key"":""药物制剂"",""section"":""考试科目""}"
FACTSRC-6e9a0a45-e803-5407-a10a-ec7d9dcc6e34,exam_subjects,EXAM-4b812afd-f10e-5a74-88c5-ee7b440a5f3c,SRC-HFNU-2025-ZC,primary_evidence,"{""asset_id"":""ASSET-HFNU-2025-ZC-PDF"",""page"":11,""row_key"":""网络工程"",""section"":""考试科目""}"
FACTSRC-9569278c-3e01-591c-9dbc-e4f645d5e6a7,exam_subjects,EXAM-4bc691fd-1999-5844-a349-f70ef81aad9d,SRC-HFNU-2024-ZC,primary_evidence,"{""row_key"":""网络工程"",""section"":""考试科目"",""table"":3,""url"":""https://zsb.hfnu.edu.cn/info/1003/2715.htm""}"
FACTSRC-f2f27c38-4883-5429-a4ce-2df23e64db57,exam_subjects,EXAM-4bfa88b3-95f8-5efe-b236-490547f02aa1,SRC-HFNU-2026-ZC,primary_evidence,"{""asset_id"":""ASSET-HFNU-2026-ZC-PDF"",""page"":11,""row_key"":""人力资源管理"",""section"":""考试科目""}"
FACTSRC-d59975b2-28b6-5001-8e8c-6a51354e09ac,exam_subjects,EXAM-4d562fc0-0b0f-53f1-a6ae-dc0552bde373,SRC-HFNU-2025-ZC,primary_evidence,"{""asset_id"":""ASSET-HFNU-2025-ZC-PDF"",""page"":11,""row_key"":""动画"",""section"":""考试科目""}"
FACTSRC-83c4d20c-8858-5dd1-911f-2b5facae5126,exam_subjects,EXAM-4d60a982-2e50-5a99-a6b5-1e8a6ac6d386,SRC-HFNU-2026-ZC,primary_evidence,"{""asset_id"":""ASSET-HFNU-2026-ZC-PDF"",""page"":11,""row_key"":""动画"",""section"":""考试科目""}"
FACTSRC-b35fce76-4817-5643-9b42-4568797c41c5,exam_subjects,EXAM-4e0fb897-7ebe-5afd-8989-0120a369f773,SRC-HFNU-2026-ZC,primary_evidence,"{""asset_id"":""ASSET-HFNU-2026-ZC-PDF"",""page"":11,""row_key"":""服装与服饰设计"",""section"":""考试科目""}"
FACTSRC-65b06f21-d782-5461-aba4-785fbe8d1bff,exam_subjects,EXAM-513c7cbc-fa33-509a-9664-9a06bf013b30,SRC-HFNU-2026-ZC,primary_evidence,"{""asset_id"":""ASSET-HFNU-2026-ZC-PDF"",""page"":11,""row_key"":""动画"",""section"":""考试科目""}"
FACTSRC-e2af1b42-1d6c-5964-a2dd-283c030fc51d,exam_subjects,EXAM-51c71312-c084-55f3-8584-1135884448b6,SRC-HFNU-2026-ZC,primary_evidence,"{""asset_id"":""ASSET-HFNU-2026-ZC-PDF"",""page"":11,""row_key"":""电气工程及其自动化"",""section"":""考试科目""}"
FACTSRC-e8be101c-e1cb-57c0-b6c8-7866c692d487,exam_subjects,EXAM-51f9cccf-a093-581a-8b55-d81300edf20d,SRC-HFNU-2025-ZC,primary_evidence,"{""asset_id"":""ASSET-HFNU-2025-ZC-PDF"",""page"":11,""row_key"":""人力资源管理"",""section"":""考试科目""}"
FACTSRC-06fc01f4-0bb5-56fc-88c9-314848e64bf5,exam_subjects,EXAM-525508bb-f32b-5c89-9480-771476ea9143,SRC-HFNU-2026-ZC,primary_evidence,"{""asset_id"":""ASSET-HFNU-2026-ZC-PDF"",""page"":11,""row_key"":""网络与新媒体"",""section"":""考试科目""}"
FACTSRC-2d4f6269-47b6-5531-b1bd-748752a7db5a,exam_subjects,EXAM-53371751-461b-53d8-a1dd-15ce2606181b,SRC-HFNU-2024-ZC,primary_evidence,"{""row_key"":""小学教育"",""section"":""考试科目"",""table"":3,""url"":""https://zsb.hfnu.edu.cn/info/1003/2715.htm""}"
FACTSRC-e215a01d-56f7-52eb-a0d8-74017f239a29,exam_subjects,EXAM-553e2f58-8cb6-5891-b7ba-f494b3e91fef,SRC-HFNU-2024-ZC,primary_evidence,"{""row_key"":""服装与服饰设计"",""section"":""考试科目"",""table"":3,""url"":""https://zsb.hfnu.edu.cn/info/1003/2715.htm""}"
FACTSRC-120c5a97-d084-5b32-a763-9f2441759ab7,exam_subjects,EXAM-563e116f-2c88-5418-831e-0166d55380b9,SRC-HFNU-2024-ZC,primary_evidence,"{""row_key"":""商务英语"",""section"":""考试科目"",""table"":3,""url"":""https://zsb.hfnu.edu.cn/info/1003/2715.htm""}"
FACTSRC-7897e21a-6f19-5c08-8ba8-71d8ec88d727,exam_subjects,EXAM-5705862e-0613-5ea7-9d3a-a082a43c421b,SRC-HFNU-2024-ZC,primary_evidence,"{""row_key"":""环境设计"",""section"":""考试科目"",""table"":3,""url"":""https://zsb.hfnu.edu.cn/info/1003/2715.htm""}"
FACTSRC-ea3b9026-9265-5146-83de-5eafbf433200,exam_subjects,EXAM-57252de8-fc9b-5c29-8c10-43410ce9100e,SRC-HFNU-2024-ZC,primary_evidence,"{""row_key"":""化学工程与工艺"",""section"":""考试科目"",""table"":3,""url"":""https://zsb.hfnu.edu.cn/info/1003/2715.htm""}"
FACTSRC-8f815b6b-68d1-576e-9fde-4f4d36732d6f,exam_subjects,EXAM-5af51df6-f155-5ebe-a312-2e2258c54eda,SRC-HFNU-2026-ZC,primary_evidence,"{""asset_id"":""ASSET-HFNU-2026-ZC-PDF"",""page"":11,""row_key"":""软件工程"",""section"":""考试科目""}"
FACTSRC-2b5b257d-df75-54ab-bf4e-790f1ddf5bf5,exam_subjects,EXAM-5b4ec224-7688-586e-b90b-8f37af406e98,SRC-HFNU-2026-ZC,primary_evidence,"{""asset_id"":""ASSET-HFNU-2026-ZC-PDF"",""page"":11,""row_key"":""计算机科学与技术"",""section"":""考试科目""}"
FACTSRC-bfa636b8-6062-5d2c-9ae3-4104608bf4ff,exam_subjects,EXAM-5ca8f867-c6c5-5487-a8f4-1035a7055384,SRC-HFNU-2026-ZC,primary_evidence,"{""asset_id"":""ASSET-HFNU-2026-ZC-PDF"",""page"":11,""row_key"":""音乐学"",""section"":""考试科目""}"
FACTSRC-2b3ab4f1-fd9b-58a6-bf12-31df12bf4d5b,exam_subjects,EXAM-5d7a99bd-1b78-5245-94d7-e3bac1f497fc,SRC-HFNU-2024-ZC,primary_evidence,"{""row_key"":""电子信息工程"",""section"":""考试科目"",""table"":3,""url"":""https://zsb.hfnu.edu.cn/info/1003/2715.htm""}"
FACTSRC-ce9d306d-eea4-5c6d-a2dc-dd1767959a98,exam_subjects,EXAM-5f5904b8-29ec-50ba-b1ec-9952c944c130,SRC-HFNU-2026-ZC,primary_evidence,"{""asset_id"":""ASSET-HFNU-2026-ZC-PDF"",""page"":11,""row_key"":""互联网金融"",""section"":""考试科目""}"
FACTSRC-b7fdc6a5-ddc2-5d9e-9c52-a36a080370c9,exam_subjects,EXAM-604ad4a2-f424-5c02-a34d-de324fc168c6,SRC-HFNU-2024-ZC,primary_evidence,"{""row_key"":""计算机科学与技术"",""section"":""考试科目"",""table"":3,""url"":""https://zsb.hfnu.edu.cn/info/1003/2715.htm""}"
FACTSRC-0ac9bed9-db28-58d0-92b7-0f92e19dfc61,exam_subjects,EXAM-604bcf8e-0854-53e6-990b-20336fec227d,SRC-HFNU-2024-ZC,primary_evidence,"{""row_key"":""化学工程与工艺"",""section"":""考试科目"",""table"":3,""url"":""https://zsb.hfnu.edu.cn/info/1003/2715.htm""}"
FACTSRC-d1d640d5-ea43-5cea-9982-91fc020b0489,exam_subjects,EXAM-60aa2761-bf3a-572f-80ed-4a47ec78357f,SRC-HFNU-2025-ZC,primary_evidence,"{""asset_id"":""ASSET-HFNU-2025-ZC-PDF"",""page"":11,""row_key"":""小学教育"",""section"":""考试科目""}"
FACTSRC-f15b738b-cafc-5bcb-9774-747d73f5b6a5,exam_subjects,EXAM-60babc6f-4b64-5499-9ee7-1162d6230a5c,SRC-HFNU-2025-ZC,primary_evidence,"{""asset_id"":""ASSET-HFNU-2025-ZC-PDF"",""page"":11,""row_key"":""网络与新媒体"",""section"":""考试科目""}"
FACTSRC-6961885e-905c-52ca-9e3c-9545a35ca220,exam_subjects,EXAM-655dfde7-0a49-5e1a-9cf6-f15d905c2517,SRC-HFNU-2025-ZC,primary_evidence,"{""asset_id"":""ASSET-HFNU-2025-ZC-PDF"",""page"":11,""row_key"":""互联网金融"",""section"":""考试科目""}"
FACTSRC-a30e9774-1b7e-5530-8677-132d466ae6ac,exam_subjects,EXAM-65cf401a-6439-5611-a146-c42862333c66,SRC-HFNU-2024-ZC,primary_evidence,"{""row_key"":""电子信息工程"",""section"":""考试科目"",""table"":3,""url"":""https://zsb.hfnu.edu.cn/info/1003/2715.htm""}"
FACTSRC-59000932-2222-504d-8771-714c9011b079,exam_subjects,EXAM-65fe89e7-1fa8-5f53-831a-23cd88fd5444,SRC-HFNU-2026-ZC,primary_evidence,"{""asset_id"":""ASSET-HFNU-2026-ZC-PDF"",""page"":11,""row_key"":""小学教育"",""section"":""考试科目""}"
FACTSRC-3cebf290-d31a-506c-92af-2361fbe210f1,exam_subjects,EXAM-679908fa-fb60-5398-b971-1772f62af429,SRC-HFNU-2024-ZC,primary_evidence,"{""row_key"":""网络工程"",""section"":""考试科目"",""table"":3,""url"":""https://zsb.hfnu.edu.cn/info/1003/2715.htm""}"
FACTSRC-828e5d51-02b3-5238-a16a-4f942d758ec6,exam_subjects,EXAM-67ac147b-ec11-5a1e-866a-851cf64b95a3,SRC-HFNU-2024-ZC,primary_evidence,"{""row_key"":""通信工程"",""section"":""考试科目"",""table"":3,""url"":""https://zsb.hfnu.edu.cn/info/1003/2715.htm""}"
FACTSRC-51ec5d4e-0348-5489-95ae-8fa32b4f625d,exam_subjects,EXAM-6d1765b4-38f5-5236-ac2f-9db814f0a208,SRC-HFNU-2025-ZC,primary_evidence,"{""asset_id"":""ASSET-HFNU-2025-ZC-PDF"",""page"":11,""row_key"":""人力资源管理"",""section"":""考试科目""}"
FACTSRC-57dc8d6c-3570-5e0c-ac02-67750f102bfb,exam_subjects,EXAM-6da47576-b56a-5d56-82de-da7426529567,SRC-HFNU-2026-ZC,primary_evidence,"{""asset_id"":""ASSET-HFNU-2026-ZC-PDF"",""page"":11,""row_key"":""新能源材料与器件"",""section"":""考试科目""}"
FACTSRC-5d7fc7bd-0efa-5b0d-80a1-0873db544e03,exam_subjects,EXAM-6eb25eeb-3cd3-5a8c-8393-bd2a18166f53,SRC-HFNU-2025-ZC,primary_evidence,"{""asset_id"":""ASSET-HFNU-2025-ZC-PDF"",""page"":11,""row_key"":""计算机科学与技术"",""section"":""考试科目""}"
FACTSRC-96e26a2d-0a88-5621-b3a8-5ea6d3cf4846,exam_subjects,EXAM-6fc49133-a6bc-5cec-8c8d-f516e633f839,SRC-HFNU-2026-ZC,primary_evidence,"{""asset_id"":""ASSET-HFNU-2026-ZC-PDF"",""page"":11,""row_key"":""互联网金融"",""section"":""考试科目""}"
FACTSRC-6cd53d64-c91b-5e59-91c3-4e155a0e3b4a,exam_subjects,EXAM-70f5104a-06f5-5151-92d4-37844c3da28d,SRC-HFNU-2025-ZC,primary_evidence,"{""asset_id"":""ASSET-HFNU-2025-ZC-PDF"",""page"":11,""row_key"":""计算机科学与技术"",""section"":""考试科目""}"
FACTSRC-c1644db9-0ade-577a-9bcf-7db87d374c4e,exam_subjects,EXAM-711e4a93-a415-5885-a2e7-399a518e84e8,SRC-HFNU-2024-ZC,primary_evidence,"{""row_key"":""新能源材料与器件"",""section"":""考试科目"",""table"":3,""url"":""https://zsb.hfnu.edu.cn/info/1003/2715.htm""}"
FACTSRC-3dc2aa86-f5eb-5dc3-a4be-b80e0987685e,exam_subjects,EXAM-71f9bcf0-15f7-5c2f-b0eb-5c85f8f1f079,SRC-HFNU-2026-ZC,primary_evidence,"{""asset_id"":""ASSET-HFNU-2026-ZC-PDF"",""page"":11,""row_key"":""互联网金融"",""section"":""考试科目""}"
FACTSRC-11c4ec9b-5e92-534b-baa6-edeb4398b48f,exam_subjects,EXAM-72968d53-78a7-5b38-a282-c0a94b508ae3,SRC-HFNU-2024-ZC,primary_evidence,"{""row_key"":""服装与服饰设计"",""section"":""考试科目"",""table"":3,""url"":""https://zsb.hfnu.edu.cn/info/1003/2715.htm""}"
FACTSRC-5406eb9e-cd1a-5f8d-afb8-9a46c85b04ae,exam_subjects,EXAM-782575bc-721d-5c76-a9c0-c3087e691a24,SRC-HFNU-2026-ZC,primary_evidence,"{""asset_id"":""ASSET-HFNU-2026-ZC-PDF"",""page"":11,""row_key"":""网络工程"",""section"":""考试科目""}"
FACTSRC-5d8b69d9-fb97-56e1-a692-8895a5d26a80,exam_subjects,EXAM-789ff02d-ef13-5020-b9e6-eee32fd127ad,SRC-HFNU-2026-ZC,primary_evidence,"{""asset_id"":""ASSET-HFNU-2026-ZC-PDF"",""page"":11,""row_key"":""计算机科学与技术"",""section"":""考试科目""}"
FACTSRC-497af574-17fb-5300-be2a-9fc135d056b2,exam_subjects,EXAM-78f71748-053e-5588-8dbe-35ba5211a259,SRC-HFNU-2025-ZC,primary_evidence,"{""asset_id"":""ASSET-HFNU-2025-ZC-PDF"",""page"":11,""row_key"":""商务英语"",""section"":""考试科目""}"
FACTSRC-7465a6fb-00c5-513c-99b6-91cc71d7c95f,exam_subjects,EXAM-79954894-8df8-5d19-8b15-0504422f52e6,SRC-HFNU-2024-ZC,primary_evidence,"{""row_key"":""互联网金融"",""section"":""考试科目"",""table"":3,""url"":""https://zsb.hfnu.edu.cn/info/1003/2715.htm""}"
FACTSRC-c5b280af-f640-526c-b888-1ae711874ca3,exam_subjects,EXAM-7a445e79-eb9e-56b1-bc49-b9928e07b048,SRC-HFNU-2026-ZC,primary_evidence,"{""asset_id"":""ASSET-HFNU-2026-ZC-PDF"",""page"":11,""row_key"":""经济统计学"",""section"":""考试科目""}"
FACTSRC-e02346ae-9ef4-53e1-8a5c-3c37b7360b53,exam_subjects,EXAM-7af4804e-01c8-505d-bd60-67222875c9e3,SRC-HFNU-2026-ZC,primary_evidence,"{""asset_id"":""ASSET-HFNU-2026-ZC-PDF"",""page"":11,""row_key"":""学前教育"",""section"":""考试科目""}"
FACTSRC-dac81856-22a8-53de-9c17-f68c2a014701,exam_subjects,EXAM-7be002ac-c41d-5520-a108-90397ddf5afe,SRC-HFNU-2026-ZC,primary_evidence,"{""asset_id"":""ASSET-HFNU-2026-ZC-PDF"",""page"":11,""row_key"":""网络工程"",""section"":""考试科目""}"
FACTSRC-3b2233cc-61ff-5924-b9b3-bcf0f244cf03,exam_subjects,EXAM-7cba65a8-001f-5ae3-abca-711d3a285dc0,SRC-HFNU-2025-ZC,primary_evidence,"{""asset_id"":""ASSET-HFNU-2025-ZC-PDF"",""page"":11,""row_key"":""运动康复"",""section"":""考试科目""}"
FACTSRC-c2dee3f6-07f9-5a74-b199-b8bed1e1637a,exam_subjects,EXAM-80479617-a2bc-5080-b06e-f4325d22c023,SRC-HFNU-2026-ZC,primary_evidence,"{""asset_id"":""ASSET-HFNU-2026-ZC-PDF"",""page"":11,""row_key"":""化学工程与工艺"",""section"":""考试科目""}"
FACTSRC-acb5fdbb-0995-5026-ba16-07865cec5063,exam_subjects,EXAM-80b674d0-9ca5-50e9-8a58-0aacf845519b,SRC-HFNU-2026-ZC,primary_evidence,"{""asset_id"":""ASSET-HFNU-2026-ZC-PDF"",""page"":11,""row_key"":""小学教育"",""section"":""考试科目""}"
FACTSRC-b037c48d-db81-5a51-a33e-123634e7c5c9,exam_subjects,EXAM-8131b098-aa8c-5977-abce-a80298dd1914,SRC-HFNU-2025-ZC,primary_evidence,"{""asset_id"":""ASSET-HFNU-2025-ZC-PDF"",""page"":11,""row_key"":""音乐学"",""section"":""考试科目""}"
FACTSRC-d9536b18-9e05-5788-b3ea-f59be6014b35,exam_subjects,EXAM-81c5fe3f-9d4e-58e2-ab66-590a2db03045,SRC-HFNU-2024-ZC,primary_evidence,"{""row_key"":""网络与新媒体"",""section"":""考试科目"",""table"":3,""url"":""https://zsb.hfnu.edu.cn/info/1003/2715.htm""}"
FACTSRC-a7e2b9cd-fe69-5060-a51c-db29b3442679,exam_subjects,EXAM-8327f182-1636-51a0-8d40-2e87c00237d9,SRC-HFNU-2026-ZC,primary_evidence,"{""asset_id"":""ASSET-HFNU-2026-ZC-PDF"",""page"":11,""row_key"":""动画"",""section"":""考试科目""}"
FACTSRC-4fd22e6f-52bd-5960-96e2-016d0301ccd0,exam_subjects,EXAM-854a33e5-b5fb-5d44-abe4-33a8f47896d2,SRC-HFNU-2026-ZC,primary_evidence,"{""asset_id"":""ASSET-HFNU-2026-ZC-PDF"",""page"":11,""row_key"":""学前教育"",""section"":""考试科目""}"
FACTSRC-5b6c199b-3138-55a0-aa14-9dd1e787564b,exam_subjects,EXAM-8567b865-d63d-5b05-a0dd-f66ab9fd960e,SRC-HFNU-2024-ZC,primary_evidence,"{""row_key"":""材料科学与工程"",""section"":""考试科目"",""table"":3,""url"":""https://zsb.hfnu.edu.cn/info/1003/2715.htm""}"
FACTSRC-bf2fe843-01aa-56b3-a702-0f1c851b6a46,exam_subjects,EXAM-85e10a1f-6b62-578c-ba09-58cfc29f8f62,SRC-HFNU-2024-ZC,primary_evidence,"{""row_key"":""通信工程"",""section"":""考试科目"",""table"":3,""url"":""https://zsb.hfnu.edu.cn/info/1003/2715.htm""}"
FACTSRC-0777e4e7-5a8d-5a23-88f3-db383a6107e3,exam_subjects,EXAM-85ff756c-249b-5d4e-b1ee-3264de3e8419,SRC-HFNU-2026-ZC,primary_evidence,"{""asset_id"":""ASSET-HFNU-2026-ZC-PDF"",""page"":11,""row_key"":""软件工程"",""section"":""考试科目""}"
FACTSRC-dd41227a-2adf-5a3e-bb95-70138849a1ba,exam_subjects,EXAM-8615849f-2f06-53c3-980d-84393be64182,SRC-HFNU-2026-ZC,primary_evidence,"{""asset_id"":""ASSET-HFNU-2026-ZC-PDF"",""page"":11,""row_key"":""食品质量与安全"",""section"":""考试科目""}"
FACTSRC-ed72bd96-6a04-5d7b-af33-2c770afb057c,exam_subjects,EXAM-870a5f5d-a93b-5d46-95d4-effae2b6e05d,SRC-HFNU-2024-ZC,primary_evidence,"{""row_key"":""学前教育"",""section"":""考试科目"",""table"":3,""url"":""https://zsb.hfnu.edu.cn/info/1003/2715.htm""}"
FACTSRC-10f9d2cf-875a-5499-8ac0-8e3388ee9128,exam_subjects,EXAM-89c3ca93-b2a0-579a-a844-3bc5666b0812,SRC-HFNU-2025-ZC,primary_evidence,"{""asset_id"":""ASSET-HFNU-2025-ZC-PDF"",""page"":11,""row_key"":""计算机科学与技术"",""section"":""考试科目""}"
FACTSRC-46fe7d58-1916-5bde-8c4a-2cdb1c74cdac,exam_subjects,EXAM-8b3e16ba-e6b1-508b-a198-24ff5d4ef569,SRC-HFNU-2025-ZC,primary_evidence,"{""asset_id"":""ASSET-HFNU-2025-ZC-PDF"",""page"":11,""row_key"":""运动康复"",""section"":""考试科目""}"
FACTSRC-c64abccd-1f4a-5bea-8ce0-6fad22bb95b8,exam_subjects,EXAM-8b7a45cd-320d-535b-9bdd-8fdbf7ab6258,SRC-HFNU-2024-ZC,primary_evidence,"{""row_key"":""视觉传达设计"",""section"":""考试科目"",""table"":3,""url"":""https://zsb.hfnu.edu.cn/info/1003/2715.htm""}"
FACTSRC-ed8359ee-145b-531f-8b2a-0801ff392890,exam_subjects,EXAM-8c5192cc-f957-57fb-9515-db21be4d3dc0,SRC-HFNU-2026-ZC,primary_evidence,"{""asset_id"":""ASSET-HFNU-2026-ZC-PDF"",""page"":11,""row_key"":""网络与新媒体"",""section"":""考试科目""}"
FACTSRC-015f8487-71eb-5ce9-a064-c701ccbf77e6,exam_subjects,EXAM-8c91fa36-fc64-5e39-83a5-956ac44ddf35,SRC-HFNU-2026-ZC,primary_evidence,"{""asset_id"":""ASSET-HFNU-2026-ZC-PDF"",""page"":11,""row_key"":""财务管理"",""section"":""考试科目""}"
FACTSRC-a2d22b51-e7a2-5604-b8a4-d856a1d363c8,exam_subjects,EXAM-8e29640c-2b05-582c-9055-a0f55ab97645,SRC-HFNU-2024-ZC,primary_evidence,"{""row_key"":""网络与新媒体"",""section"":""考试科目"",""table"":3,""url"":""https://zsb.hfnu.edu.cn/info/1003/2715.htm""}"
FACTSRC-53b05093-d3f5-5279-8686-059d4a048d5d,exam_subjects,EXAM-8f4c13fd-6c4d-5423-a6b2-c1d1b70528b9,SRC-HFNU-2024-ZC,primary_evidence,"{""row_key"":""互联网金融"",""section"":""考试科目"",""table"":3,""url"":""https://zsb.hfnu.edu.cn/info/1003/2715.htm""}"
FACTSRC-84649341-5081-5c9b-a0c0-426839a775f5,exam_subjects,EXAM-8f709848-f47f-5387-9c59-f663b8bcd7b6,SRC-HFNU-2025-ZC,primary_evidence,"{""asset_id"":""ASSET-HFNU-2025-ZC-PDF"",""page"":11,""row_key"":""制药工程"",""section"":""考试科目""}"
FACTSRC-e72911d5-f1d2-58c8-aa20-d23c2393c734,exam_subjects,EXAM-8f721961-2825-566f-b3eb-fcd2fc5093dc,SRC-HFNU-2024-ZC,primary_evidence,"{""row_key"":""市场营销"",""section"":""考试科目"",""table"":3,""url"":""https://zsb.hfnu.edu.cn/info/1003/2715.htm""}"
FACTSRC-6a045ad1-298a-549e-918f-1817eb782d20,exam_subjects,EXAM-901e0513-cd99-5c5c-b2d5-694660108040,SRC-HFNU-2024-ZC,primary_evidence,"{""row_key"":""动画"",""section"":""考试科目"",""table"":3,""url"":""https://zsb.hfnu.edu.cn/info/1003/2715.htm""}"
FACTSRC-ff9cdfdd-3660-5511-af35-70e15b869179,exam_subjects,EXAM-90a538af-b5cd-51aa-9427-ddf061f02833,SRC-HFNU-2024-ZC,primary_evidence,"{""row_key"":""视觉传达设计"",""section"":""考试科目"",""table"":3,""url"":""https://zsb.hfnu.edu.cn/info/1003/2715.htm""}"
FACTSRC-b11a26dd-6eca-50b2-8eaa-ddecadb6c2ca,exam_subjects,EXAM-918ad6d7-376b-58a4-83b2-dd42344c284f,SRC-HFNU-2024-ZC,primary_evidence,"{""row_key"":""市场营销"",""section"":""考试科目"",""table"":3,""url"":""https://zsb.hfnu.edu.cn/info/1003/2715.htm""}"
FACTSRC-ad768677-45a8-5b76-a79c-e338c5cc0a22,exam_subjects,EXAM-91a8b04c-b39b-5f2c-b404-0df524102dad,SRC-HFNU-2025-ZC,primary_evidence,"{""asset_id"":""ASSET-HFNU-2025-ZC-PDF"",""page"":11,""row_key"":""环境设计"",""section"":""考试科目""}"
FACTSRC-6f4aea28-f63d-573b-b732-ce2cfddf7fea,exam_subjects,EXAM-95a88b33-a5b5-57ef-b35b-da7492dd7480,SRC-HFNU-2024-ZC,primary_evidence,"{""row_key"":""数据科学与大数据技术"",""section"":""考试科目"",""table"":3,""url"":""https://zsb.hfnu.edu.cn/info/1003/2715.htm""}"
FACTSRC-c244e090-0e77-58cb-a4af-fcf0ae1fe7b3,exam_subjects,EXAM-963e54f4-7173-5a07-be8f-3b1b52f3a289,SRC-HFNU-2024-ZC,primary_evidence,"{""row_key"":""药物制剂"",""section"":""考试科目"",""table"":3,""url"":""https://zsb.hfnu.edu.cn/info/1003/2715.htm""}"
FACTSRC-4a1b327f-c06c-5f1c-b7fb-2d3f01a9b1cb,exam_subjects,EXAM-97bafcc7-ee5c-52b1-8562-7702acf3910a,SRC-HFNU-2025-ZC,primary_evidence,"{""asset_id"":""ASSET-HFNU-2025-ZC-PDF"",""page"":11,""row_key"":""服装与服饰设计"",""section"":""考试科目""}"
FACTSRC-c3dc72a8-6733-59b5-a24e-fdbe5e5d34bf,exam_subjects,EXAM-97f2b0ff-f46d-56d3-b713-c54972acabd9,SRC-HFNU-2024-ZC,primary_evidence,"{""row_key"":""药物制剂"",""section"":""考试科目"",""table"":3,""url"":""https://zsb.hfnu.edu.cn/info/1003/2715.htm""}"
FACTSRC-b2dc3a4f-4a59-52ad-91b5-a518dc27e81f,exam_subjects,EXAM-989982db-fdb0-5b92-b531-4babadc9e8a9,SRC-HFNU-2026-ZC,primary_evidence,"{""asset_id"":""ASSET-HFNU-2026-ZC-PDF"",""page"":11,""row_key"":""人力资源管理"",""section"":""考试科目""}"
FACTSRC-92de6295-699c-5bba-a773-363269aa63d2,exam_subjects,EXAM-98ac856d-ccd7-5438-9093-a0efbc58ba0b,SRC-HFNU-2025-ZC,primary_evidence,"{""asset_id"":""ASSET-HFNU-2025-ZC-PDF"",""page"":11,""row_key"":""食品质量与安全"",""section"":""考试科目""}"
FACTSRC-f7df308c-224c-5c85-ad3c-030b375db1bb,exam_subjects,EXAM-994289f4-d7ba-5cce-836e-270c1ebc077f,SRC-HFNU-2025-ZC,primary_evidence,"{""asset_id"":""ASSET-HFNU-2025-ZC-PDF"",""page"":11,""row_key"":""化学工程与工艺"",""section"":""考试科目""}"
FACTSRC-dea5fd75-bf98-5451-9938-d730fa57ed09,exam_subjects,EXAM-9a4b43a8-b1c3-5d59-b1cb-8fcdbddb6c1a,SRC-HFNU-2025-ZC,primary_evidence,"{""asset_id"":""ASSET-HFNU-2025-ZC-PDF"",""page"":11,""row_key"":""网络与新媒体"",""section"":""考试科目""}"
FACTSRC-34a331a3-9774-585b-8776-2483efe058d5,exam_subjects,EXAM-9ac0d924-071c-536e-b455-0d825504e13e,SRC-HFNU-2025-ZC,primary_evidence,"{""asset_id"":""ASSET-HFNU-2025-ZC-PDF"",""page"":11,""row_key"":""电子信息工程"",""section"":""考试科目""}"
FACTSRC-6cd19fd4-013a-5b10-b9e7-99ab641006ff,exam_subjects,EXAM-9b18173e-3b12-508b-a9d9-0e5c675f44d8,SRC-HFNU-2026-ZC,primary_evidence,"{""asset_id"":""ASSET-HFNU-2026-ZC-PDF"",""page"":11,""row_key"":""化学工程与工艺"",""section"":""考试科目""}"
FACTSRC-a696216a-982b-5eec-9621-51416295257e,exam_subjects,EXAM-9b306210-a546-5a45-9b96-d2edf6fadc87,SRC-HFNU-2026-ZC,primary_evidence,"{""asset_id"":""ASSET-HFNU-2026-ZC-PDF"",""page"":11,""row_key"":""运动康复"",""section"":""考试科目""}"
FACTSRC-bfb03371-438b-5c55-8c19-a0507fa62b94,exam_subjects,EXAM-9b34bf45-0ada-5ead-805f-be2acb68bd2e,SRC-HFNU-2024-ZC,primary_evidence,"{""row_key"":""互联网金融"",""section"":""考试科目"",""table"":3,""url"":""https://zsb.hfnu.edu.cn/info/1003/2715.htm""}"
FACTSRC-d152d028-d3e0-53a5-9908-7070d9fe708b,exam_subjects,EXAM-9b45f7a7-ba76-56a1-95e8-e2fbb488ec4f,SRC-HFNU-2025-ZC,primary_evidence,"{""asset_id"":""ASSET-HFNU-2025-ZC-PDF"",""page"":11,""row_key"":""软件工程"",""section"":""考试科目""}"
FACTSRC-77367935-9787-5bc9-9495-a2aedfe976e9,exam_subjects,EXAM-9b50ac73-2178-56b9-b147-d563e17b78f0,SRC-HFNU-2025-ZC,primary_evidence,"{""asset_id"":""ASSET-HFNU-2025-ZC-PDF"",""page"":11,""row_key"":""电气工程及其自动化"",""section"":""考试科目""}"
FACTSRC-7485652e-3967-5f50-b91d-ff17756485f1,exam_subjects,EXAM-9bc80468-1423-5986-bb0d-90680ccc34cf,SRC-HFNU-2026-ZC,primary_evidence,"{""asset_id"":""ASSET-HFNU-2026-ZC-PDF"",""page"":11,""row_key"":""学前教育"",""section"":""考试科目""}"
FACTSRC-1dc6388b-3a31-591d-996f-7f422eac7894,exam_subjects,EXAM-9c22d891-8b66-502f-bceb-32fcf08d6b35,SRC-HFNU-2025-ZC,primary_evidence,"{""asset_id"":""ASSET-HFNU-2025-ZC-PDF"",""page"":11,""row_key"":""食品质量与安全"",""section"":""考试科目""}"
FACTSRC-d43f9a58-a4cf-5e5e-83d6-a8f708bd5d31,exam_subjects,EXAM-9d5cd3e6-a7bd-5bf5-8e80-f7a7e7e4c41a,SRC-HFNU-2024-ZC,primary_evidence,"{""row_key"":""运动康复"",""section"":""考试科目"",""table"":3,""url"":""https://zsb.hfnu.edu.cn/info/1003/2715.htm""}"
FACTSRC-96a5a481-30c6-50e5-92f5-b87824995ee4,exam_subjects,EXAM-9d7718e0-cf6f-5b2f-9fb9-66013cab72c0,SRC-HFNU-2024-ZC,primary_evidence,"{""row_key"":""环境设计"",""section"":""考试科目"",""table"":3,""url"":""https://zsb.hfnu.edu.cn/info/1003/2715.htm""}"
FACTSRC-2cf70b51-96a2-520a-9bda-ebeca633915d,exam_subjects,EXAM-9db58857-c124-5722-92ed-e3a8b95dcaa9,SRC-HFNU-2025-ZC,primary_evidence,"{""asset_id"":""ASSET-HFNU-2025-ZC-PDF"",""page"":11,""row_key"":""化学工程与工艺"",""section"":""考试科目""}"
FACTSRC-942d1372-1208-5a25-bd85-fc84c8743309,exam_subjects,EXAM-9e21382d-24f0-513c-9ce9-dc285c929c61,SRC-HFNU-2024-ZC,primary_evidence,"{""row_key"":""人力资源管理"",""section"":""考试科目"",""table"":3,""url"":""https://zsb.hfnu.edu.cn/info/1003/2715.htm""}"
FACTSRC-dae18551-4da7-5d88-8daf-10f57b36b9b8,exam_subjects,EXAM-9e2cce77-c194-5d26-861b-f0fa10ed06b4,SRC-HFNU-2024-ZC,primary_evidence,"{""row_key"":""小学教育"",""section"":""考试科目"",""table"":3,""url"":""https://zsb.hfnu.edu.cn/info/1003/2715.htm""}"
FACTSRC-6b946b3c-4527-5ea0-9b87-c26cc8b9815a,exam_subjects,EXAM-9e7f1a68-3de3-5259-b6e1-5a55a847fa26,SRC-HFNU-2025-ZC,primary_evidence,"{""asset_id"":""ASSET-HFNU-2025-ZC-PDF"",""page"":11,""row_key"":""小学教育"",""section"":""考试科目""}"
FACTSRC-fac6f294-0314-5f61-a932-bdfa3f661337,exam_subjects,EXAM-9f195466-d567-57c0-b7fc-de72cbcaff1d,SRC-HFNU-2026-ZC,primary_evidence,"{""asset_id"":""ASSET-HFNU-2026-ZC-PDF"",""page"":11,""row_key"":""生物制药"",""section"":""考试科目""}"
FACTSRC-cdb2b43c-3597-5be8-81b4-49e319bebc00,exam_subjects,EXAM-a1809da5-333a-54e3-9974-ae4a558ace60,SRC-HFNU-2024-ZC,primary_evidence,"{""row_key"":""药物制剂"",""section"":""考试科目"",""table"":3,""url"":""https://zsb.hfnu.edu.cn/info/1003/2715.htm""}"
FACTSRC-808e1fec-ea31-5699-89b9-a3fd0bb7a7f3,exam_subjects,EXAM-a1f8c98d-8298-5d31-9499-bc9eecc8ac28,SRC-HFNU-2024-ZC,primary_evidence,"{""row_key"":""网络与新媒体"",""section"":""考试科目"",""table"":3,""url"":""https://zsb.hfnu.edu.cn/info/1003/2715.htm""}"
FACTSRC-8531183d-27b2-589c-a256-e5d45dd0aec3,exam_subjects,EXAM-a241a559-ee2e-52db-b98d-13e685e8dbc5,SRC-HFNU-2024-ZC,primary_evidence,"{""row_key"":""食品质量与安全"",""section"":""考试科目"",""table"":3,""url"":""https://zsb.hfnu.edu.cn/info/1003/2715.htm""}"
FACTSRC-a8174667-f4c5-518f-94ff-afbd3b8030a9,exam_subjects,EXAM-a323a26d-8f99-5055-9636-4832d8b28df8,SRC-HFNU-2026-ZC,primary_evidence,"{""asset_id"":""ASSET-HFNU-2026-ZC-PDF"",""page"":11,""row_key"":""食品质量与安全"",""section"":""考试科目""}"
FACTSRC-82dc2f26-af72-5bf1-9771-efc4fa812281,exam_subjects,EXAM-a48e9c29-4f2c-5df5-b73a-62741d39d49f,SRC-HFNU-2026-ZC,primary_evidence,"{""asset_id"":""ASSET-HFNU-2026-ZC-PDF"",""page"":11,""row_key"":""化学工程与工艺"",""section"":""考试科目""}"
FACTSRC-9b0aef19-843a-5599-b458-3b559de88414,exam_subjects,EXAM-a51f3500-555e-57d8-92d6-f7d84127e02f,SRC-HFNU-2024-ZC,primary_evidence,"{""row_key"":""计算机科学与技术"",""section"":""考试科目"",""table"":3,""url"":""https://zsb.hfnu.edu.cn/info/1003/2715.htm""}"
FACTSRC-520547a9-4f5c-5aaf-bed1-b6ee2330c590,exam_subjects,EXAM-a556f135-7aca-5de2-91ac-d78a9940156d,SRC-HFNU-2025-ZC,primary_evidence,"{""asset_id"":""ASSET-HFNU-2025-ZC-PDF"",""page"":11,""row_key"":""软件工程"",""section"":""考试科目""}"
FACTSRC-1f92bb30-0e46-53b9-9f10-28e0e6b72026,exam_subjects,EXAM-a582b36d-6fb7-592f-8eca-689e11ad2de0,SRC-HFNU-2026-ZC,primary_evidence,"{""asset_id"":""ASSET-HFNU-2026-ZC-PDF"",""page"":11,""row_key"":""商务英语"",""section"":""考试科目""}"
FACTSRC-65c1143f-8acd-58d6-916f-8747f7533222,exam_subjects,EXAM-a59ef092-7061-5468-85d2-44419a2601e0,SRC-HFNU-2026-ZC,primary_evidence,"{""asset_id"":""ASSET-HFNU-2026-ZC-PDF"",""page"":11,""row_key"":""人力资源管理"",""section"":""考试科目""}"
FACTSRC-9f34776c-1b70-5fbf-8908-17feace87e31,exam_subjects,EXAM-a5ae1e3c-cf0b-5e81-99c9-d6e5cc5dfa84,SRC-HFNU-2025-ZC,primary_evidence,"{""asset_id"":""ASSET-HFNU-2025-ZC-PDF"",""page"":11,""row_key"":""制药工程"",""section"":""考试科目""}"
FACTSRC-55a978f4-39a9-5ed8-9174-7b08517f4d58,exam_subjects,EXAM-a75323c6-5a99-58ed-bc8e-dad802a78a0f,SRC-HFNU-2026-ZC,primary_evidence,"{""asset_id"":""ASSET-HFNU-2026-ZC-PDF"",""page"":11,""row_key"":""动画"",""section"":""考试科目""}"
FACTSRC-56885be5-0a01-5e56-8700-3aa6ac428be2,exam_subjects,EXAM-a825f88d-3223-535a-ba36-edba3045a8e6,SRC-HFNU-2024-ZC,primary_evidence,"{""row_key"":""计算机科学与技术"",""section"":""考试科目"",""table"":3,""url"":""https://zsb.hfnu.edu.cn/info/1003/2715.htm""}"
FACTSRC-44232313-6ef8-5ab5-bb69-5ddf19e833c8,exam_subjects,EXAM-a951a9e1-9fc9-54d6-bf19-9dba7fefc415,SRC-HFNU-2024-ZC,primary_evidence,"{""row_key"":""通信工程"",""section"":""考试科目"",""table"":3,""url"":""https://zsb.hfnu.edu.cn/info/1003/2715.htm""}"
FACTSRC-c45f053b-e063-5ef5-bfaa-2ab5a58ee569,exam_subjects,EXAM-aa430439-eac5-5232-bcf6-65fb87d55b56,SRC-HFNU-2026-ZC,primary_evidence,"{""asset_id"":""ASSET-HFNU-2026-ZC-PDF"",""page"":11,""row_key"":""环境设计"",""section"":""考试科目""}"
FACTSRC-2d68fae1-9019-59dc-a183-f8faeb73cb20,exam_subjects,EXAM-ac0238e4-e58c-5153-992b-c23211ad62e7,SRC-HFNU-2025-ZC,primary_evidence,"{""asset_id"":""ASSET-HFNU-2025-ZC-PDF"",""page"":11,""row_key"":""财务管理"",""section"":""考试科目""}"
FACTSRC-cd83c808-77b9-502f-9c05-827e05fed787,exam_subjects,EXAM-ac08548b-e30b-547e-b113-6fc94068ddbc,SRC-HFNU-2025-ZC,primary_evidence,"{""asset_id"":""ASSET-HFNU-2025-ZC-PDF"",""page"":11,""row_key"":""财务管理"",""section"":""考试科目""}"
FACTSRC-e94e31fa-6f3c-5ad9-8872-ecfc7681675e,exam_subjects,EXAM-af00498a-cc17-58ee-b0b0-17da0c28dac6,SRC-HFNU-2025-ZC,primary_evidence,"{""asset_id"":""ASSET-HFNU-2025-ZC-PDF"",""page"":11,""row_key"":""服装与服饰设计"",""section"":""考试科目""}"
FACTSRC-4c0d69ac-3d48-5bef-8724-4f72389e7915,exam_subjects,EXAM-aff15f9b-0054-5a28-b34f-0fb4c5fdb445,SRC-HFNU-2026-ZC,primary_evidence,"{""asset_id"":""ASSET-HFNU-2026-ZC-PDF"",""page"":11,""row_key"":""音乐学"",""section"":""考试科目""}"
FACTSRC-d29717b5-4eab-51db-8782-288e2e0777d4,exam_subjects,EXAM-b0fb0d08-f434-533a-92b0-aca900340ac5,SRC-HFNU-2024-ZC,primary_evidence,"{""row_key"":""财务管理"",""section"":""考试科目"",""table"":3,""url"":""https://zsb.hfnu.edu.cn/info/1003/2715.htm""}"
FACTSRC-9745db6d-2c09-548c-be00-be46328c6869,exam_subjects,EXAM-b180b706-7629-5c5c-9d6b-8ae0c37426c5,SRC-HFNU-2025-ZC,primary_evidence,"{""asset_id"":""ASSET-HFNU-2025-ZC-PDF"",""page"":11,""row_key"":""音乐学"",""section"":""考试科目""}"
FACTSRC-6f466e3c-6310-5468-acf6-f962d83a98cd,exam_subjects,EXAM-b1b76d88-4b74-557e-bbf3-c1c3c3412fe4,SRC-HFNU-2025-ZC,primary_evidence,"{""asset_id"":""ASSET-HFNU-2025-ZC-PDF"",""page"":11,""row_key"":""通信工程"",""section"":""考试科目""}"
FACTSRC-56e74f20-e2c7-5a44-ab0b-7fbf4b403982,exam_subjects,EXAM-b320ce77-2d37-5bf1-b03f-20cb9a89c0fc,SRC-HFNU-2026-ZC,primary_evidence,"{""asset_id"":""ASSET-HFNU-2026-ZC-PDF"",""page"":11,""row_key"":""计算机科学与技术"",""section"":""考试科目""}"
FACTSRC-72f678dd-2ba9-56c7-80a9-15d7722b5226,exam_subjects,EXAM-b353bb09-b794-5cc6-a494-871c1c319bd7,SRC-HFNU-2026-ZC,primary_evidence,"{""asset_id"":""ASSET-HFNU-2026-ZC-PDF"",""page"":11,""row_key"":""市场营销"",""section"":""考试科目""}"
FACTSRC-3ce67f7b-d665-5329-9875-68b91f902624,exam_subjects,EXAM-b4442965-e30b-5d5b-b951-c54258010494,SRC-HFNU-2025-ZC,primary_evidence,"{""asset_id"":""ASSET-HFNU-2025-ZC-PDF"",""page"":11,""row_key"":""网络与新媒体"",""section"":""考试科目""}"
FACTSRC-18d517fa-fe51-5e27-9e7a-8265bd5d8c25,exam_subjects,EXAM-b63ed1e3-9e00-5e6d-8e45-366caf6f60eb,SRC-HFNU-2024-ZC,primary_evidence,"{""row_key"":""运动康复"",""section"":""考试科目"",""table"":3,""url"":""https://zsb.hfnu.edu.cn/info/1003/2715.htm""}"
FACTSRC-380e95a3-9f9d-5187-93c7-2a640888e4d8,exam_subjects,EXAM-b6669fa0-c94c-5c7a-879d-8cce994d60c3,SRC-HFNU-2025-ZC,primary_evidence,"{""asset_id"":""ASSET-HFNU-2025-ZC-PDF"",""page"":11,""row_key"":""视觉传达设计"",""section"":""考试科目""}"
FACTSRC-32880f82-9307-5e8f-adf6-021bb7dc96df,exam_subjects,EXAM-b76bd8a9-01e2-56eb-8e35-2e4f0219ac6d,SRC-HFNU-2025-ZC,primary_evidence,"{""asset_id"":""ASSET-HFNU-2025-ZC-PDF"",""page"":11,""row_key"":""经济统计学"",""section"":""考试科目""}"
FACTSRC-fe3841cb-892e-5212-aac7-93e9b60bf4ea,exam_subjects,EXAM-b80d9385-b523-5465-8400-046d84036356,SRC-HFNU-2025-ZC,primary_evidence,"{""asset_id"":""ASSET-HFNU-2025-ZC-PDF"",""page"":11,""row_key"":""学前教育"",""section"":""考试科目""}"
FACTSRC-0ca3104d-8b3a-53b8-9990-f3576034d31f,exam_subjects,EXAM-b8fecc10-24f0-5a6d-9278-abf16cc178fa,SRC-HFNU-2024-ZC,primary_evidence,"{""row_key"":""新能源材料与器件"",""section"":""考试科目"",""table"":3,""url"":""https://zsb.hfnu.edu.cn/info/1003/2715.htm""}"
FACTSRC-792f087d-0712-5827-bfdb-1bda73974384,exam_subjects,EXAM-b93ed1b8-4f79-5f48-8a20-a83dab58f429,SRC-HFNU-2025-ZC,primary_evidence,"{""asset_id"":""ASSET-HFNU-2025-ZC-PDF"",""page"":11,""row_key"":""新能源材料与器件"",""section"":""考试科目""}"
FACTSRC-eadf332b-79e4-5b90-9904-0a4ab8cff55d,exam_subjects,EXAM-b9b5ab27-520a-517b-94d6-598ed509525b,SRC-HFNU-2024-ZC,primary_evidence,"{""row_key"":""经济统计学"",""section"":""考试科目"",""table"":3,""url"":""https://zsb.hfnu.edu.cn/info/1003/2715.htm""}"
FACTSRC-523c75c3-0c53-5ca5-b0b2-dc422f59f49d,exam_subjects,EXAM-ba66b65d-57f1-5eef-a9b0-e2c65775e3f5,SRC-HFNU-2024-ZC,primary_evidence,"{""row_key"":""食品质量与安全"",""section"":""考试科目"",""table"":3,""url"":""https://zsb.hfnu.edu.cn/info/1003/2715.htm""}"
FACTSRC-47bb135d-8b7f-5d99-a25b-be3bf518875a,exam_subjects,EXAM-ba9590fb-80cc-52e6-a8ae-45e08aa56dfc,SRC-HFNU-2026-ZC,primary_evidence,"{""asset_id"":""ASSET-HFNU-2026-ZC-PDF"",""page"":11,""row_key"":""新能源材料与器件"",""section"":""考试科目""}"
FACTSRC-7e474e1a-282a-5426-a504-6a34a5e4e937,exam_subjects,EXAM-baea79b1-3085-5d5c-8da0-14210b39cee8,SRC-HFNU-2024-ZC,primary_evidence,"{""row_key"":""软件工程"",""section"":""考试科目"",""table"":3,""url"":""https://zsb.hfnu.edu.cn/info/1003/2715.htm""}"
FACTSRC-f932b0d5-d371-5abb-a76b-9db2cd4c3158,exam_subjects,EXAM-bc12bffd-f9e3-534a-9216-80d516d958a5,SRC-HFNU-2026-ZC,primary_evidence,"{""asset_id"":""ASSET-HFNU-2026-ZC-PDF"",""page"":11,""row_key"":""运动康复"",""section"":""考试科目""}"
FACTSRC-e6720c26-bf2f-5c38-9d0b-1a110652b4c6,exam_subjects,EXAM-bc77812a-58f7-5820-b3ce-1da08c7c89ff,SRC-HFNU-2025-ZC,primary_evidence,"{""asset_id"":""ASSET-HFNU-2025-ZC-PDF"",""page"":11,""row_key"":""食品质量与安全"",""section"":""考试科目""}"
FACTSRC-f5ee6171-1b1a-5362-a66b-f07a6db0de12,exam_subjects,EXAM-bd0c9b15-3090-51be-921d-a63c074f0516,SRC-HFNU-2024-ZC,primary_evidence,"{""row_key"":""制药工程"",""section"":""考试科目"",""table"":3,""url"":""https://zsb.hfnu.edu.cn/info/1003/2715.htm""}"
FACTSRC-a9086999-36b9-5b26-afd2-2e77afc5bc0c,exam_subjects,EXAM-bd5571a2-1d28-5ffb-95f0-ea7e45e56319,SRC-HFNU-2025-ZC,primary_evidence,"{""asset_id"":""ASSET-HFNU-2025-ZC-PDF"",""page"":11,""row_key"":""互联网金融"",""section"":""考试科目""}"
FACTSRC-64d4f30c-bae2-5d32-937a-48cdc818b1fa,exam_subjects,EXAM-be6d8fc2-04cb-5cf1-80aa-94589acff916,SRC-HFNU-2026-ZC,primary_evidence,"{""asset_id"":""ASSET-HFNU-2026-ZC-PDF"",""page"":11,""row_key"":""财务管理"",""section"":""考试科目""}"
FACTSRC-059eb960-6053-5412-8500-4886256b8260,exam_subjects,EXAM-bf2c23bc-293c-53d9-a5ab-8024a28a86b8,SRC-HFNU-2024-ZC,primary_evidence,"{""row_key"":""运动康复"",""section"":""考试科目"",""table"":3,""url"":""https://zsb.hfnu.edu.cn/info/1003/2715.htm""}"
FACTSRC-01f919e6-a8a5-5afe-b434-4825fccf7d81,exam_subjects,EXAM-bf9c1d57-7bdb-5188-8d70-f5e5cb042960,SRC-HFNU-2026-ZC,primary_evidence,"{""asset_id"":""ASSET-HFNU-2026-ZC-PDF"",""page"":11,""row_key"":""电气工程及其自动化"",""section"":""考试科目""}"
FACTSRC-5c6d2b32-3a25-5815-aff8-244c8429eae9,exam_subjects,EXAM-bfd72507-4576-5765-99f7-57300d90e385,SRC-HFNU-2024-ZC,primary_evidence,"{""row_key"":""人力资源管理"",""section"":""考试科目"",""table"":3,""url"":""https://zsb.hfnu.edu.cn/info/1003/2715.htm""}"
FACTSRC-88cfb8bf-4c04-562a-93ca-323b81cde64d,exam_subjects,EXAM-c1c46968-bf24-51be-a795-30dd6e42bd42,SRC-HFNU-2025-ZC,primary_evidence,"{""asset_id"":""ASSET-HFNU-2025-ZC-PDF"",""page"":11,""row_key"":""数据科学与大数据技术"",""section"":""考试科目""}"
FACTSRC-6fa9cfc4-d601-595c-99d7-12ef3ea59a67,exam_subjects,EXAM-c3309d39-3a13-5688-abd2-759038d55d54,SRC-HFNU-2026-ZC,primary_evidence,"{""asset_id"":""ASSET-HFNU-2026-ZC-PDF"",""page"":11,""row_key"":""经济统计学"",""section"":""考试科目""}"
FACTSRC-7b8f9d22-87b3-5bc0-9955-eca3c1be636d,exam_subjects,EXAM-c37ea6ee-9a6e-5349-8bcd-e7b7be017570,SRC-HFNU-2025-ZC,primary_evidence,"{""asset_id"":""ASSET-HFNU-2025-ZC-PDF"",""page"":11,""row_key"":""电子信息工程"",""section"":""考试科目""}"
FACTSRC-3bf7e992-151a-59e9-a6e0-6a8a14e94129,exam_subjects,EXAM-c5309c75-19bf-58e8-9129-0007b6b92804,SRC-HFNU-2026-ZC,primary_evidence,"{""asset_id"":""ASSET-HFNU-2026-ZC-PDF"",""page"":11,""row_key"":""药物制剂"",""section"":""考试科目""}"
FACTSRC-e6718127-d984-5647-9c04-cac5f4903694,exam_subjects,EXAM-c88eae71-ba21-554a-b463-a91ef865364c,SRC-HFNU-2025-ZC,primary_evidence,"{""asset_id"":""ASSET-HFNU-2025-ZC-PDF"",""page"":11,""row_key"":""网络工程"",""section"":""考试科目""}"
FACTSRC-64c76294-69e5-59cd-a22f-0460e1fec022,exam_subjects,EXAM-c92b96ab-74a7-5a76-97bf-630aeae30a06,SRC-HFNU-2026-ZC,primary_evidence,"{""asset_id"":""ASSET-HFNU-2026-ZC-PDF"",""page"":11,""row_key"":""视觉传达设计"",""section"":""考试科目""}"
FACTSRC-abc6b689-029b-56b9-ab2a-b15c22b76dd5,exam_subjects,EXAM-c9e26811-d16b-57fd-a489-f9a61075743c,SRC-HFNU-2025-ZC,primary_evidence,"{""asset_id"":""ASSET-HFNU-2025-ZC-PDF"",""page"":11,""row_key"":""商务英语"",""section"":""考试科目""}"
FACTSRC-4926d171-97eb-530e-898c-4e6c6de6980d,exam_subjects,EXAM-cb25a6dd-e34c-5d07-9e36-fb19334ed7a4,SRC-HFNU-2025-ZC,primary_evidence,"{""asset_id"":""ASSET-HFNU-2025-ZC-PDF"",""page"":11,""row_key"":""药物制剂"",""section"":""考试科目""}"
FACTSRC-1b1fcb8a-31ea-5a1a-ac54-91f7353db0f8,exam_subjects,EXAM-cb44a910-2dc1-5c20-9377-84e1e92b1675,SRC-HFNU-2025-ZC,primary_evidence,"{""asset_id"":""ASSET-HFNU-2025-ZC-PDF"",""page"":11,""row_key"":""新能源材料与器件"",""section"":""考试科目""}"
FACTSRC-298bef36-e473-58d4-a6cb-7fdfebc89876,exam_subjects,EXAM-cbd9d293-ace9-56a9-8260-fe82ec5cef2f,SRC-HFNU-2024-ZC,primary_evidence,"{""row_key"":""服装与服饰设计"",""section"":""考试科目"",""table"":3,""url"":""https://zsb.hfnu.edu.cn/info/1003/2715.htm""}"
FACTSRC-7df11ca2-93b0-5235-b0fc-489b01ad2ef2,exam_subjects,EXAM-cdab4057-d1df-5569-97b3-3d3e28a275bb,SRC-HFNU-2024-ZC,primary_evidence,"{""row_key"":""财务管理"",""section"":""考试科目"",""table"":3,""url"":""https://zsb.hfnu.edu.cn/info/1003/2715.htm""}"
FACTSRC-cf8044ea-003d-5363-ae95-44774d940d75,exam_subjects,EXAM-ce020a06-6a7c-55dc-b246-c5a06eaa1526,SRC-HFNU-2025-ZC,primary_evidence,"{""asset_id"":""ASSET-HFNU-2025-ZC-PDF"",""page"":11,""row_key"":""商务英语"",""section"":""考试科目""}"
FACTSRC-d98aaff5-b684-5e06-a4e6-ad5ac6d7684b,exam_subjects,EXAM-ced6860d-6f9b-5d84-93b2-8c52df5864ff,SRC-HFNU-2024-ZC,primary_evidence,"{""row_key"":""电气工程及其自动化"",""section"":""考试科目"",""table"":3,""url"":""https://zsb.hfnu.edu.cn/info/1003/2715.htm""}"
FACTSRC-2aabb117-6008-52e6-886f-96d09298bcc4,exam_subjects,EXAM-cf57d174-88df-5373-ae4a-2d5a345c9e83,SRC-HFNU-2026-ZC,primary_evidence,"{""asset_id"":""ASSET-HFNU-2026-ZC-PDF"",""page"":11,""row_key"":""网络工程"",""section"":""考试科目""}"
FACTSRC-5b8ae36e-4af0-5d10-97b4-36ec809032df,exam_subjects,EXAM-d0603bdd-c209-5369-9131-c15abeda3185,SRC-HFNU-2025-ZC,primary_evidence,"{""asset_id"":""ASSET-HFNU-2025-ZC-PDF"",""page"":11,""row_key"":""电子信息工程"",""section"":""考试科目""}"
FACTSRC-48a869c6-30ae-5094-8674-34fbf0c5446c,exam_subjects,EXAM-d0cdee00-3148-5e26-8986-d4e58ed69859,SRC-HFNU-2025-ZC,primary_evidence,"{""asset_id"":""ASSET-HFNU-2025-ZC-PDF"",""page"":11,""row_key"":""商务英语"",""section"":""考试科目""}"
FACTSRC-e62bef64-376b-559e-b914-75e3dfd13dd3,exam_subjects,EXAM-d0e4ce43-6114-501a-858e-49db8de7cb02,SRC-HFNU-2025-ZC,primary_evidence,"{""asset_id"":""ASSET-HFNU-2025-ZC-PDF"",""page"":11,""row_key"":""视觉传达设计"",""section"":""考试科目""}"
FACTSRC-a3f9d717-7f2b-5e5f-8e76-afe7d6a5502c,exam_subjects,EXAM-d263ee06-8791-59fc-a94c-19ee6ae7d918,SRC-HFNU-2025-ZC,primary_evidence,"{""asset_id"":""ASSET-HFNU-2025-ZC-PDF"",""page"":11,""row_key"":""服装与服饰设计"",""section"":""考试科目""}"
FACTSRC-b736356e-e703-54fa-aa7f-ed05d6d8486e,exam_subjects,EXAM-d3dba9ec-b2e3-5c1a-9f04-f85a6bca91b2,SRC-HFNU-2025-ZC,primary_evidence,"{""asset_id"":""ASSET-HFNU-2025-ZC-PDF"",""page"":11,""row_key"":""经济统计学"",""section"":""考试科目""}"
FACTSRC-de764e81-b12d-5a8f-9ebb-c7d85607b5f4,exam_subjects,EXAM-d3dcea55-5014-5bfe-bc33-48260eac5401,SRC-HFNU-2025-ZC,primary_evidence,"{""asset_id"":""ASSET-HFNU-2025-ZC-PDF"",""page"":11,""row_key"":""制药工程"",""section"":""考试科目""}"
FACTSRC-48d01c1e-42b9-5f42-b0f2-23e2d22165b1,exam_subjects,EXAM-d3f5836f-3d24-5576-b412-cc9b3f1f8a9d,SRC-HFNU-2024-ZC,primary_evidence,"{""row_key"":""电子信息工程"",""section"":""考试科目"",""table"":3,""url"":""https://zsb.hfnu.edu.cn/info/1003/2715.htm""}"
FACTSRC-9d9f63c6-6879-58de-a54f-35d4d00911d6,exam_subjects,EXAM-d4118ce6-19ab-5c45-bec0-599a521b4f3e,SRC-HFNU-2026-ZC,primary_evidence,"{""asset_id"":""ASSET-HFNU-2026-ZC-PDF"",""page"":11,""row_key"":""电子信息工程"",""section"":""考试科目""}"
FACTSRC-ab86b14a-b221-55ca-aee8-73bf11d8394a,exam_subjects,EXAM-d42f5ca4-5e82-5df5-acd0-3f9f535e5297,SRC-HFNU-2024-ZC,primary_evidence,"{""row_key"":""小学教育"",""section"":""考试科目"",""table"":3,""url"":""https://zsb.hfnu.edu.cn/info/1003/2715.htm""}"
FACTSRC-43ade4f7-2eb0-54bd-82a2-494ec6ab7730,exam_subjects,EXAM-d4ff95ed-d2b7-5c54-9522-f3f806fb8172,SRC-HFNU-2024-ZC,primary_evidence,"{""row_key"":""商务英语"",""section"":""考试科目"",""table"":3,""url"":""https://zsb.hfnu.edu.cn/info/1003/2715.htm""}"
FACTSRC-52bd1d93-d1c1-5740-995f-df80239260ed,exam_subjects,EXAM-d534ae70-1f2d-5c05-8175-3f477b698b4e,SRC-HFNU-2024-ZC,primary_evidence,"{""row_key"":""通信工程"",""section"":""考试科目"",""table"":3,""url"":""https://zsb.hfnu.edu.cn/info/1003/2715.htm""}"
FACTSRC-fbd8eb72-3c66-5949-b1b2-f9d92e0e1477,exam_subjects,EXAM-d5ea2a76-6b55-5987-8ce8-f1fa5a706eab,SRC-HFNU-2024-ZC,primary_evidence,"{""row_key"":""视觉传达设计"",""section"":""考试科目"",""table"":3,""url"":""https://zsb.hfnu.edu.cn/info/1003/2715.htm""}"
FACTSRC-22325343-5ad0-5e6c-b2a7-7601de4b28ef,exam_subjects,EXAM-d9444015-7a36-5b62-9cf7-4b1dddbeb2e7,SRC-HFNU-2024-ZC,primary_evidence,"{""row_key"":""学前教育"",""section"":""考试科目"",""table"":3,""url"":""https://zsb.hfnu.edu.cn/info/1003/2715.htm""}"
FACTSRC-3fd963b2-c200-54ff-ab6f-84cfe3fdff33,exam_subjects,EXAM-d9f80f90-828b-516f-9f3b-5487b595d696,SRC-HFNU-2025-ZC,primary_evidence,"{""asset_id"":""ASSET-HFNU-2025-ZC-PDF"",""page"":11,""row_key"":""环境设计"",""section"":""考试科目""}"
FACTSRC-9f8b74ee-1df6-540e-b2d2-ccb724524877,exam_subjects,EXAM-db4f2d2e-987c-5ce3-a053-8a5e2a0c8cc7,SRC-HFNU-2026-ZC,primary_evidence,"{""asset_id"":""ASSET-HFNU-2026-ZC-PDF"",""page"":11,""row_key"":""人力资源管理"",""section"":""考试科目""}"
FACTSRC-e94b3d71-7a96-5c35-a521-be5fbda0cca2,exam_subjects,EXAM-dba39af7-46dc-5215-96db-4eaccdcf24b4,SRC-HFNU-2024-ZC,primary_evidence,"{""row_key"":""财务管理"",""section"":""考试科目"",""table"":3,""url"":""https://zsb.hfnu.edu.cn/info/1003/2715.htm""}"
FACTSRC-541b2103-daf6-58f1-b0e3-5a58caba28a3,exam_subjects,EXAM-dcb6ce27-1a2f-51d9-ac6d-6ad9e30dfb1b,SRC-HFNU-2025-ZC,primary_evidence,"{""asset_id"":""ASSET-HFNU-2025-ZC-PDF"",""page"":11,""row_key"":""化学工程与工艺"",""section"":""考试科目""}"
FACTSRC-5f0d4f90-26dc-5e57-9587-8c78fb9669a1,exam_subjects,EXAM-dd2b1ce6-f02a-5526-8e96-aaef407efd7f,SRC-HFNU-2026-ZC,primary_evidence,"{""asset_id"":""ASSET-HFNU-2026-ZC-PDF"",""page"":11,""row_key"":""互联网金融"",""section"":""考试科目""}"
FACTSRC-8223fb50-6f77-5411-8280-5cf17832f8b2,exam_subjects,EXAM-de08acaf-cfea-55fa-9aa7-99889f47018e,SRC-HFNU-2025-ZC,primary_evidence,"{""asset_id"":""ASSET-HFNU-2025-ZC-PDF"",""page"":11,""row_key"":""网络与新媒体"",""section"":""考试科目""}"
FACTSRC-cc16a9d6-e794-56bb-a880-cbd1859bb89c,exam_subjects,EXAM-de69829a-980f-5768-bfa8-353ae44e38c9,SRC-HFNU-2024-ZC,primary_evidence,"{""row_key"":""经济统计学"",""section"":""考试科目"",""table"":3,""url"":""https://zsb.hfnu.edu.cn/info/1003/2715.htm""}"
FACTSRC-e1fcbfb9-421b-5053-a0a2-e5fb9d3c8a51,exam_subjects,EXAM-debea3eb-8a56-58b5-9c9b-e7b794231606,SRC-HFNU-2024-ZC,primary_evidence,"{""row_key"":""制药工程"",""section"":""考试科目"",""table"":3,""url"":""https://zsb.hfnu.edu.cn/info/1003/2715.htm""}"
FACTSRC-a198a35f-2d2d-58af-94a2-d6889c28b2f4,exam_subjects,EXAM-e108d98e-0949-549f-b5a4-77f7d6e09082,SRC-HFNU-2025-ZC,primary_evidence,"{""asset_id"":""ASSET-HFNU-2025-ZC-PDF"",""page"":11,""row_key"":""运动康复"",""section"":""考试科目""}"
FACTSRC-2c9052c8-d449-56a0-9ba2-a4b10808cbbe,exam_subjects,EXAM-e1506334-40e8-52a3-ac0b-0caeba991212,SRC-HFNU-2026-ZC,primary_evidence,"{""asset_id"":""ASSET-HFNU-2026-ZC-PDF"",""page"":11,""row_key"":""经济统计学"",""section"":""考试科目""}"
FACTSRC-5820cb75-e62f-5095-9f83-bd78f4557db5,exam_subjects,EXAM-e18fe3a1-2209-5fd1-8f60-ca19a9d59398,SRC-HFNU-2026-ZC,primary_evidence,"{""asset_id"":""ASSET-HFNU-2026-ZC-PDF"",""page"":11,""row_key"":""视觉传达设计"",""section"":""考试科目""}"
FACTSRC-e73d6e5e-fb5a-5a04-9c9d-8c259cf5bb8c,exam_subjects,EXAM-e21fcc5d-1af5-5565-8aa7-7e2a2cf24ee8,SRC-HFNU-2024-ZC,primary_evidence,"{""row_key"":""生物制药"",""section"":""考试科目"",""table"":3,""url"":""https://zsb.hfnu.edu.cn/info/1003/2715.htm""}"
FACTSRC-7cfc57d9-2676-58d2-81d5-0aea0d66462c,exam_subjects,EXAM-e222232e-c1d8-5054-8e81-6a7f39951143,SRC-HFNU-2026-ZC,primary_evidence,"{""asset_id"":""ASSET-HFNU-2026-ZC-PDF"",""page"":11,""row_key"":""学前教育"",""section"":""考试科目""}"
FACTSRC-e230aa9f-dc68-5301-9554-61e87c5e2175,exam_subjects,EXAM-e33887f7-314f-5c83-b873-21be6cbbe329,SRC-HFNU-2024-ZC,primary_evidence,"{""row_key"":""学前教育"",""section"":""考试科目"",""table"":3,""url"":""https://zsb.hfnu.edu.cn/info/1003/2715.htm""}"
FACTSRC-95b2cd69-c095-567b-931f-8389206a4839,exam_subjects,EXAM-e4771b6f-464d-5bea-a30b-b6fca70fd5f9,SRC-HFNU-2025-ZC,primary_evidence,"{""asset_id"":""ASSET-HFNU-2025-ZC-PDF"",""page"":11,""row_key"":""生物制药"",""section"":""考试科目""}"
FACTSRC-d9d7bde8-b714-5e55-9a6d-e7b51b091ba9,exam_subjects,EXAM-e4b75ee3-f085-5bb3-a71d-ef93715c9358,SRC-HFNU-2026-ZC,primary_evidence,"{""asset_id"":""ASSET-HFNU-2026-ZC-PDF"",""page"":11,""row_key"":""化学工程与工艺"",""section"":""考试科目""}"
FACTSRC-849aec0f-2653-5f14-b112-916f374d1c7f,exam_subjects,EXAM-e58e471a-89c6-5b5b-a3f7-de699df3d963,SRC-HFNU-2026-ZC,primary_evidence,"{""asset_id"":""ASSET-HFNU-2026-ZC-PDF"",""page"":11,""row_key"":""服装与服饰设计"",""section"":""考试科目""}"
FACTSRC-0e344919-cf2a-5653-9f21-5629f9111c46,exam_subjects,EXAM-e5b0da23-dbdf-58cd-a344-cd2c50e30fc4,SRC-HFNU-2025-ZC,primary_evidence,"{""asset_id"":""ASSET-HFNU-2025-ZC-PDF"",""page"":11,""row_key"":""药物制剂"",""section"":""考试科目""}"
FACTSRC-44bd3889-d326-5c39-8042-e044053f6923,exam_subjects,EXAM-e710b46e-07ac-59d1-b69c-bcfe962668a1,SRC-HFNU-2025-ZC,primary_evidence,"{""asset_id"":""ASSET-HFNU-2025-ZC-PDF"",""page"":11,""row_key"":""新能源材料与器件"",""section"":""考试科目""}"
FACTSRC-644cfe33-2427-5af4-a3a1-24ccec5dd82d,exam_subjects,EXAM-e779f7fb-7ce1-5028-9ad5-569e1222201c,SRC-HFNU-2026-ZC,primary_evidence,"{""asset_id"":""ASSET-HFNU-2026-ZC-PDF"",""page"":11,""row_key"":""商务英语"",""section"":""考试科目""}"
FACTSRC-8592329a-c294-521d-a07f-8c0fc5d8f5a0,exam_subjects,EXAM-e792e8b4-6b8e-5392-bccd-f0c4cb55b08d,SRC-HFNU-2024-ZC,primary_evidence,"{""row_key"":""网络与新媒体"",""section"":""考试科目"",""table"":3,""url"":""https://zsb.hfnu.edu.cn/info/1003/2715.htm""}"
FACTSRC-62ef8900-f973-5511-bbcd-71990dc23d24,exam_subjects,EXAM-e7d76b92-e183-5aaf-aa25-2709ccdc9b93,SRC-HFNU-2025-ZC,primary_evidence,"{""asset_id"":""ASSET-HFNU-2025-ZC-PDF"",""page"":11,""row_key"":""运动康复"",""section"":""考试科目""}"
FACTSRC-7262e165-4b84-54b8-a242-106f4ca0e348,exam_subjects,EXAM-e7dfc361-5978-5410-9078-d2735cc1cc03,SRC-HFNU-2026-ZC,primary_evidence,"{""asset_id"":""ASSET-HFNU-2026-ZC-PDF"",""page"":11,""row_key"":""食品质量与安全"",""section"":""考试科目""}"
FACTSRC-4bd35880-32ca-5bd7-a7e6-3579ad33b507,exam_subjects,EXAM-e8929f39-c201-577c-bd3c-6a99c698c74e,SRC-HFNU-2026-ZC,primary_evidence,"{""asset_id"":""ASSET-HFNU-2026-ZC-PDF"",""page"":11,""row_key"":""商务英语"",""section"":""考试科目""}"
FACTSRC-ecf70350-2438-5c26-932a-2fa8541e12ca,exam_subjects,EXAM-e96709f4-6945-5c5b-b359-002c6190d279,SRC-HFNU-2025-ZC,primary_evidence,"{""asset_id"":""ASSET-HFNU-2025-ZC-PDF"",""page"":11,""row_key"":""通信工程"",""section"":""考试科目""}"
FACTSRC-37763ca0-6f48-5daf-a28d-70134f57c43a,exam_subjects,EXAM-ea24153a-8003-5a3b-b285-f6abdd4d5064,SRC-HFNU-2026-ZC,primary_evidence,"{""asset_id"":""ASSET-HFNU-2026-ZC-PDF"",""page"":11,""row_key"":""音乐学"",""section"":""考试科目""}"
FACTSRC-e50540de-7578-5d8f-9d1e-b64e0efec973,exam_subjects,EXAM-eb7eee5f-76a8-5d95-89e9-e2df764c270b,SRC-HFNU-2025-ZC,primary_evidence,"{""asset_id"":""ASSET-HFNU-2025-ZC-PDF"",""page"":11,""row_key"":""数据科学与大数据技术"",""section"":""考试科目""}"
FACTSRC-df25de6c-b44a-50c9-9b44-fdc579f31875,exam_subjects,EXAM-ec8914d7-af64-5678-9021-0ec37eade30a,SRC-HFNU-2024-ZC,primary_evidence,"{""row_key"":""人力资源管理"",""section"":""考试科目"",""table"":3,""url"":""https://zsb.hfnu.edu.cn/info/1003/2715.htm""}"
FACTSRC-048fa805-7533-5e23-a9da-76e3a3ba964b,exam_subjects,EXAM-ecbf1c5f-6e83-51c7-9e5b-1371392bf1bc,SRC-HFNU-2025-ZC,primary_evidence,"{""asset_id"":""ASSET-HFNU-2025-ZC-PDF"",""page"":11,""row_key"":""互联网金融"",""section"":""考试科目""}"
FACTSRC-a479d611-3290-59ca-b6c7-76aded1da730,exam_subjects,EXAM-ed23b9fe-9a8b-5894-981b-1b03328380f5,SRC-HFNU-2026-ZC,primary_evidence,"{""asset_id"":""ASSET-HFNU-2026-ZC-PDF"",""page"":11,""row_key"":""电气工程及其自动化"",""section"":""考试科目""}"
FACTSRC-7ed618bd-590a-5c35-a9f5-279c5d55e5a1,exam_subjects,EXAM-ee2377bb-d1b5-58c4-ab4d-4a15011ccdbc,SRC-HFNU-2024-ZC,primary_evidence,"{""row_key"":""环境设计"",""section"":""考试科目"",""table"":3,""url"":""https://zsb.hfnu.edu.cn/info/1003/2715.htm""}"
FACTSRC-37538b79-2074-506c-89bf-263ff5727247,exam_subjects,EXAM-ee622085-a1ce-520b-9279-a8fd51e252f5,SRC-HFNU-2024-ZC,primary_evidence,"{""row_key"":""化学工程与工艺"",""section"":""考试科目"",""table"":3,""url"":""https://zsb.hfnu.edu.cn/info/1003/2715.htm""}"
FACTSRC-4d2e7560-2daa-5614-8cc2-4ff2e9b0b20a,exam_subjects,EXAM-ee8ad1c5-4733-53a5-80b1-1a0b75e78383,SRC-HFNU-2025-ZC,primary_evidence,"{""asset_id"":""ASSET-HFNU-2025-ZC-PDF"",""page"":11,""row_key"":""生物制药"",""section"":""考试科目""}"
FACTSRC-8186657d-cbe3-5968-9ff6-da6d583ad379,exam_subjects,EXAM-f0ffd2f1-44f8-53a9-9489-8b79ea475ca7,SRC-HFNU-2026-ZC,primary_evidence,"{""asset_id"":""ASSET-HFNU-2026-ZC-PDF"",""page"":11,""row_key"":""视觉传达设计"",""section"":""考试科目""}"
FACTSRC-9abb5dbc-c469-57fa-8a4b-433c1d1d65bf,exam_subjects,EXAM-f17f58e1-bbfa-5557-9ee3-e73de0dbd596,SRC-HFNU-2024-ZC,primary_evidence,"{""row_key"":""软件工程"",""section"":""考试科目"",""table"":3,""url"":""https://zsb.hfnu.edu.cn/info/1003/2715.htm""}"
FACTSRC-f01af4d2-cc71-539c-980c-663569eb657c,exam_subjects,EXAM-f3d2db6c-dd33-50b1-b6a8-64aef9c8dbed,SRC-HFNU-2026-ZC,primary_evidence,"{""asset_id"":""ASSET-HFNU-2026-ZC-PDF"",""page"":11,""row_key"":""通信工程"",""section"":""考试科目""}"
FACTSRC-109d1d8b-68d6-5089-b391-5e1383716fcb,exam_subjects,EXAM-f4989e7f-3779-5b1a-8a28-2893440f3436,SRC-HFNU-2025-ZC,primary_evidence,"{""asset_id"":""ASSET-HFNU-2025-ZC-PDF"",""page"":11,""row_key"":""计算机科学与技术"",""section"":""考试科目""}"
FACTSRC-482eb7ff-da97-5e3f-9be1-f29b470c5f62,exam_subjects,EXAM-f536e683-0015-59dd-a935-507bce6fdf4f,SRC-HFNU-2025-ZC,primary_evidence,"{""asset_id"":""ASSET-HFNU-2025-ZC-PDF"",""page"":11,""row_key"":""学前教育"",""section"":""考试科目""}"
FACTSRC-181a953b-66dc-5acf-a953-f19db20730eb,exam_subjects,EXAM-f546c937-ed4a-5ea6-9d5f-2931a3f3535a,SRC-HFNU-2026-ZC,primary_evidence,"{""asset_id"":""ASSET-HFNU-2026-ZC-PDF"",""page"":11,""row_key"":""经济统计学"",""section"":""考试科目""}"
FACTSRC-e76a26bc-2b80-5839-9e3b-a2f03f633294,exam_subjects,EXAM-f6d279c0-59d3-5cb3-90d2-fcac1439cf39,SRC-HFNU-2026-ZC,primary_evidence,"{""asset_id"":""ASSET-HFNU-2026-ZC-PDF"",""page"":11,""row_key"":""市场营销"",""section"":""考试科目""}"
FACTSRC-02357cd8-3c49-5c85-bca6-575f101705f1,exam_subjects,EXAM-f7df707d-55e6-58bf-a459-c7f0b88417b7,SRC-HFNU-2026-ZC,primary_evidence,"{""asset_id"":""ASSET-HFNU-2026-ZC-PDF"",""page"":11,""row_key"":""网络工程"",""section"":""考试科目""}"
FACTSRC-5e8d9256-639a-5310-9f0b-06f281091a2d,exam_subjects,EXAM-f809e674-23a3-5410-bea2-1d1011f6098a,SRC-HFNU-2024-ZC,primary_evidence,"{""row_key"":""商务英语"",""section"":""考试科目"",""table"":3,""url"":""https://zsb.hfnu.edu.cn/info/1003/2715.htm""}"
FACTSRC-db38328a-397a-5e20-90ed-49df439830a0,exam_subjects,EXAM-f965bd22-3cf5-5b5e-affa-d923ea17cff6,SRC-HFNU-2024-ZC,primary_evidence,"{""row_key"":""化学工程与工艺"",""section"":""考试科目"",""table"":3,""url"":""https://zsb.hfnu.edu.cn/info/1003/2715.htm""}"
FACTSRC-cf79ad2e-0b86-5762-8dcf-1637893a03b0,exam_subjects,EXAM-fa1f3d49-0c6b-5a78-b889-fd1493e24756,SRC-HFNU-2024-ZC,primary_evidence,"{""row_key"":""市场营销"",""section"":""考试科目"",""table"":3,""url"":""https://zsb.hfnu.edu.cn/info/1003/2715.htm""}"
FACTSRC-280d847c-8552-533d-a7f3-95586d7c01a2,exam_subjects,EXAM-fb210998-1a4b-5c71-82b6-09c54c63001f,SRC-HFNU-2026-ZC,primary_evidence,"{""asset_id"":""ASSET-HFNU-2026-ZC-PDF"",""page"":11,""row_key"":""计算机科学与技术"",""section"":""考试科目""}"
FACTSRC-393e7bb9-b850-5f64-838e-8ea58182abbc,exam_subjects,EXAM-fb221091-a88a-5bb7-9e44-f02d435ca74f,SRC-HFNU-2024-ZC,primary_evidence,"{""row_key"":""数据科学与大数据技术"",""section"":""考试科目"",""table"":3,""url"":""https://zsb.hfnu.edu.cn/info/1003/2715.htm""}"
FACTSRC-fcee49ec-bd45-5a5d-b8ae-4bd39a4413cd,exam_subjects,EXAM-fc4457eb-6aec-58b4-98f8-0775b59c2411,SRC-HFNU-2026-ZC,primary_evidence,"{""asset_id"":""ASSET-HFNU-2026-ZC-PDF"",""page"":11,""row_key"":""服装与服饰设计"",""section"":""考试科目""}"
FACTSRC-583af9d7-295a-5db7-b1c4-c91eb2616e26,exam_subjects,EXAM-fd11d1a2-f554-5ef0-bd71-84b5f906581f,SRC-HFNU-2026-ZC,primary_evidence,"{""asset_id"":""ASSET-HFNU-2026-ZC-PDF"",""page"":11,""row_key"":""电子信息工程"",""section"":""考试科目""}"
FACTSRC-9d9e46e0-f00f-5c1a-becb-acb05d003830,exam_subjects,EXAM-fe6354c5-7e75-51c4-bfaa-32b412abb309,SRC-HFNU-2026-ZC,primary_evidence,"{""asset_id"":""ASSET-HFNU-2026-ZC-PDF"",""page"":11,""row_key"":""网络与新媒体"",""section"":""考试科目""}"
FACTSRC-c31f91b0-4e71-51eb-98cc-f9c2f2aa0820,exam_subjects,EXAM-feacc1c1-eb0e-5815-8b1c-341abba84b5b,SRC-HFNU-2024-ZC,primary_evidence,"{""row_key"":""制药工程"",""section"":""考试科目"",""table"":3,""url"":""https://zsb.hfnu.edu.cn/info/1003/2715.htm""}"
FACTSRC-056ee2f3-3f04-5d4b-9cab-78493951b882,exam_subjects,EXAM-ff519d20-b4b4-59eb-9738-d076969eee87,SRC-HFNU-2025-ZC,primary_evidence,"{""asset_id"":""ASSET-HFNU-2025-ZC-PDF"",""page"":11,""row_key"":""电气工程及其自动化"",""section"":""考试科目""}"
FACTSRC-7875df2c-bf55-5cc8-8808-a1f385aab686,exam_subjects,EXAM-ffb56fcc-e188-5fc2-9555-ffbe25b67d5e,SRC-HFNU-2026-ZC,primary_evidence,"{""asset_id"":""ASSET-HFNU-2026-ZC-PDF"",""page"":11,""row_key"":""软件工程"",""section"":""考试科目""}"
FACTSRC-b6637b70-099c-504f-b663-0ef1719800d6,exam_subjects,EXAM-ffdff83a-a34c-5240-850b-b7df5a8d76b9,SRC-HFNU-2024-ZC,primary_evidence,"{""row_key"":""数据科学与大数据技术"",""section"":""考试科目"",""table"":3,""url"":""https://zsb.hfnu.edu.cn/info/1003/2715.htm""}"
FACTSRC-5da90f13-b99e-596e-ab5d-4b41f260d2a8,major_eligibility,ELIG-002763f6-e1dc-531a-9325-09f6c0a7f694,SRC-HFNU-2024-ZC,primary_evidence,"{""row_key"":""服装与服饰设计"",""section"":""招生专业范围"",""table"":2,""url"":""https://zsb.hfnu.edu.cn/info/1003/2715.htm""}"
FACTSRC-ecedff0d-76a0-5278-9e79-29adf718cc5a,major_eligibility,ELIG-025fefae-f6ac-5d53-9f9a-c94915b25e95,SRC-HFNU-2024-ZC,primary_evidence,"{""row_key"":""学前教育"",""section"":""招生专业范围"",""table"":2,""url"":""https://zsb.hfnu.edu.cn/info/1003/2715.htm""}"
FACTSRC-e0cfe6a0-8c7d-54d9-8bc4-e912b6246373,major_eligibility,ELIG-0d1fc69e-7a13-5284-8523-4aa62c0b57a1,SRC-HFNU-2024-ZC,primary_evidence,"{""row_key"":""市场营销"",""section"":""招生专业范围"",""table"":2,""url"":""https://zsb.hfnu.edu.cn/info/1003/2715.htm""}"
FACTSRC-06b745ca-a502-5cba-8a06-07c1949bdc40,major_eligibility,ELIG-165ed2f3-04a6-5989-ac18-3201595d97a4,SRC-HFNU-2024-ZC,primary_evidence,"{""row_key"":""商务英语"",""section"":""招生专业范围"",""table"":2,""url"":""https://zsb.hfnu.edu.cn/info/1003/2715.htm""}"
FACTSRC-1247caa8-0fc1-5164-961d-2635f2ac2834,major_eligibility,ELIG-16d7991b-655d-5ba6-9d70-b90555d5d1e3,SRC-HFNU-2024-ZC,primary_evidence,"{""row_key"":""经济统计学"",""section"":""招生专业范围"",""table"":2,""url"":""https://zsb.hfnu.edu.cn/info/1003/2715.htm""}"
FACTSRC-719f1631-c879-5568-9e52-55932a396d30,major_eligibility,ELIG-18ad736c-13fd-50e5-a35a-b5be5282ab9a,SRC-HFNU-2025-ZC,primary_evidence,"{""asset_id"":""ASSET-HFNU-2025-ZC-PDF"",""page"":4,""row_key"":""经济统计学"",""row_number"":19,""section"":""招生专业范围"",""table"":2}"
FACTSRC-80821e26-c92c-58c5-9e35-ee1ea7b0a836,major_eligibility,ELIG-1b4f66ca-889e-5bb9-bee4-2fc4ed84336c,SRC-HFNU-2025-ZC,primary_evidence,"{""asset_id"":""ASSET-HFNU-2025-ZC-PDF"",""page"":3,""row_key"":""网络与新媒体"",""row_number"":7,""section"":""招生专业范围"",""table"":2}"
FACTSRC-577a97f9-f3f7-5ff0-9c48-35fc307a54af,major_eligibility,ELIG-20194758-0645-5912-ac6b-d58d4eef6710,SRC-HFNU-2026-ZC,primary_evidence,"{""asset_id"":""ASSET-HFNU-2026-ZC-PDF"",""page"":3,""row_key"":""学前教育"",""row_number"":1,""section"":""招生专业范围"",""table"":2}"
FACTSRC-61b8a140-c803-58ef-be16-f3817d94c298,major_eligibility,ELIG-215a4e06-0bae-5cdf-8c3b-0b9132fe67ae,SRC-HFNU-2025-ZC,primary_evidence,"{""asset_id"":""ASSET-HFNU-2025-ZC-PDF"",""page"":4,""row_key"":""计算机科学与技术"",""row_number"":23,""section"":""招生专业范围"",""table"":2}"
FACTSRC-596bb8cf-0426-5487-b165-de88e9712317,major_eligibility,ELIG-222fdf40-1646-5267-acce-ff15e026f665,SRC-HFNU-2026-ZC,primary_evidence,"{""asset_id"":""ASSET-HFNU-2026-ZC-PDF"",""page"":4,""row_key"":""电气工程及其自动化"",""row_number"":21,""section"":""招生专业范围"",""table"":2}"
FACTSRC-1613a6e4-a3e8-5a61-a817-8012f0a838c1,major_eligibility,ELIG-243f70f5-870a-5d3a-b6f3-ed56e09820ff,SRC-HFNU-2025-ZC,primary_evidence,"{""asset_id"":""ASSET-HFNU-2025-ZC-PDF"",""page"":3,""row_key"":""财务管理"",""row_number"":4,""section"":""招生专业范围"",""table"":2}"
FACTSRC-866ddc70-d632-5828-8204-6664630f541f,major_eligibility,ELIG-2e6fe0bf-c702-540a-bd56-c56ae5e5bc41,SRC-HFNU-2026-ZC,primary_evidence,"{""asset_id"":""ASSET-HFNU-2026-ZC-PDF"",""page"":3,""row_key"":""动画"",""row_number"":9,""section"":""招生专业范围"",""table"":2}"
FACTSRC-32045623-d6ee-5428-aca3-32261ea7b70e,major_eligibility,ELIG-2f316433-3ea0-54c2-b5ce-9b65ba63d987,SRC-HFNU-2026-ZC,primary_evidence,"{""asset_id"":""ASSET-HFNU-2026-ZC-PDF"",""page"":4,""row_key"":""计算机科学与技术"",""row_number"":22,""section"":""招生专业范围"",""table"":2}"
FACTSRC-30cc533f-555d-5656-a214-27050c377f35,major_eligibility,ELIG-322419aa-4e87-5526-a1b5-10c859427964,SRC-HFNU-2026-ZC,primary_evidence,"{""asset_id"":""ASSET-HFNU-2026-ZC-PDF"",""page"":3,""row_key"":""互联网金融"",""row_number"":6,""section"":""招生专业范围"",""table"":2}"
FACTSRC-1d299f55-3c84-5aa8-a90c-021c56103c99,major_eligibility,ELIG-3227bd73-abb5-5555-83c4-8e557d3adc18,SRC-HFNU-2026-ZC,primary_evidence,"{""asset_id"":""ASSET-HFNU-2026-ZC-PDF"",""page"":3,""row_key"":""药物制剂"",""row_number"":15,""section"":""招生专业范围"",""table"":2}"
FACTSRC-8e0e5f81-eec0-5faf-b1a5-ce537c7c27c2,major_eligibility,ELIG-3654532b-7fc3-5925-bd21-efff5d3fa346,SRC-HFNU-2024-ZC,primary_evidence,"{""row_key"":""新能源材料与器件"",""section"":""招生专业范围"",""table"":2,""url"":""https://zsb.hfnu.edu.cn/info/1003/2715.htm""}"
FACTSRC-c58487df-eb3f-51ff-a365-3aabbd0c7ee9,major_eligibility,ELIG-36737316-681d-57f9-b425-f3e279fd5010,SRC-HFNU-2025-ZC,primary_evidence,"{""asset_id"":""ASSET-HFNU-2025-ZC-PDF"",""page"":4,""row_key"":""环境设计"",""row_number"":12,""section"":""招生专业范围"",""table"":2}"
FACTSRC-049f3b01-2075-5194-9c09-b0c494074f00,major_eligibility,ELIG-390d46d8-4bfd-5348-9b3f-878cd7720f5d,SRC-HFNU-2026-ZC,primary_evidence,"{""asset_id"":""ASSET-HFNU-2026-ZC-PDF"",""page"":3,""row_key"":""商务英语"",""row_number"":8,""section"":""招生专业范围"",""table"":2}"
FACTSRC-02f14857-6517-5a05-ae8a-566a39e3b67e,major_eligibility,ELIG-39143051-ee48-5756-9df6-250cea97e347,SRC-HFNU-2025-ZC,primary_evidence,"{""asset_id"":""ASSET-HFNU-2025-ZC-PDF"",""page"":4,""row_key"":""电气工程及其自动化"",""row_number"":22,""section"":""招生专业范围"",""table"":2}"
FACTSRC-8c36e92e-bf66-5800-8aed-f72ee4090b84,major_eligibility,ELIG-39f24799-134e-5080-866c-ee78963bdb11,SRC-HFNU-2025-ZC,primary_evidence,"{""asset_id"":""ASSET-HFNU-2025-ZC-PDF"",""page"":4,""row_key"":""运动康复"",""row_number"":14,""section"":""招生专业范围"",""table"":2}"
FACTSRC-6459a8cc-c281-531b-88e9-abadd2af68f6,major_eligibility,ELIG-445ef46f-37f9-5c19-9b56-dfc31400a44e,SRC-HFNU-2026-ZC,primary_evidence,"{""asset_id"":""ASSET-HFNU-2026-ZC-PDF"",""page"":4,""row_key"":""软件工程"",""row_number"":24,""section"":""招生专业范围"",""table"":2}"
FACTSRC-1bd38c72-0cf4-57a3-8cc4-43802c1877f6,major_eligibility,ELIG-48424ebc-9ac1-54da-9504-4623712bbcc0,SRC-HFNU-2024-ZC,primary_evidence,"{""row_key"":""动画"",""section"":""招生专业范围"",""table"":2,""url"":""https://zsb.hfnu.edu.cn/info/1003/2715.htm""}"
FACTSRC-a49c985d-83e7-53a7-9904-31c30412634a,major_eligibility,ELIG-484747fb-5666-5241-b0d9-31717b126a91,SRC-HFNU-2024-ZC,primary_evidence,"{""row_key"":""制药工程"",""section"":""招生专业范围"",""table"":2,""url"":""https://zsb.hfnu.edu.cn/info/1003/2715.htm""}"
FACTSRC-4ac667ef-98c0-5aba-9259-785b4a747117,major_eligibility,ELIG-4c53afd7-2ac7-59f1-bfc1-55f74d2fa03d,SRC-HFNU-2025-ZC,primary_evidence,"{""asset_id"":""ASSET-HFNU-2025-ZC-PDF"",""page"":3,""row_key"":""互联网金融"",""row_number"":6,""section"":""招生专业范围"",""table"":2}"
FACTSRC-2d564359-205e-5ed0-8cd6-07373dff7a52,major_eligibility,ELIG-4eedd813-6d62-5786-9b91-18d754be67e4,SRC-HFNU-2024-ZC,primary_evidence,"{""row_key"":""食品质量与安全"",""section"":""招生专业范围"",""table"":2,""url"":""https://zsb.hfnu.edu.cn/info/1003/2715.htm""}"
FACTSRC-82ed69a0-7084-5797-9ae5-40e603a3b948,major_eligibility,ELIG-53f7d850-a2dc-58de-895d-d8aecc09cce4,SRC-HFNU-2024-ZC,primary_evidence,"{""row_key"":""通信工程"",""section"":""招生专业范围"",""table"":2,""url"":""https://zsb.hfnu.edu.cn/info/1003/2715.htm""}"
FACTSRC-3b63b4ae-b528-5ee6-85a4-31ab89da9343,major_eligibility,ELIG-552d09ea-3871-5210-b7b2-350a1cc05121,SRC-HFNU-2024-ZC,primary_evidence,"{""row_key"":""软件工程"",""section"":""招生专业范围"",""table"":2,""url"":""https://zsb.hfnu.edu.cn/info/1003/2715.htm""}"
FACTSRC-8f663ee0-c98c-5d4e-8798-c8f352c0757a,major_eligibility,ELIG-56d1e09d-c229-5c7b-a345-aca0564b139b,SRC-HFNU-2025-ZC,primary_evidence,"{""asset_id"":""ASSET-HFNU-2025-ZC-PDF"",""page"":4,""row_key"":""电子信息工程"",""row_number"":20,""section"":""招生专业范围"",""table"":2}"
FACTSRC-5a78d760-94a3-5af5-a5f2-616ed4be0c58,major_eligibility,ELIG-5903f6a0-4106-52b0-9d84-8b1278f36eff,SRC-HFNU-2025-ZC,primary_evidence,"{""asset_id"":""ASSET-HFNU-2025-ZC-PDF"",""page"":4,""row_key"":""新能源材料与器件"",""row_number"":18,""section"":""招生专业范围"",""table"":2}"
FACTSRC-e0398a78-17e8-589e-9a7e-454ec2b74a15,major_eligibility,ELIG-5966f635-7f25-5982-bb90-16ff0b77e624,SRC-HFNU-2026-ZC,primary_evidence,"{""asset_id"":""ASSET-HFNU-2026-ZC-PDF"",""page"":4,""row_key"":""通信工程"",""row_number"":20,""section"":""招生专业范围"",""table"":2}"
FACTSRC-b5fad2a0-1a53-5227-becb-88079d380cf3,major_eligibility,ELIG-59fb983a-fd53-5fb7-be40-2dd969d26a48,SRC-HFNU-2025-ZC,primary_evidence,"{""asset_id"":""ASSET-HFNU-2025-ZC-PDF"",""page"":3,""row_key"":""动画"",""row_number"":9,""section"":""招生专业范围"",""table"":2}"
FACTSRC-dee4296d-abf2-5c8b-b360-630610b3ed1f,major_eligibility,ELIG-63d9ac6d-3300-52bb-ac01-a861568755f7,SRC-HFNU-2024-ZC,primary_evidence,"{""row_key"":""材料科学与工程"",""section"":""招生专业范围"",""table"":2,""url"":""https://zsb.hfnu.edu.cn/info/1003/2715.htm""}"
FACTSRC-19e11bba-ed5c-5d38-8562-74e71cc47818,major_eligibility,ELIG-67dbbd20-3fd6-5920-8e9e-8ccf673b7589,SRC-HFNU-2024-ZC,primary_evidence,"{""row_key"":""药物制剂"",""section"":""招生专业范围"",""table"":2,""url"":""https://zsb.hfnu.edu.cn/info/1003/2715.htm""}"
FACTSRC-fdd76a30-32cc-5952-88ef-ed126ae1c0f2,major_eligibility,ELIG-6d1a2697-ef56-591a-b9ee-2a2183627087,SRC-HFNU-2025-ZC,primary_evidence,"{""asset_id"":""ASSET-HFNU-2025-ZC-PDF"",""page"":4,""row_key"":""通信工程"",""row_number"":21,""section"":""招生专业范围"",""table"":2}"
FACTSRC-5e72c9bc-0d23-5ac1-9981-e49e95e3a282,major_eligibility,ELIG-6dd27dd2-a91d-5f19-bf50-c8627143726b,SRC-HFNU-2024-ZC,primary_evidence,"{""row_key"":""互联网金融"",""section"":""招生专业范围"",""table"":2,""url"":""https://zsb.hfnu.edu.cn/info/1003/2715.htm""}"
FACTSRC-73e14b15-2dc3-503e-b418-83ee8f9003b7,major_eligibility,ELIG-73ecc2d6-ea34-58ed-8cd9-96d4631d22e0,SRC-HFNU-2024-ZC,primary_evidence,"{""row_key"":""网络工程"",""section"":""招生专业范围"",""table"":2,""url"":""https://zsb.hfnu.edu.cn/info/1003/2715.htm""}"
FACTSRC-1207ef5a-7374-5607-be1b-4fe992b3113a,major_eligibility,ELIG-74e020ea-e418-5888-a939-04aa57a209c0,SRC-HFNU-2024-ZC,primary_evidence,"{""row_key"":""网络与新媒体"",""section"":""招生专业范围"",""table"":2,""url"":""https://zsb.hfnu.edu.cn/info/1003/2715.htm""}"
FACTSRC-2f1e8af4-5693-51bc-a638-2326704330c8,major_eligibility,ELIG-774adf1f-645a-54b1-83a6-5b79f3aa3ad5,SRC-HFNU-2026-ZC,primary_evidence,"{""asset_id"":""ASSET-HFNU-2026-ZC-PDF"",""page"":4,""row_key"":""新能源材料与器件"",""row_number"":17,""section"":""招生专业范围"",""table"":2}"
FACTSRC-bd41a828-88ee-5a8a-b11f-8338faf4fb5e,major_eligibility,ELIG-7791fc0c-5b97-54e1-81d9-d84e7b99f948,SRC-HFNU-2026-ZC,primary_evidence,"{""asset_id"":""ASSET-HFNU-2026-ZC-PDF"",""page"":3,""row_key"":""小学教育"",""row_number"":2,""section"":""招生专业范围"",""table"":2}"
FACTSRC-7eb894a7-f94b-5d5b-a97f-e9657727c844,major_eligibility,ELIG-7de84a07-c7b9-5d1e-9bdd-d197bafa3eca,SRC-HFNU-2025-ZC,primary_evidence,"{""asset_id"":""ASSET-HFNU-2025-ZC-PDF"",""page"":3,""row_key"":""学前教育"",""row_number"":1,""section"":""招生专业范围"",""table"":2}"
FACTSRC-e1845684-1ddd-5ff6-bba5-c57f6043df9c,major_eligibility,ELIG-838d03ea-7fe8-5f5b-8c33-bfa8d3a3e56b,SRC-HFNU-2024-ZC,primary_evidence,"{""row_key"":""生物制药"",""section"":""招生专业范围"",""table"":2,""url"":""https://zsb.hfnu.edu.cn/info/1003/2715.htm""}"
FACTSRC-0cc0c66f-0db6-527c-9d97-e5195e648e91,major_eligibility,ELIG-83b0f919-053d-5c43-b8e5-4d24ac6192f1,SRC-HFNU-2024-ZC,primary_evidence,"{""row_key"":""化学工程与工艺"",""section"":""招生专业范围"",""table"":2,""url"":""https://zsb.hfnu.edu.cn/info/1003/2715.htm""}"
FACTSRC-89e3850c-ede4-5646-af17-0e10cb03147c,major_eligibility,ELIG-85c9cb2a-1009-522a-b902-50960d66f5a7,SRC-HFNU-2024-ZC,primary_evidence,"{""row_key"":""视觉传达设计"",""section"":""招生专业范围"",""table"":2,""url"":""https://zsb.hfnu.edu.cn/info/1003/2715.htm""}"
FACTSRC-deb68078-9c13-55f7-9b8c-786c060ff776,major_eligibility,ELIG-8deb50f7-b58f-5dd7-9047-a07dd5d23ff9,SRC-HFNU-2026-ZC,primary_evidence,"{""asset_id"":""ASSET-HFNU-2026-ZC-PDF"",""page"":3,""row_key"":""视觉传达设计"",""row_number"":10,""section"":""招生专业范围"",""table"":2}"
FACTSRC-06f5b251-d704-5050-93a2-33ca294f6425,major_eligibility,ELIG-8edcb0fd-4827-56d4-b749-15e33c0271ee,SRC-HFNU-2026-ZC,primary_evidence,"{""asset_id"":""ASSET-HFNU-2026-ZC-PDF"",""page"":4,""row_key"":""网络工程"",""row_number"":23,""section"":""招生专业范围"",""table"":2}"
FACTSRC-57b5c49e-7daf-5c6e-9758-a58b3307eb3b,major_eligibility,ELIG-90f63b40-ea6f-544c-86d2-a54295105ef1,SRC-HFNU-2025-ZC,primary_evidence,"{""asset_id"":""ASSET-HFNU-2025-ZC-PDF"",""page"":3,""row_key"":""视觉传达设计"",""row_number"":10,""section"":""招生专业范围"",""table"":2}"
FACTSRC-83a59c2d-a380-50cb-9758-f60d4d0132a5,major_eligibility,ELIG-9b64e033-9adb-5f73-aa08-7056671e74b0,SRC-HFNU-2025-ZC,primary_evidence,"{""asset_id"":""ASSET-HFNU-2025-ZC-PDF"",""page"":4,""row_key"":""药物制剂"",""row_number"":15,""section"":""招生专业范围"",""table"":2}"
FACTSRC-309b8ede-2a84-5b96-9f3c-f8466a231a91,major_eligibility,ELIG-9b897277-c675-56df-992b-a84378391af2,SRC-HFNU-2024-ZC,primary_evidence,"{""row_key"":""电气工程及其自动化"",""section"":""招生专业范围"",""table"":2,""url"":""https://zsb.hfnu.edu.cn/info/1003/2715.htm""}"
FACTSRC-dc493287-7214-50ba-8371-491a265ad86b,major_eligibility,ELIG-9fc55e5a-6f63-51be-8745-100cb63276f1,SRC-HFNU-2024-ZC,primary_evidence,"{""row_key"":""人力资源管理"",""section"":""招生专业范围"",""table"":2,""url"":""https://zsb.hfnu.edu.cn/info/1003/2715.htm""}"
FACTSRC-31daf17a-b95a-5b27-8748-dae7d4bbcc8b,major_eligibility,ELIG-a27ad3b4-a3af-5ae3-8975-ac1dda43d30e,SRC-HFNU-2025-ZC,primary_evidence,"{""asset_id"":""ASSET-HFNU-2025-ZC-PDF"",""page"":3,""row_key"":""市场营销"",""row_number"":5,""section"":""招生专业范围"",""table"":2}"
FACTSRC-5f3a2192-e5d1-51fa-834c-22d1b4647f53,major_eligibility,ELIG-a5ce7724-6fac-55a2-9141-79d5ba869622,SRC-HFNU-2026-ZC,primary_evidence,"{""asset_id"":""ASSET-HFNU-2026-ZC-PDF"",""page"":3,""row_key"":""运动康复"",""row_number"":14,""section"":""招生专业范围"",""table"":2}"
FACTSRC-dd8d1705-518a-5fb0-965f-b91998771d4c,major_eligibility,ELIG-a5fffc92-f135-51bc-bc8a-3094f0c6c5d7,SRC-HFNU-2026-ZC,primary_evidence,"{""asset_id"":""ASSET-HFNU-2026-ZC-PDF"",""page"":3,""row_key"":""服装与服饰设计"",""row_number"":11,""section"":""招生专业范围"",""table"":2}"
FACTSRC-fae72bc8-0206-57c2-939d-808d38661ef4,major_eligibility,ELIG-a6a33a69-d640-5221-8bd7-ff5efa112e4e,SRC-HFNU-2025-ZC,primary_evidence,"{""asset_id"":""ASSET-HFNU-2025-ZC-PDF"",""page"":3,""row_key"":""服装与服饰设计"",""row_number"":11,""section"":""招生专业范围"",""table"":2}"
FACTSRC-bd287ea8-545f-5500-8766-4c7d8b50ef05,major_eligibility,ELIG-aa6aefc8-b4bc-57cb-845d-cde768bb510d,SRC-HFNU-2026-ZC,primary_evidence,"{""asset_id"":""ASSET-HFNU-2026-ZC-PDF"",""page"":3,""row_key"":""市场营销"",""row_number"":5,""section"":""招生专业范围"",""table"":2}"
FACTSRC-b8029863-9ff7-5953-86c6-aabd91db4028,major_eligibility,ELIG-ac3697a1-c2b7-5453-b0af-01188bd61b7a,SRC-HFNU-2025-ZC,primary_evidence,"{""asset_id"":""ASSET-HFNU-2025-ZC-PDF"",""page"":3,""row_key"":""人力资源管理"",""row_number"":3,""section"":""招生专业范围"",""table"":2}"
FACTSRC-992f8fcd-a556-5e46-8489-a1cd08fce9c6,major_eligibility,ELIG-aeb50744-670e-5a5d-8931-8c00ccc884ac,SRC-HFNU-2026-ZC,primary_evidence,"{""asset_id"":""ASSET-HFNU-2026-ZC-PDF"",""page"":4,""row_key"":""食品质量与安全"",""row_number"":26,""section"":""招生专业范围"",""table"":2}"
FACTSRC-9a07e62d-7744-5d7c-839a-db0e092fa4f0,major_eligibility,ELIG-afa159d3-3518-5bee-ae74-14499ae8642a,SRC-HFNU-2026-ZC,primary_evidence,"{""asset_id"":""ASSET-HFNU-2026-ZC-PDF"",""page"":3,""row_key"":""网络与新媒体"",""row_number"":7,""section"":""招生专业范围"",""table"":2}"
FACTSRC-6951b434-ef62-5a93-bd71-69f1bc872de5,major_eligibility,ELIG-b31fbf24-6440-5a3f-97e2-175969ba2896,SRC-HFNU-2026-ZC,primary_evidence,"{""asset_id"":""ASSET-HFNU-2026-ZC-PDF"",""page"":4,""row_key"":""电子信息工程"",""row_number"":19,""section"":""招生专业范围"",""table"":2}"
FACTSRC-8bd64a40-5ac2-54c7-bd0b-83db4a988eb5,major_eligibility,ELIG-b5c5f8aa-5d4c-5188-919a-ecd551dea6db,SRC-HFNU-2025-ZC,primary_evidence,"{""asset_id"":""ASSET-HFNU-2025-ZC-PDF"",""page"":4,""row_key"":""生物制药"",""row_number"":27,""section"":""招生专业范围"",""table"":2}"
FACTSRC-88f5c349-2b17-55b9-80a8-a7307e3a257f,major_eligibility,ELIG-b6175751-29f6-5ecc-8cc7-3929347e3ca0,SRC-HFNU-2024-ZC,primary_evidence,"{""row_key"":""电子信息工程"",""section"":""招生专业范围"",""table"":2,""url"":""https://zsb.hfnu.edu.cn/info/1003/2715.htm""}"
FACTSRC-32a55a84-0766-5316-be8d-7a8a5c47b9ea,major_eligibility,ELIG-b711c7e0-8fba-588a-899c-42eb3bcac175,SRC-HFNU-2026-ZC,primary_evidence,"{""asset_id"":""ASSET-HFNU-2026-ZC-PDF"",""page"":3,""row_key"":""化学工程与工艺"",""row_number"":16,""section"":""招生专业范围"",""table"":2}"
FACTSRC-079616aa-f44c-5969-a9be-b57ebb2aff24,major_eligibility,ELIG-b75fd28e-24d8-532b-8b09-a3609eb221ca,SRC-HFNU-2025-ZC,primary_evidence,"{""asset_id"":""ASSET-HFNU-2025-ZC-PDF"",""page"":4,""row_key"":""数据科学与大数据技术"",""row_number"":25,""section"":""招生专业范围"",""table"":2}"
FACTSRC-ca188b0f-a7e8-5de0-b8b1-4d8b8b52f30c,major_eligibility,ELIG-b7e2ad61-8b7a-5918-aa95-115db2d60792,SRC-HFNU-2025-ZC,primary_evidence,"{""asset_id"":""ASSET-HFNU-2025-ZC-PDF"",""page"":3,""row_key"":""小学教育"",""row_number"":2,""section"":""招生专业范围"",""table"":2}"
FACTSRC-150215bf-4c62-5189-b6dc-b63bc3238a9b,major_eligibility,ELIG-b8b6cf20-1480-50c8-bad9-9bd998cd1e51,SRC-HFNU-2024-ZC,primary_evidence,"{""row_key"":""数据科学与大数据技术"",""section"":""招生专业范围"",""table"":2,""url"":""https://zsb.hfnu.edu.cn/info/1003/2715.htm""}"
FACTSRC-a5603ef5-0a26-57f7-b1be-617954fedcb5,major_eligibility,ELIG-c4d328a6-565d-5ccc-9a45-9e6a7e2fd50b,SRC-HFNU-2024-ZC,primary_evidence,"{""row_key"":""运动康复"",""section"":""招生专业范围"",""table"":2,""url"":""https://zsb.hfnu.edu.cn/info/1003/2715.htm""}"
FACTSRC-42904c42-cfba-5031-a059-08ddfdfcf314,major_eligibility,ELIG-c5784ac7-f98a-5d09-a07a-1b141871f41a,SRC-HFNU-2025-ZC,primary_evidence,"{""asset_id"":""ASSET-HFNU-2025-ZC-PDF"",""page"":4,""row_key"":""制药工程"",""row_number"":16,""section"":""招生专业范围"",""table"":2}"
FACTSRC-1b7f78c2-a86b-51c4-b0d4-1cf529b07a30,major_eligibility,ELIG-ca0eebe5-47c6-52ae-8210-24185db309ae,SRC-HFNU-2026-ZC,primary_evidence,"{""asset_id"":""ASSET-HFNU-2026-ZC-PDF"",""page"":3,""row_key"":""音乐学"",""row_number"":13,""section"":""招生专业范围"",""table"":2}"
FACTSRC-a323b8ac-04da-5f5c-a896-7027559a5abc,major_eligibility,ELIG-cb7e373c-d112-5c75-9d29-11a2bc560b3c,SRC-HFNU-2026-ZC,primary_evidence,"{""asset_id"":""ASSET-HFNU-2026-ZC-PDF"",""page"":4,""row_key"":""经济统计学"",""row_number"":18,""section"":""招生专业范围"",""table"":2}"
FACTSRC-2b710941-5fe3-56f6-8071-d040a6ce875c,major_eligibility,ELIG-d55eb4b2-9ba4-532b-b18c-55a757d6683e,SRC-HFNU-2025-ZC,primary_evidence,"{""asset_id"":""ASSET-HFNU-2025-ZC-PDF"",""page"":4,""row_key"":""音乐学"",""row_number"":13,""section"":""招生专业范围"",""table"":2}"
FACTSRC-f1637cfe-adcc-5f44-b0f1-964d4d57f43d,major_eligibility,ELIG-d75f2321-92ec-594c-afcf-3b28d2081151,SRC-HFNU-2026-ZC,primary_evidence,"{""asset_id"":""ASSET-HFNU-2026-ZC-PDF"",""page"":3,""row_key"":""人力资源管理"",""row_number"":3,""section"":""招生专业范围"",""table"":2}"
FACTSRC-04d64552-48ef-5657-93fb-4717eaca96bf,major_eligibility,ELIG-ddb7b494-1815-57b4-a98d-5aaf7140dd6d,SRC-HFNU-2025-ZC,primary_evidence,"{""asset_id"":""ASSET-HFNU-2025-ZC-PDF"",""page"":4,""row_key"":""食品质量与安全"",""row_number"":28,""section"":""招生专业范围"",""table"":2}"
FACTSRC-73b57e58-01d2-5a91-915d-7172c65b9fc3,major_eligibility,ELIG-dedce4de-7757-51e3-b316-a7d17978d8cb,SRC-HFNU-2025-ZC,primary_evidence,"{""asset_id"":""ASSET-HFNU-2025-ZC-PDF"",""page"":4,""row_key"":""软件工程"",""row_number"":26,""section"":""招生专业范围"",""table"":2}"
FACTSRC-a778fd22-5c2d-5369-9c7d-b732e08d23f1,major_eligibility,ELIG-e05be0a9-84f9-5374-bca2-d4230aadd622,SRC-HFNU-2025-ZC,primary_evidence,"{""asset_id"":""ASSET-HFNU-2025-ZC-PDF"",""page"":3,""row_key"":""商务英语"",""row_number"":8,""section"":""招生专业范围"",""table"":2}"
FACTSRC-6eeba1bf-db9e-5c31-b596-0872568f31b8,major_eligibility,ELIG-e3860e11-52e3-57db-ad49-0515c35bbd92,SRC-HFNU-2024-ZC,primary_evidence,"{""row_key"":""环境设计"",""section"":""招生专业范围"",""table"":2,""url"":""https://zsb.hfnu.edu.cn/info/1003/2715.htm""}"
FACTSRC-3dd207e6-1677-500a-a8d4-b08bce9782f3,major_eligibility,ELIG-e3a2bc7f-2ea2-5c79-b2c0-829e85d1bd14,SRC-HFNU-2026-ZC,primary_evidence,"{""asset_id"":""ASSET-HFNU-2026-ZC-PDF"",""page"":4,""row_key"":""生物制药"",""row_number"":25,""section"":""招生专业范围"",""table"":2}"
FACTSRC-18a1d0fd-f944-5200-a9c9-61810f8f89ee,major_eligibility,ELIG-e72e94f1-8f8b-5fb5-9812-43f189881549,SRC-HFNU-2025-ZC,primary_evidence,"{""asset_id"":""ASSET-HFNU-2025-ZC-PDF"",""page"":4,""row_key"":""网络工程"",""row_number"":24,""section"":""招生专业范围"",""table"":2}"
FACTSRC-be7b7e50-e19a-5f73-adec-56a6e3290002,major_eligibility,ELIG-ed733c55-c024-599e-a153-7cf573d8be4e,SRC-HFNU-2024-ZC,primary_evidence,"{""row_key"":""小学教育"",""section"":""招生专业范围"",""table"":2,""url"":""https://zsb.hfnu.edu.cn/info/1003/2715.htm""}"
FACTSRC-0ed06372-1716-5bc9-8398-e1f2b31ca22b,major_eligibility,ELIG-f5b0432b-4cba-51ea-ae17-f7f2d53ddd3e,SRC-HFNU-2026-ZC,primary_evidence,"{""asset_id"":""ASSET-HFNU-2026-ZC-PDF"",""page"":3,""row_key"":""环境设计"",""row_number"":12,""section"":""招生专业范围"",""table"":2}"
FACTSRC-2d5283ff-2d43-5193-aa34-25a425903d5b,major_eligibility,ELIG-f74dc1c0-3e5f-519f-a00d-994836d81a20,SRC-HFNU-2026-ZC,primary_evidence,"{""asset_id"":""ASSET-HFNU-2026-ZC-PDF"",""page"":3,""row_key"":""财务管理"",""row_number"":4,""section"":""招生专业范围"",""table"":2}"
FACTSRC-bde28224-88b6-5030-a6fd-cb8d62216946,major_eligibility,ELIG-f8e6e234-b841-5abd-a783-17273ead6dc6,SRC-HFNU-2025-ZC,primary_evidence,"{""asset_id"":""ASSET-HFNU-2025-ZC-PDF"",""page"":4,""row_key"":""化学工程与工艺"",""row_number"":17,""section"":""招生专业范围"",""table"":2}"
FACTSRC-a4df8e90-2762-5ccb-882a-f208e74024e9,major_eligibility,ELIG-fd223d1f-add8-5b34-876d-95f5f78abd68,SRC-HFNU-2024-ZC,primary_evidence,"{""row_key"":""财务管理"",""section"":""招生专业范围"",""table"":2,""url"":""https://zsb.hfnu.edu.cn/info/1003/2715.htm""}"
FACTSRC-02fc5982-509e-569d-88a1-becca6848427,major_eligibility,ELIG-ff429925-67f3-5bf1-bd31-66c5c9025ed8,SRC-HFNU-2024-ZC,primary_evidence,"{""row_key"":""计算机科学与技术"",""section"":""招生专业范围"",""table"":2,""url"":""https://zsb.hfnu.edu.cn/info/1003/2715.htm""}"
FACTSRC-3ad755c4-c59e-588a-a163-27ce9ecbc09a,program_offerings,OFF-02b45d53-3476-53d0-b88a-b74856070dea,SRC-HFNU-2024-ZC,primary_evidence,"{""row_key"":""通信工程"",""section"":""招生专业计划"",""table"":1,""url"":""https://zsb.hfnu.edu.cn/info/1003/2715.htm""}"
FACTSRC-5637d370-78ec-5514-b1b7-33416a668d97,program_offerings,OFF-04f85e7e-af42-5407-8a0e-a693acff2204,SRC-HFNU-2025-ZC,primary_evidence,"{""asset_id"":""ASSET-HFNU-2025-ZC-PDF"",""page"":1,""row_key"":""生物制药"",""section"":""招生专业计划""}"
FACTSRC-3b34d6da-8395-5969-af5a-15c6891272b4,program_offerings,OFF-0788d4dc-8e36-5757-99fc-ab9c330165df,SRC-HFNU-2025-ZC,primary_evidence,"{""asset_id"":""ASSET-HFNU-2025-ZC-PDF"",""page"":2,""row_key"":""运动康复"",""section"":""招生专业计划""}"
FACTSRC-6d00d90f-a1f7-56d8-8b11-173fa724a025,program_offerings,OFF-09dac911-ccf0-5ae1-8365-5aaf4d660be4,SRC-HFNU-2026-ZC,primary_evidence,"{""asset_id"":""ASSET-HFNU-2026-ZC-PDF"",""page"":1,""row_key"":""视觉传达设计"",""section"":""招生专业计划""}"
FACTSRC-9dbfe5d9-fe40-5e10-ba3b-62e60b695312,program_offerings,OFF-0bb45844-6c2e-5bfd-93c5-0652eb596a10,SRC-HFNU-2025-ZC,primary_evidence,"{""asset_id"":""ASSET-HFNU-2025-ZC-PDF"",""page"":2,""row_key"":""计算机科学与技术"",""section"":""招生专业计划""}"
FACTSRC-70ec65cb-71b7-5d52-b676-211cd2489abb,program_offerings,OFF-0cea55c4-0162-5c49-adf4-b170df56aca6,SRC-HFNU-2024-ZC,primary_evidence,"{""row_key"":""学前教育"",""section"":""招生专业计划"",""table"":1,""url"":""https://zsb.hfnu.edu.cn/info/1003/2715.htm""}"
FACTSRC-fa4bf94e-c2c1-5f43-a825-564920d5bdb5,program_offerings,OFF-0f51ed51-145c-57bd-916a-08d750831d2a,SRC-HFNU-2026-ZC,primary_evidence,"{""asset_id"":""ASSET-HFNU-2026-ZC-PDF"",""page"":1,""row_key"":""经济统计学"",""section"":""招生专业计划""}"
FACTSRC-96ef4b58-24c4-52f6-802b-c5f3dce2d017,program_offerings,OFF-10da287f-721c-591b-84f9-c024dfba0526,SRC-HFNU-2025-ZC,primary_evidence,"{""asset_id"":""ASSET-HFNU-2025-ZC-PDF"",""page"":1,""row_key"":""市场营销"",""section"":""招生专业计划""}"
FACTSRC-88d54835-0dc8-55f2-ba84-e97f5e5c3624,program_offerings,OFF-151e9b32-64e0-53e7-b0e5-503daa63c802,SRC-HFNU-2026-ZC,primary_evidence,"{""asset_id"":""ASSET-HFNU-2026-ZC-PDF"",""page"":1,""row_key"":""电子信息工程"",""section"":""招生专业计划""}"
FACTSRC-30058c84-2e85-5595-b9be-82912faf9805,program_offerings,OFF-18610e45-1bdf-590a-adf8-bb006b55a447,SRC-HFNU-2025-ZC,primary_evidence,"{""asset_id"":""ASSET-HFNU-2025-ZC-PDF"",""page"":1,""row_key"":""软件工程"",""section"":""招生专业计划""}"
FACTSRC-881ce718-86be-540f-9952-b655a99d02fc,program_offerings,OFF-18879191-3702-5d84-a8e3-8286c8faaeb2,SRC-HFNU-2026-ZC,primary_evidence,"{""asset_id"":""ASSET-HFNU-2026-ZC-PDF"",""page"":2,""row_key"":""电气工程及其自动化"",""section"":""招生专业计划""}"
FACTSRC-a0987006-2985-5099-b762-606752819023,program_offerings,OFF-19b89cef-9ee2-5b13-8029-ec7d83c2e38b,SRC-HFNU-2024-ZC,primary_evidence,"{""row_key"":""化学工程与工艺"",""section"":""招生专业计划"",""table"":1,""url"":""https://zsb.hfnu.edu.cn/info/1003/2715.htm""}"
FACTSRC-0f2a3499-cbc9-5394-99c8-19f5e3a9c300,program_offerings,OFF-227f8508-ec1f-5fc5-b9b6-43ba177e5400,SRC-HFNU-2024-ZC,primary_evidence,"{""row_key"":""人力资源管理"",""section"":""招生专业计划"",""table"":1,""url"":""https://zsb.hfnu.edu.cn/info/1003/2715.htm""}"
FACTSRC-8d5cd607-3de5-57ac-994c-4d58716c8abd,program_offerings,OFF-249190d6-2a57-548d-80ee-85bb19eaeffb,SRC-HFNU-2025-ZC,primary_evidence,"{""asset_id"":""ASSET-HFNU-2025-ZC-PDF"",""page"":1,""row_key"":""药物制剂"",""section"":""招生专业计划""}"
FACTSRC-c9d41794-42d4-56ef-aea1-0bfae606592f,program_offerings,OFF-2670da63-525d-5269-bfda-680ffd7c43df,SRC-HFNU-2025-ZC,primary_evidence,"{""asset_id"":""ASSET-HFNU-2025-ZC-PDF"",""page"":2,""row_key"":""小学教育"",""section"":""招生专业计划""}"
FACTSRC-f81bf9b8-8f92-596f-8295-f3ad70e4ae97,program_offerings,OFF-35f943d4-6b54-5577-a554-11fe0e9010a1,SRC-HFNU-2026-ZC,primary_evidence,"{""asset_id"":""ASSET-HFNU-2026-ZC-PDF"",""page"":1,""row_key"":""通信工程"",""section"":""招生专业计划""}"
FACTSRC-9ac240d5-4f60-53dc-b02a-a411bdd7c6d6,program_offerings,OFF-36968f67-2082-553e-8754-6252767775ce,SRC-HFNU-2026-ZC,primary_evidence,"{""asset_id"":""ASSET-HFNU-2026-ZC-PDF"",""page"":1,""row_key"":""化学工程与工艺"",""section"":""招生专业计划""}"
FACTSRC-d77faa66-571b-50ec-9511-eb59b9f5ea62,program_offerings,OFF-39654e83-9c6e-5ee9-9adf-6ee13330c87e,SRC-HFNU-2026-ZC,primary_evidence,"{""asset_id"":""ASSET-HFNU-2026-ZC-PDF"",""page"":2,""row_key"":""食品质量与安全"",""section"":""招生专业计划""}"
FACTSRC-79122892-a1d3-53f3-a7a2-3bec62192fcf,program_offerings,OFF-3999de16-3537-573e-9704-e82f3cb0409f,SRC-HFNU-2024-ZC,primary_evidence,"{""row_key"":""互联网金融"",""section"":""招生专业计划"",""table"":1,""url"":""https://zsb.hfnu.edu.cn/info/1003/2715.htm""}"
FACTSRC-b2547cfe-528e-5182-b7ba-d8e67dafd43e,program_offerings,OFF-3ccce3a7-5b44-54d1-893d-9f9bda87a0ad,SRC-HFNU-2025-ZC,primary_evidence,"{""asset_id"":""ASSET-HFNU-2025-ZC-PDF"",""page"":2,""row_key"":""网络工程"",""section"":""招生专业计划""}"
FACTSRC-27ed9ded-ebad-5856-88a0-dd43399c0d20,program_offerings,OFF-43881998-59b5-5099-8b34-4886838b1331,SRC-HFNU-2024-ZC,primary_evidence,"{""row_key"":""视觉传达设计"",""section"":""招生专业计划"",""table"":1,""url"":""https://zsb.hfnu.edu.cn/info/1003/2715.htm""}"
FACTSRC-4fafb1d9-a879-5f62-be1b-02bb333136aa,program_offerings,OFF-45d1327c-80ea-5ca8-8b10-462eb5251e9b,SRC-HFNU-2025-ZC,primary_evidence,"{""asset_id"":""ASSET-HFNU-2025-ZC-PDF"",""page"":2,""row_key"":""网络工程"",""section"":""招生专业计划""}"
FACTSRC-259562d9-5fc0-5894-b924-f3785ab19c9f,program_offerings,OFF-466442ff-30db-54dc-838c-f7fca01e0584,SRC-HFNU-2024-ZC,primary_evidence,"{""row_key"":""动画"",""section"":""招生专业计划"",""table"":1,""url"":""https://zsb.hfnu.edu.cn/info/1003/2715.htm""}"
FACTSRC-01048bd3-9b8e-5634-b8bd-8c669ef1ecbe,program_offerings,OFF-4812c188-85b3-520b-ad45-6cb879dea86f,SRC-HFNU-2026-ZC,primary_evidence,"{""asset_id"":""ASSET-HFNU-2026-ZC-PDF"",""page"":1,""row_key"":""市场营销"",""section"":""招生专业计划""}"
FACTSRC-88ecb20d-e3ac-562b-b456-2c7e3d96d19b,program_offerings,OFF-4da1d572-b70e-54bf-9990-5eed30613bca,SRC-HFNU-2026-ZC,primary_evidence,"{""asset_id"":""ASSET-HFNU-2026-ZC-PDF"",""page"":1,""row_key"":""动画"",""section"":""招生专业计划""}"
FACTSRC-3823363c-91b3-522a-b041-9461f6c1cdf7,program_offerings,OFF-4dca2114-009e-5ec0-a9ff-8fd097745fad,SRC-HFNU-2026-ZC,primary_evidence,"{""asset_id"":""ASSET-HFNU-2026-ZC-PDF"",""page"":1,""row_key"":""音乐学"",""section"":""招生专业计划""}"
FACTSRC-52f92840-205a-56e1-bdb0-03407b890c16,program_offerings,OFF-5155a81e-6102-5953-907c-d22bbb779ceb,SRC-HFNU-2025-ZC,primary_evidence,"{""asset_id"":""ASSET-HFNU-2025-ZC-PDF"",""page"":2,""row_key"":""财务管理"",""section"":""招生专业计划""}"
FACTSRC-833ab78f-7a72-5462-b9bf-02f2cdc6cd94,program_offerings,OFF-526bb7a2-7cbb-5542-a51a-9e6a4caa60d0,SRC-HFNU-2024-ZC,primary_evidence,"{""row_key"":""计算机科学与技术"",""section"":""招生专业计划"",""table"":1,""url"":""https://zsb.hfnu.edu.cn/info/1003/2715.htm""}"
FACTSRC-ba4e6f2b-18c7-5d89-870c-ca73c1fa712d,program_offerings,OFF-55269db6-f19f-5372-a38c-6ae31eebe98b,SRC-HFNU-2025-ZC,primary_evidence,"{""asset_id"":""ASSET-HFNU-2025-ZC-PDF"",""page"":1,""row_key"":""网络与新媒体"",""section"":""招生专业计划""}"
FACTSRC-93a9d78c-8714-54a6-8992-dfa925aabf4a,program_offerings,OFF-5532447a-b352-52ad-b96f-6d25f7a71506,SRC-HFNU-2026-ZC,primary_evidence,"{""asset_id"":""ASSET-HFNU-2026-ZC-PDF"",""page"":1,""row_key"":""药物制剂"",""section"":""招生专业计划""}"
FACTSRC-7fde17cf-5a51-5b4e-88c9-8d38e12d9853,program_offerings,OFF-55f04809-af03-5402-920f-2356cf993aac,SRC-HFNU-2026-ZC,primary_evidence,"{""asset_id"":""ASSET-HFNU-2026-ZC-PDF"",""page"":1,""row_key"":""互联网金融"",""section"":""招生专业计划""}"
FACTSRC-1aece049-1e78-558d-8aa4-86145787f3fc,program_offerings,OFF-5c47fd31-3b5d-5286-940d-97de923e61ff,SRC-HFNU-2026-ZC,primary_evidence,"{""asset_id"":""ASSET-HFNU-2026-ZC-PDF"",""page"":2,""row_key"":""计算机科学与技术"",""section"":""招生专业计划""}"
FACTSRC-892e3384-b17b-526b-92f3-369597cd3e5d,program_offerings,OFF-5ec7e8f4-ac71-5dd2-93b5-4fc4e62b163a,SRC-HFNU-2025-ZC,primary_evidence,"{""asset_id"":""ASSET-HFNU-2025-ZC-PDF"",""page"":2,""row_key"":""环境设计"",""section"":""招生专业计划""}"
FACTSRC-64a4b9d8-29e7-583b-946b-1c8a27c36a55,program_offerings,OFF-68a7c64f-fe94-5123-a3db-c94792c44787,SRC-HFNU-2024-ZC,primary_evidence,"{""row_key"":""软件工程"",""section"":""招生专业计划"",""table"":1,""url"":""https://zsb.hfnu.edu.cn/info/1003/2715.htm""}"
FACTSRC-3ce90057-7fe0-5a3e-a99d-d0eb485e08f9,program_offerings,OFF-68ee766e-a958-5e4d-908d-864ee94290aa,SRC-HFNU-2024-ZC,primary_evidence,"{""row_key"":""药物制剂"",""section"":""招生专业计划"",""table"":1,""url"":""https://zsb.hfnu.edu.cn/info/1003/2715.htm""}"
FACTSRC-b8b4d983-5454-5dbd-a7e0-e49765f86525,program_offerings,OFF-69e46ff6-0cb7-5333-8024-1be76ba32d9e,SRC-HFNU-2024-ZC,primary_evidence,"{""row_key"":""新能源材料与器件"",""section"":""招生专业计划"",""table"":1,""url"":""https://zsb.hfnu.edu.cn/info/1003/2715.htm""}"
FACTSRC-d76f7aea-d12b-55e0-8b6d-9b1983e54dbc,program_offerings,OFF-6c4195f9-eb3b-5a10-81b8-a94abecd140f,SRC-HFNU-2026-ZC,primary_evidence,"{""asset_id"":""ASSET-HFNU-2026-ZC-PDF"",""page"":1,""row_key"":""生物制药"",""section"":""招生专业计划""}"
FACTSRC-d269acdd-2f0b-5a73-a8cf-127339d9c689,program_offerings,OFF-6ea19789-72a7-5a48-aeaa-57ccaa31b7c1,SRC-HFNU-2024-ZC,primary_evidence,"{""row_key"":""服装与服饰设计"",""section"":""招生专业计划"",""table"":1,""url"":""https://zsb.hfnu.edu.cn/info/1003/2715.htm""}"
FACTSRC-0733eaea-ee6a-53bd-b3d7-ede82b8fc9ec,program_offerings,OFF-70426cfa-cb5f-5ebf-9cec-47bff666b8a6,SRC-HFNU-2025-ZC,primary_evidence,"{""asset_id"":""ASSET-HFNU-2025-ZC-PDF"",""page"":2,""row_key"":""制药工程"",""section"":""招生专业计划""}"
FACTSRC-7d66f137-f7c0-555c-a9bd-c54653577995,program_offerings,OFF-705c408c-f84f-5fb3-88cb-1e1c6bcb8639,SRC-HFNU-2025-ZC,primary_evidence,"{""asset_id"":""ASSET-HFNU-2025-ZC-PDF"",""page"":2,""row_key"":""食品质量与安全"",""section"":""招生专业计划""}"
FACTSRC-20a2e775-c425-5452-9958-4447045e59cb,program_offerings,OFF-7287c027-0d00-5e01-b7fa-a178b4115993,SRC-HFNU-2025-ZC,primary_evidence,"{""asset_id"":""ASSET-HFNU-2025-ZC-PDF"",""page"":1,""row_key"":""商务英语"",""section"":""招生专业计划""}"
FACTSRC-e05a3f0e-eedb-5cca-9e87-0c0f0679470d,program_offerings,OFF-73444fc2-6c3c-55cc-ba0f-e19ab7460a72,SRC-HFNU-2024-ZC,primary_evidence,"{""row_key"":""材料科学与工程"",""section"":""招生专业计划"",""table"":1,""url"":""https://zsb.hfnu.edu.cn/info/1003/2715.htm""}"
FACTSRC-a129a815-9d61-526d-b762-21a1fdbd78b7,program_offerings,OFF-78a74943-64de-553c-b84a-6945a440d026,SRC-HFNU-2025-ZC,primary_evidence,"{""asset_id"":""ASSET-HFNU-2025-ZC-PDF"",""page"":1,""row_key"":""通信工程"",""section"":""招生专业计划""}"
FACTSRC-8eacf660-c3a4-5a5b-91e6-9054b524ffc6,program_offerings,OFF-7918aed3-8a9b-5618-ab5a-9eb8a382781b,SRC-HFNU-2024-ZC,primary_evidence,"{""row_key"":""电气工程及其自动化"",""section"":""招生专业计划"",""table"":1,""url"":""https://zsb.hfnu.edu.cn/info/1003/2715.htm""}"
FACTSRC-9c928256-9fe9-560b-80aa-a8614b32d06e,program_offerings,OFF-7c49d94d-dcf1-5297-938c-f78353bf9dbe,SRC-HFNU-2026-ZC,primary_evidence,"{""asset_id"":""ASSET-HFNU-2026-ZC-PDF"",""page"":1,""row_key"":""服装与服饰设计"",""section"":""招生专业计划""}"
FACTSRC-2773d965-9631-5d97-afaa-fb59a8ee42ee,program_offerings,OFF-8153285e-8b08-59c0-95da-4b14770854e4,SRC-HFNU-2024-ZC,primary_evidence,"{""row_key"":""制药工程"",""section"":""招生专业计划"",""table"":1,""url"":""https://zsb.hfnu.edu.cn/info/1003/2715.htm""}"
FACTSRC-84471518-c661-506d-b016-74becd7ace8b,program_offerings,OFF-89dca1c2-dc14-5f81-85c6-c52e75766c57,SRC-HFNU-2026-ZC,primary_evidence,"{""asset_id"":""ASSET-HFNU-2026-ZC-PDF"",""page"":1,""row_key"":""网络与新媒体"",""section"":""招生专业计划""}"
FACTSRC-13126bc2-78fb-58f2-9f49-0a773c27f45c,program_offerings,OFF-8c6b080e-243d-5459-9ef3-449fbb1c6365,SRC-HFNU-2026-ZC,primary_evidence,"{""asset_id"":""ASSET-HFNU-2026-ZC-PDF"",""page"":2,""row_key"":""电气工程及其自动化"",""section"":""招生专业计划""}"
FACTSRC-6f815fb6-16e2-5b04-a1c2-2067869a5dee,program_offerings,OFF-981c401f-94da-52b7-87f2-ed006b1e9651,SRC-HFNU-2025-ZC,primary_evidence,"{""asset_id"":""ASSET-HFNU-2025-ZC-PDF"",""page"":1,""row_key"":""经济统计学"",""section"":""招生专业计划""}"
FACTSRC-d5c45be9-680a-595f-bf24-1b8921062cff,program_offerings,OFF-9ede7d69-d5cc-5ccb-8967-b105266703a9,SRC-HFNU-2024-ZC,primary_evidence,"{""row_key"":""小学教育"",""section"":""招生专业计划"",""table"":1,""url"":""https://zsb.hfnu.edu.cn/info/1003/2715.htm""}"
FACTSRC-c905f970-5613-5dd6-aeaf-687b9a737159,program_offerings,OFF-a02655f6-3bc4-5d92-b4ff-839b057ccd76,SRC-HFNU-2024-ZC,primary_evidence,"{""row_key"":""网络工程"",""section"":""招生专业计划"",""table"":1,""url"":""https://zsb.hfnu.edu.cn/info/1003/2715.htm""}"
FACTSRC-15300df4-3719-5df7-8fa0-dc395d91714d,program_offerings,OFF-a0a75204-65b8-5059-921f-1534ddbde620,SRC-HFNU-2026-ZC,primary_evidence,"{""asset_id"":""ASSET-HFNU-2026-ZC-PDF"",""page"":1,""row_key"":""学前教育"",""section"":""招生专业计划""}"
FACTSRC-b5dfbd5b-0a67-5d31-906d-6505aadce4b1,program_offerings,OFF-a16f69bd-4821-507f-b34c-12e9fe334e0e,SRC-HFNU-2024-ZC,primary_evidence,"{""row_key"":""经济统计学"",""section"":""招生专业计划"",""table"":1,""url"":""https://zsb.hfnu.edu.cn/info/1003/2715.htm""}"
FACTSRC-632dfc1a-3bf3-56b3-b718-770b8ac2b2bc,program_offerings,OFF-a32033ea-d17c-5f12-bb75-9a68fc234b39,SRC-HFNU-2026-ZC,primary_evidence,"{""asset_id"":""ASSET-HFNU-2026-ZC-PDF"",""page"":1,""row_key"":""商务英语"",""section"":""招生专业计划""}"
FACTSRC-a27666a2-737d-5509-91b9-fce04f34b242,program_offerings,OFF-a5dd4961-959d-5b4d-a579-a70ceabb328e,SRC-HFNU-2026-ZC,primary_evidence,"{""asset_id"":""ASSET-HFNU-2026-ZC-PDF"",""page"":1,""row_key"":""人力资源管理"",""section"":""招生专业计划""}"
FACTSRC-99cd9de5-780e-5e9a-a0b3-029ff0398ad5,program_offerings,OFF-a7bf120a-dc4a-5ec9-aced-e4651a795afe,SRC-HFNU-2024-ZC,primary_evidence,"{""row_key"":""商务英语"",""section"":""招生专业计划"",""table"":1,""url"":""https://zsb.hfnu.edu.cn/info/1003/2715.htm""}"
FACTSRC-1132fe50-2a74-5d01-984c-6f1dee2e0879,program_offerings,OFF-ab253dc5-496c-53f8-b0bd-e63bd65c7e39,SRC-HFNU-2026-ZC,primary_evidence,"{""asset_id"":""ASSET-HFNU-2026-ZC-PDF"",""page"":1,""row_key"":""软件工程"",""section"":""招生专业计划""}"
FACTSRC-628defb3-f17d-5d6b-ba2c-8100f923051b,program_offerings,OFF-ac7cbd8e-206a-5240-a567-a5a7094a89a6,SRC-HFNU-2025-ZC,primary_evidence,"{""asset_id"":""ASSET-HFNU-2025-ZC-PDF"",""page"":1,""row_key"":""人力资源管理"",""section"":""招生专业计划""}"
FACTSRC-91b46302-aa4b-5896-a95e-384c96a7312f,program_offerings,OFF-af318d31-e77c-53ab-be9f-571d14f8bc96,SRC-HFNU-2024-ZC,primary_evidence,"{""row_key"":""生物制药"",""section"":""招生专业计划"",""table"":1,""url"":""https://zsb.hfnu.edu.cn/info/1003/2715.htm""}"
FACTSRC-c4bb9f14-9735-5944-a8e2-ac3d4248c3d7,program_offerings,OFF-b1bacb76-fa85-533b-9dba-b5d3f6107662,SRC-HFNU-2024-ZC,primary_evidence,"{""row_key"":""环境设计"",""section"":""招生专业计划"",""table"":1,""url"":""https://zsb.hfnu.edu.cn/info/1003/2715.htm""}"
FACTSRC-0309316d-53a5-5e81-9902-da7bcb533a0b,program_offerings,OFF-b367c94d-0b02-55e7-b8ec-4af69600c0ee,SRC-HFNU-2024-ZC,primary_evidence,"{""row_key"":""网络与新媒体"",""section"":""招生专业计划"",""table"":1,""url"":""https://zsb.hfnu.edu.cn/info/1003/2715.htm""}"
FACTSRC-9d16a496-72f4-5426-a042-d27070f87f24,program_offerings,OFF-b37f2332-c2b6-5a0c-b24a-a1e9c0f2f797,SRC-HFNU-2026-ZC,primary_evidence,"{""asset_id"":""ASSET-HFNU-2026-ZC-PDF"",""page"":2,""row_key"":""计算机科学与技术"",""section"":""招生专业计划""}"
FACTSRC-f09fabf9-0eef-563d-a67f-a2bbd752ab8c,program_offerings,OFF-b8788e79-b864-5a26-9daa-e497db780f14,SRC-HFNU-2025-ZC,primary_evidence,"{""asset_id"":""ASSET-HFNU-2025-ZC-PDF"",""page"":1,""row_key"":""电子信息工程"",""section"":""招生专业计划""}"
FACTSRC-27a8479c-4104-5f97-a8ba-73ce5ddfc016,program_offerings,OFF-ba0cd868-eef6-5b9d-a98b-2a9e60700b49,SRC-HFNU-2026-ZC,primary_evidence,"{""asset_id"":""ASSET-HFNU-2026-ZC-PDF"",""page"":2,""row_key"":""财务管理"",""section"":""招生专业计划""}"
FACTSRC-f0f6f9ef-92c8-546b-b257-86c52399e61f,program_offerings,OFF-bcf67dd3-ee10-5b16-ac09-42636f865bd0,SRC-HFNU-2026-ZC,primary_evidence,"{""asset_id"":""ASSET-HFNU-2026-ZC-PDF"",""page"":1,""row_key"":""新能源材料与器件"",""section"":""招生专业计划""}"
FACTSRC-07c060ae-f724-588a-a230-b57edbd78c4f,program_offerings,OFF-bd3de362-2399-561b-a7c9-2e5227676c3a,SRC-HFNU-2024-ZC,primary_evidence,"{""row_key"":""市场营销"",""section"":""招生专业计划"",""table"":1,""url"":""https://zsb.hfnu.edu.cn/info/1003/2715.htm""}"
FACTSRC-22232057-7b85-5262-9f16-725ec993fb1d,program_offerings,OFF-bf19fd0c-6d2a-5c49-a4e3-cdef0e385264,SRC-HFNU-2025-ZC,primary_evidence,"{""asset_id"":""ASSET-HFNU-2025-ZC-PDF"",""page"":1,""row_key"":""新能源材料与器件"",""section"":""招生专业计划""}"
FACTSRC-526b1bf9-c351-5f11-8e35-b8b1306fdc3a,program_offerings,OFF-c565073a-48ab-5762-a843-56926b366e8c,SRC-HFNU-2026-ZC,primary_evidence,"{""asset_id"":""ASSET-HFNU-2026-ZC-PDF"",""page"":2,""row_key"":""环境设计"",""section"":""招生专业计划""}"
FACTSRC-e13a69a9-cba4-5b87-ac25-b6021fae35f0,program_offerings,OFF-c945fa15-9041-5415-913b-66750f82e0ad,SRC-HFNU-2024-ZC,primary_evidence,"{""row_key"":""电气工程及其自动化"",""section"":""招生专业计划"",""table"":1,""url"":""https://zsb.hfnu.edu.cn/info/1003/2715.htm""}"
FACTSRC-ea34c8a9-d9b9-5e9b-9ea4-b7a06d2dca8b,program_offerings,OFF-cc6a882c-f039-574d-b144-d75f15fa1663,SRC-HFNU-2025-ZC,primary_evidence,"{""asset_id"":""ASSET-HFNU-2025-ZC-PDF"",""page"":2,""row_key"":""电气工程及其自动化"",""section"":""招生专业计划""}"
FACTSRC-5297f554-e380-503d-ab20-d3492c010c28,program_offerings,OFF-cd6346ab-06d2-5a63-877c-6af9c98e69b4,SRC-HFNU-2025-ZC,primary_evidence,"{""asset_id"":""ASSET-HFNU-2025-ZC-PDF"",""page"":2,""row_key"":""计算机科学与技术"",""section"":""招生专业计划""}"
FACTSRC-bf95caa9-df01-591d-b31c-410b5642689f,program_offerings,OFF-cf5f58a7-03e9-528e-9334-2c2054574cb4,SRC-HFNU-2024-ZC,primary_evidence,"{""row_key"":""电子信息工程"",""section"":""招生专业计划"",""table"":1,""url"":""https://zsb.hfnu.edu.cn/info/1003/2715.htm""}"
FACTSRC-ea818ee8-b1cf-5e49-9a5d-a570f1b5eb83,program_offerings,OFF-cf7e9b8f-93e4-5c83-bac4-774a8f40294f,SRC-HFNU-2026-ZC,primary_evidence,"{""asset_id"":""ASSET-HFNU-2026-ZC-PDF"",""page"":2,""row_key"":""网络工程"",""section"":""招生专业计划""}"
FACTSRC-c760f914-fea5-5bc1-a24b-40041e125871,program_offerings,OFF-d1fdddb8-3959-5232-8dd2-e6691d2efe54,SRC-HFNU-2025-ZC,primary_evidence,"{""asset_id"":""ASSET-HFNU-2025-ZC-PDF"",""page"":1,""row_key"":""数据科学与大数据技术"",""section"":""招生专业计划""}"
FACTSRC-78de4c8f-65b5-52d4-8804-c2ad43ee26ef,program_offerings,OFF-d57b0c09-7fc6-5bb1-a874-75a41f80b550,SRC-HFNU-2025-ZC,primary_evidence,"{""asset_id"":""ASSET-HFNU-2025-ZC-PDF"",""page"":1,""row_key"":""音乐学"",""section"":""招生专业计划""}"
FACTSRC-d34ecdbe-3216-5676-9ed2-95c9fec49a5b,program_offerings,OFF-d70fe871-a472-57c0-b4d0-ced8d3f3a94d,SRC-HFNU-2025-ZC,primary_evidence,"{""asset_id"":""ASSET-HFNU-2025-ZC-PDF"",""page"":1,""row_key"":""动画"",""section"":""招生专业计划""}"
FACTSRC-dab04c42-24ce-5ac2-87a6-b52d73e7a311,program_offerings,OFF-e230a334-b7cd-57ef-863f-cf2565ef45d5,SRC-HFNU-2024-ZC,primary_evidence,"{""row_key"":""财务管理"",""section"":""招生专业计划"",""table"":1,""url"":""https://zsb.hfnu.edu.cn/info/1003/2715.htm""}"
FACTSRC-8d5eb4db-77d8-5792-93fa-b08173146dc3,program_offerings,OFF-e559f09a-a0f8-5b5d-94d4-725138d914b2,SRC-HFNU-2025-ZC,primary_evidence,"{""asset_id"":""ASSET-HFNU-2025-ZC-PDF"",""page"":1,""row_key"":""服装与服饰设计"",""section"":""招生专业计划""}"
FACTSRC-a562f985-f394-5a40-8c96-6008873b4e21,program_offerings,OFF-e663011d-a2ba-5dcb-8359-0611b0650a45,SRC-HFNU-2024-ZC,primary_evidence,"{""row_key"":""食品质量与安全"",""section"":""招生专业计划"",""table"":1,""url"":""https://zsb.hfnu.edu.cn/info/1003/2715.htm""}"
FACTSRC-e1a18c79-b810-5f45-bb7b-6a0addc2ce3e,program_offerings,OFF-eb901ade-1582-59ed-b662-5fa35151aea8,SRC-HFNU-2025-ZC,primary_evidence,"{""asset_id"":""ASSET-HFNU-2025-ZC-PDF"",""page"":1,""row_key"":""化学工程与工艺"",""section"":""招生专业计划""}"
FACTSRC-b1b6bc5a-0123-5e1b-9d96-ad9a60c37126,program_offerings,OFF-ebbf4cce-ddbc-5db3-a9b8-1bc92ce768fa,SRC-HFNU-2025-ZC,primary_evidence,"{""asset_id"":""ASSET-HFNU-2025-ZC-PDF"",""page"":2,""row_key"":""电气工程及其自动化"",""section"":""招生专业计划""}"
FACTSRC-9e0ef2ef-872d-58eb-bc1f-8b3c644aa06c,program_offerings,OFF-ee877d74-77a2-5a43-aaad-c3d9b68adeeb,SRC-HFNU-2025-ZC,primary_evidence,"{""asset_id"":""ASSET-HFNU-2025-ZC-PDF"",""page"":1,""row_key"":""互联网金融"",""section"":""招生专业计划""}"
FACTSRC-50ac3af8-16e2-5e74-89dc-9d02ad99cb02,program_offerings,OFF-f19fdbba-2852-5d77-ac44-b9d178ca7b7c,SRC-HFNU-2026-ZC,primary_evidence,"{""asset_id"":""ASSET-HFNU-2026-ZC-PDF"",""page"":1,""row_key"":""运动康复"",""section"":""招生专业计划""}"
FACTSRC-74a06961-9417-55b0-994e-659db3c2ad24,program_offerings,OFF-f2de9dad-6dee-5d54-9504-c7e6001dd687,SRC-HFNU-2025-ZC,primary_evidence,"{""asset_id"":""ASSET-HFNU-2025-ZC-PDF"",""page"":1,""row_key"":""视觉传达设计"",""section"":""招生专业计划""}"
FACTSRC-e1b41ac3-4f53-5d97-9b46-5ace4ae424f7,program_offerings,OFF-f3b32e27-406d-5c7a-838b-bde8628de9f1,SRC-HFNU-2024-ZC,primary_evidence,"{""row_key"":""运动康复"",""section"":""招生专业计划"",""table"":1,""url"":""https://zsb.hfnu.edu.cn/info/1003/2715.htm""}"
FACTSRC-11de24e8-1f29-567d-9dee-a3becb549b6d,program_offerings,OFF-f452a414-b935-520d-aa10-04def9d00944,SRC-HFNU-2026-ZC,primary_evidence,"{""asset_id"":""ASSET-HFNU-2026-ZC-PDF"",""page"":2,""row_key"":""小学教育"",""section"":""招生专业计划""}"
FACTSRC-eecee50e-9912-50a7-a946-f477a83385c3,program_offerings,OFF-f6bedd2a-e542-5dd3-b6d1-94f3b4753246,SRC-HFNU-2024-ZC,primary_evidence,"{""row_key"":""计算机科学与技术"",""section"":""招生专业计划"",""table"":1,""url"":""https://zsb.hfnu.edu.cn/info/1003/2715.htm""}"
FACTSRC-0cc77532-7ddb-5511-9f42-eac5082fb5a2,program_offerings,OFF-f76c6c80-b9d0-5782-a18b-0ea301825262,SRC-HFNU-2024-ZC,primary_evidence,"{""row_key"":""数据科学与大数据技术"",""section"":""招生专业计划"",""table"":1,""url"":""https://zsb.hfnu.edu.cn/info/1003/2715.htm""}"
FACTSRC-fec11dbf-b3e2-500f-a10b-3c27a1ce144f,program_offerings,OFF-f7cf4875-1738-5873-8140-fa33698b4a49,SRC-HFNU-2025-ZC,primary_evidence,"{""asset_id"":""ASSET-HFNU-2025-ZC-PDF"",""page"":1,""row_key"":""学前教育"",""section"":""招生专业计划""}"
FACTSRC-1195e4c6-42a9-5b6b-b433-e26bb58f592b,program_years,PY-020af4f4-756d-52f1-bedf-da1fb4f791e3,SRC-HFNU-2024-ZC,primary_evidence,"{""row_key"":""学前教育"",""section"":""招生专业计划"",""table"":1,""url"":""https://zsb.hfnu.edu.cn/info/1003/2715.htm""}"
FACTSRC-b37bca74-8638-51d4-a263-77a7857dd8dd,program_years,PY-078d9cf4-435d-571c-b89d-6cf5d2426a5b,SRC-HFNU-2024-ZC,primary_evidence,"{""row_key"":""药物制剂"",""section"":""招生专业计划"",""table"":1,""url"":""https://zsb.hfnu.edu.cn/info/1003/2715.htm""}"
FACTSRC-e2d9c5ef-07fb-58e8-bf07-6fd86f765ae1,program_years,PY-08a324b9-551b-5fed-b1f0-52e51932edf5,SRC-HFNU-2024-ZC,primary_evidence,"{""row_key"":""数据科学与大数据技术"",""section"":""招生专业计划"",""table"":1,""url"":""https://zsb.hfnu.edu.cn/info/1003/2715.htm""}"
FACTSRC-15e8b7bd-d36d-5f7c-bd4b-2a2b3a32f4f4,program_years,PY-0aac3cd8-5c25-596e-9230-c0d6393c0806,SRC-HFNU-2026-ZC,primary_evidence,"{""asset_id"":""ASSET-HFNU-2026-ZC-PDF"",""page"":1,""row_key"":""市场营销"",""section"":""招生专业计划""}"
FACTSRC-21e0d6c6-703d-5aca-96ed-da9cd56dd6aa,program_years,PY-0bb78dd6-a3a6-51e2-8fd2-2b066b79e9a9,SRC-HFNU-2025-ZC,primary_evidence,"{""asset_id"":""ASSET-HFNU-2025-ZC-PDF"",""page"":2,""row_key"":""运动康复"",""section"":""招生专业计划""}"
FACTSRC-a024ac9e-08e3-58df-8b7d-b36c60d0ccec,program_years,PY-0dda5750-aa2b-5acf-a690-df0272bf97ba,SRC-HFNU-2026-ZC,primary_evidence,"{""asset_id"":""ASSET-HFNU-2026-ZC-PDF"",""page"":1,""row_key"":""动画"",""section"":""招生专业计划""}"
FACTSRC-ec66c57c-b0b7-5749-8e15-ae9068913a91,program_years,PY-125c9ba1-90b1-5498-90cf-45e18962351f,SRC-HFNU-2025-ZC,primary_evidence,"{""asset_id"":""ASSET-HFNU-2025-ZC-PDF"",""page"":1,""row_key"":""网络与新媒体"",""section"":""招生专业计划""}"
FACTSRC-04354bbb-d549-5a7b-b290-4fff9d42fa11,program_years,PY-185d8434-ad71-5d84-adff-537a7fe42fd8,SRC-HFNU-2024-ZC,primary_evidence,"{""row_key"":""化学工程与工艺"",""section"":""招生专业计划"",""table"":1,""url"":""https://zsb.hfnu.edu.cn/info/1003/2715.htm""}"
FACTSRC-ea518e9c-73da-566e-870c-74a1b7f28a7d,program_years,PY-1fa48ea8-9b9a-504c-a596-68116f927ac6,SRC-HFNU-2026-ZC,primary_evidence,"{""asset_id"":""ASSET-HFNU-2026-ZC-PDF"",""page"":1,""row_key"":""视觉传达设计"",""section"":""招生专业计划""}"
FACTSRC-8aa9120c-f2ad-5ee7-90aa-d34f318e07de,program_years,PY-1fc46668-1f5f-5414-8051-6683797aa8c9,SRC-HFNU-2025-ZC,primary_evidence,"{""asset_id"":""ASSET-HFNU-2025-ZC-PDF"",""page"":2,""row_key"":""计算机科学与技术"",""section"":""招生专业计划""}"
FACTSRC-8b671b6e-3053-5895-8ccc-8156f4c61b57,program_years,PY-2029e048-dd76-568e-ae02-6dc93298c7b3,SRC-HFNU-2026-ZC,primary_evidence,"{""asset_id"":""ASSET-HFNU-2026-ZC-PDF"",""page"":1,""row_key"":""化学工程与工艺"",""section"":""招生专业计划""}"
FACTSRC-5ef4e58c-cc01-5bfd-9c39-d8df2c24a579,program_years,PY-268e09d8-98bc-5c9d-8fd1-32d0f7d4c7f3,SRC-HFNU-2025-ZC,primary_evidence,"{""asset_id"":""ASSET-HFNU-2025-ZC-PDF"",""page"":2,""row_key"":""食品质量与安全"",""section"":""招生专业计划""}"
FACTSRC-1e41dcb5-7668-53b9-9044-c6c289da5111,program_years,PY-290a1ee3-ba61-51ad-8200-9203c30cb382,SRC-HFNU-2026-ZC,primary_evidence,"{""asset_id"":""ASSET-HFNU-2026-ZC-PDF"",""page"":1,""row_key"":""音乐学"",""section"":""招生专业计划""}"
FACTSRC-154459a4-6df3-58a0-b1a4-00f75f55a65e,program_years,PY-2c4bd8ce-35e9-594f-a938-a656aa703f5a,SRC-HFNU-2024-ZC,primary_evidence,"{""row_key"":""商务英语"",""section"":""招生专业计划"",""table"":1,""url"":""https://zsb.hfnu.edu.cn/info/1003/2715.htm""}"
FACTSRC-6252978c-2eaa-518b-aa84-9bc29a60b0d2,program_years,PY-2ea256ce-e1f9-511b-b897-0b35b9549b96,SRC-HFNU-2024-ZC,primary_evidence,"{""row_key"":""市场营销"",""section"":""招生专业计划"",""table"":1,""url"":""https://zsb.hfnu.edu.cn/info/1003/2715.htm""}"
FACTSRC-6de7ea6b-d36b-509d-bde3-ac3f24088a2f,program_years,PY-3285d496-881a-55ab-ac23-820876127fe9,SRC-HFNU-2026-ZC,primary_evidence,"{""asset_id"":""ASSET-HFNU-2026-ZC-PDF"",""page"":1,""row_key"":""运动康复"",""section"":""招生专业计划""}"
FACTSRC-f8b8cd93-23d4-59ea-9c23-ce49f0229cdc,program_years,PY-33849257-2af7-5485-b9bd-d58f65dccd4f,SRC-HFNU-2025-ZC,primary_evidence,"{""asset_id"":""ASSET-HFNU-2025-ZC-PDF"",""page"":2,""row_key"":""网络工程"",""section"":""招生专业计划""}"
FACTSRC-f8066953-c5e5-5c63-8529-33c20166d903,program_years,PY-383f6bf8-4300-552c-9214-286c5ae05e4c,SRC-HFNU-2024-ZC,primary_evidence,"{""row_key"":""生物制药"",""section"":""招生专业计划"",""table"":1,""url"":""https://zsb.hfnu.edu.cn/info/1003/2715.htm""}"
FACTSRC-b306198b-bc67-5c40-805d-143a9ed228d5,program_years,PY-3a2cd018-7f77-5bc5-9f9c-a1c016453ac4,SRC-HFNU-2024-ZC,primary_evidence,"{""row_key"":""材料科学与工程"",""section"":""招生专业计划"",""table"":1,""url"":""https://zsb.hfnu.edu.cn/info/1003/2715.htm""}"
FACTSRC-9bc92737-b1fa-56a5-9293-c40e0bdc87f6,program_years,PY-3a39de0e-93d9-5376-9e84-d126745d67a9,SRC-HFNU-2025-ZC,primary_evidence,"{""asset_id"":""ASSET-HFNU-2025-ZC-PDF"",""page"":2,""row_key"":""小学教育"",""section"":""招生专业计划""}"
FACTSRC-8afaeaee-8c8a-5837-b0c2-1ff9226e9393,program_years,PY-4420be4a-c3a7-513d-8208-0de118ed05c0,SRC-HFNU-2024-ZC,primary_evidence,"{""row_key"":""网络工程"",""section"":""招生专业计划"",""table"":1,""url"":""https://zsb.hfnu.edu.cn/info/1003/2715.htm""}"
FACTSRC-4017b636-f6fb-53c0-9f1f-1b9f20279fb5,program_years,PY-4467374a-02cd-5f46-9d4b-72991146ebec,SRC-HFNU-2025-ZC,primary_evidence,"{""asset_id"":""ASSET-HFNU-2025-ZC-PDF"",""page"":2,""row_key"":""制药工程"",""section"":""招生专业计划""}"
FACTSRC-d5afa713-7bf5-539d-a0fb-127690a52d15,program_years,PY-45d12ed2-0b3e-545b-9059-9faa17bf9627,SRC-HFNU-2026-ZC,primary_evidence,"{""asset_id"":""ASSET-HFNU-2026-ZC-PDF"",""page"":2,""row_key"":""网络工程"",""section"":""招生专业计划""}"
FACTSRC-04c7c6c0-104c-594a-9055-b98daae5892a,program_years,PY-463cbd2c-1087-553b-969f-9f38cad0f7f3,SRC-HFNU-2024-ZC,primary_evidence,"{""row_key"":""通信工程"",""section"":""招生专业计划"",""table"":1,""url"":""https://zsb.hfnu.edu.cn/info/1003/2715.htm""}"
FACTSRC-fbf123d8-653f-505c-b1d5-b9be0f704e51,program_years,PY-57e78f73-a8db-57d9-80d6-67958e447a8f,SRC-HFNU-2026-ZC,primary_evidence,"{""asset_id"":""ASSET-HFNU-2026-ZC-PDF"",""page"":2,""row_key"":""计算机科学与技术"",""section"":""招生专业计划""}"
FACTSRC-09db07e4-f6a1-58d2-815c-b15eecf2af9a,program_years,PY-589eff83-7764-5386-b721-c8e025c15c6e,SRC-HFNU-2026-ZC,primary_evidence,"{""asset_id"":""ASSET-HFNU-2026-ZC-PDF"",""page"":2,""row_key"":""食品质量与安全"",""section"":""招生专业计划""}"
FACTSRC-e2e7c885-985b-5222-ab40-0827fb0e3a57,program_years,PY-5a308856-46aa-584b-856c-62c27c55f791,SRC-HFNU-2024-ZC,primary_evidence,"{""row_key"":""食品质量与安全"",""section"":""招生专业计划"",""table"":1,""url"":""https://zsb.hfnu.edu.cn/info/1003/2715.htm""}"
FACTSRC-d5e2466b-81ba-5739-aa69-f613081cd9eb,program_years,PY-5b0619d9-5054-5707-9c9a-0f87f8079b72,SRC-HFNU-2024-ZC,primary_evidence,"{""row_key"":""视觉传达设计"",""section"":""招生专业计划"",""table"":1,""url"":""https://zsb.hfnu.edu.cn/info/1003/2715.htm""}"
FACTSRC-b9979e8c-cdc6-5f13-adb6-17d36a4971e6,program_years,PY-5f2479bd-6728-58a1-b12a-2bcf0d4b1d1e,SRC-HFNU-2026-ZC,primary_evidence,"{""asset_id"":""ASSET-HFNU-2026-ZC-PDF"",""page"":2,""row_key"":""小学教育"",""section"":""招生专业计划""}"
FACTSRC-f9483fd3-ff4e-5417-a5df-c99109ef1d38,program_years,PY-60caff45-1baa-561b-9abf-d569a2fab432,SRC-HFNU-2026-ZC,primary_evidence,"{""asset_id"":""ASSET-HFNU-2026-ZC-PDF"",""page"":1,""row_key"":""服装与服饰设计"",""section"":""招生专业计划""}"
FACTSRC-e4b3ed08-d224-5f0b-a403-2543412ecb31,program_years,PY-691b9e36-b4db-5629-a017-fb962d553e16,SRC-HFNU-2025-ZC,primary_evidence,"{""asset_id"":""ASSET-HFNU-2025-ZC-PDF"",""page"":2,""row_key"":""电气工程及其自动化"",""section"":""招生专业计划""}"
FACTSRC-855a854d-207f-5a71-8f66-b624e5965d37,program_years,PY-6937acb5-ca42-5874-90cd-3ff3eba3dff2,SRC-HFNU-2026-ZC,primary_evidence,"{""asset_id"":""ASSET-HFNU-2026-ZC-PDF"",""page"":2,""row_key"":""电气工程及其自动化"",""section"":""招生专业计划""}"
FACTSRC-0a2f0066-4c80-51a4-a066-37baac470b90,program_years,PY-6c06c71f-3a0c-540c-849d-0db19bc3a05c,SRC-HFNU-2024-ZC,primary_evidence,"{""row_key"":""小学教育"",""section"":""招生专业计划"",""table"":1,""url"":""https://zsb.hfnu.edu.cn/info/1003/2715.htm""}"
FACTSRC-b1791b0d-feb5-5a3a-bc02-110cc0eca6da,program_years,PY-6e7077e9-1f2b-5395-a3da-163433fa29e8,SRC-HFNU-2025-ZC,primary_evidence,"{""asset_id"":""ASSET-HFNU-2025-ZC-PDF"",""page"":1,""row_key"":""数据科学与大数据技术"",""section"":""招生专业计划""}"
FACTSRC-e7848b51-d65e-5bb7-b0ff-3a812b395653,program_years,PY-72444f87-2128-5e58-83db-9ee54057b81a,SRC-HFNU-2026-ZC,primary_evidence,"{""asset_id"":""ASSET-HFNU-2026-ZC-PDF"",""page"":1,""row_key"":""生物制药"",""section"":""招生专业计划""}"
FACTSRC-57bd24b1-470e-5607-a57b-d5d4d86833c8,program_years,PY-72aaeb9a-a436-5a44-ab25-970dc0988dec,SRC-HFNU-2026-ZC,primary_evidence,"{""asset_id"":""ASSET-HFNU-2026-ZC-PDF"",""page"":1,""row_key"":""学前教育"",""section"":""招生专业计划""}"
FACTSRC-1bacdd54-12b1-56c2-a02b-2c182a47ddb5,program_years,PY-74a22726-dc05-5e0a-9bb4-28bd097e2929,SRC-HFNU-2025-ZC,primary_evidence,"{""asset_id"":""ASSET-HFNU-2025-ZC-PDF"",""page"":1,""row_key"":""软件工程"",""section"":""招生专业计划""}"
FACTSRC-09e808a6-6c30-5d5f-82de-5e401c6e61fc,program_years,PY-7a2e109d-c876-5b2d-94b9-c09ea486f17a,SRC-HFNU-2026-ZC,primary_evidence,"{""asset_id"":""ASSET-HFNU-2026-ZC-PDF"",""page"":1,""row_key"":""商务英语"",""section"":""招生专业计划""}"
FACTSRC-d4dfdfe9-3d53-5931-ba57-f0b134e36475,program_years,PY-7a968034-5eeb-5042-aef7-056e0711e7e5,SRC-HFNU-2025-ZC,primary_evidence,"{""asset_id"":""ASSET-HFNU-2025-ZC-PDF"",""page"":1,""row_key"":""新能源材料与器件"",""section"":""招生专业计划""}"
FACTSRC-215530c3-2eca-5085-82b0-43f765e1d31b,program_years,PY-7baeb8ae-145f-5e01-998b-b44752508c28,SRC-HFNU-2025-ZC,primary_evidence,"{""asset_id"":""ASSET-HFNU-2025-ZC-PDF"",""page"":1,""row_key"":""音乐学"",""section"":""招生专业计划""}"
FACTSRC-f0ce5193-20f3-57bf-ac5e-3b600e32a3ff,program_years,PY-7c2fe360-dbc0-50a0-83e7-8c346215e406,SRC-HFNU-2025-ZC,primary_evidence,"{""asset_id"":""ASSET-HFNU-2025-ZC-PDF"",""page"":1,""row_key"":""通信工程"",""section"":""招生专业计划""}"
FACTSRC-23ec2445-4b67-5c4b-b159-6f121a561f61,program_years,PY-7d7a90df-6856-5ed4-bd80-3bb9f115e50c,SRC-HFNU-2026-ZC,primary_evidence,"{""asset_id"":""ASSET-HFNU-2026-ZC-PDF"",""page"":2,""row_key"":""财务管理"",""section"":""招生专业计划""}"
FACTSRC-855bbbb5-8b49-5b1a-8289-d20cecca52f7,program_years,PY-87d007a8-7d28-5978-b3e0-0878b10e64b2,SRC-HFNU-2026-ZC,primary_evidence,"{""asset_id"":""ASSET-HFNU-2026-ZC-PDF"",""page"":1,""row_key"":""软件工程"",""section"":""招生专业计划""}"
FACTSRC-501cff39-c279-5a61-a6d0-ce4829f9b597,program_years,PY-8d4db694-460f-585a-afa0-c07735ec3f07,SRC-HFNU-2025-ZC,primary_evidence,"{""asset_id"":""ASSET-HFNU-2025-ZC-PDF"",""page"":1,""row_key"":""互联网金融"",""section"":""招生专业计划""}"
FACTSRC-4153af52-502c-5d8c-a7b2-52271c91faa2,program_years,PY-8f722ade-092f-590b-8634-064fa7db4652,SRC-HFNU-2025-ZC,primary_evidence,"{""asset_id"":""ASSET-HFNU-2025-ZC-PDF"",""page"":1,""row_key"":""电子信息工程"",""section"":""招生专业计划""}"
FACTSRC-d648bc6d-f378-5ec9-abba-e84ac1f6c712,program_years,PY-955dc40b-8141-5590-86cf-1af86a0004ff,SRC-HFNU-2025-ZC,primary_evidence,"{""asset_id"":""ASSET-HFNU-2025-ZC-PDF"",""page"":1,""row_key"":""人力资源管理"",""section"":""招生专业计划""}"
FACTSRC-41fe9af6-ec6f-580e-9dfb-485f97b0aa71,program_years,PY-9588e29a-fc4b-56f5-afc2-96068ab69be2,SRC-HFNU-2025-ZC,primary_evidence,"{""asset_id"":""ASSET-HFNU-2025-ZC-PDF"",""page"":1,""row_key"":""经济统计学"",""section"":""招生专业计划""}"
FACTSRC-e2965d16-35a2-50b2-88ac-cee280e51635,program_years,PY-961cdbb0-595a-5c84-b275-3c44bd3f1afe,SRC-HFNU-2024-ZC,primary_evidence,"{""row_key"":""财务管理"",""section"":""招生专业计划"",""table"":1,""url"":""https://zsb.hfnu.edu.cn/info/1003/2715.htm""}"
FACTSRC-302800d9-38db-5124-9947-29443b951e9c,program_years,PY-99def49b-49c6-5585-b556-8fa88db18d63,SRC-HFNU-2024-ZC,primary_evidence,"{""row_key"":""网络与新媒体"",""section"":""招生专业计划"",""table"":1,""url"":""https://zsb.hfnu.edu.cn/info/1003/2715.htm""}"
FACTSRC-d107c94f-47c5-5aad-8a44-39bf33802f0d,program_years,PY-9bf379f6-526f-5941-957a-024bcf12b06d,SRC-HFNU-2026-ZC,primary_evidence,"{""asset_id"":""ASSET-HFNU-2026-ZC-PDF"",""page"":1,""row_key"":""经济统计学"",""section"":""招生专业计划""}"
FACTSRC-8b984a34-5a21-594f-81fa-22667bc92180,program_years,PY-9d21463d-ba3d-5383-9ec8-cb2b45d8c4fe,SRC-HFNU-2024-ZC,primary_evidence,"{""row_key"":""动画"",""section"":""招生专业计划"",""table"":1,""url"":""https://zsb.hfnu.edu.cn/info/1003/2715.htm""}"
FACTSRC-c06391b3-1cdd-5fcd-ad70-4e3deab8e029,program_years,PY-a30adc34-ff19-5174-9c16-8a24ba99e9d0,SRC-HFNU-2026-ZC,primary_evidence,"{""asset_id"":""ASSET-HFNU-2026-ZC-PDF"",""page"":1,""row_key"":""人力资源管理"",""section"":""招生专业计划""}"
FACTSRC-74c737e3-b8c3-5089-8ac9-8101f6d89e2b,program_years,PY-a33a19d4-d78c-5342-be85-65c5a9660b96,SRC-HFNU-2024-ZC,primary_evidence,"{""row_key"":""服装与服饰设计"",""section"":""招生专业计划"",""table"":1,""url"":""https://zsb.hfnu.edu.cn/info/1003/2715.htm""}"
FACTSRC-efe6e648-af85-5dcb-87d0-988a381bb809,program_years,PY-aa1faa30-f529-5015-9edb-8acae4bb9ff7,SRC-HFNU-2026-ZC,primary_evidence,"{""asset_id"":""ASSET-HFNU-2026-ZC-PDF"",""page"":1,""row_key"":""电子信息工程"",""section"":""招生专业计划""}"
FACTSRC-ffa1a14e-1155-5b0b-8a71-208c3aa87d04,program_years,PY-ad8df301-6793-5250-9766-93e5674a5189,SRC-HFNU-2026-ZC,primary_evidence,"{""asset_id"":""ASSET-HFNU-2026-ZC-PDF"",""page"":1,""row_key"":""药物制剂"",""section"":""招生专业计划""}"
FACTSRC-634b4191-56f9-5676-9d34-9708fefe1be3,program_years,PY-affbb6ae-8b72-59de-9a6f-ca8898ee35cf,SRC-HFNU-2024-ZC,primary_evidence,"{""row_key"":""运动康复"",""section"":""招生专业计划"",""table"":1,""url"":""https://zsb.hfnu.edu.cn/info/1003/2715.htm""}"
FACTSRC-ef64abe7-651c-57f3-b145-0457c09fbc94,program_years,PY-b1bb3b4d-f0ad-5ca6-b6da-6c1f7b1ba18d,SRC-HFNU-2025-ZC,primary_evidence,"{""asset_id"":""ASSET-HFNU-2025-ZC-PDF"",""page"":2,""row_key"":""环境设计"",""section"":""招生专业计划""}"
FACTSRC-9bf72239-6b37-5fc0-9576-e59084d05cf2,program_years,PY-b5d0d88d-6d2b-5d5c-b8fa-740cd91b914f,SRC-HFNU-2024-ZC,primary_evidence,"{""row_key"":""新能源材料与器件"",""section"":""招生专业计划"",""table"":1,""url"":""https://zsb.hfnu.edu.cn/info/1003/2715.htm""}"
FACTSRC-b2b17cb9-2726-5920-8ec7-b758210afcd5,program_years,PY-b6e23825-5ec0-5a03-a13e-66e5625a377d,SRC-HFNU-2026-ZC,primary_evidence,"{""asset_id"":""ASSET-HFNU-2026-ZC-PDF"",""page"":1,""row_key"":""互联网金融"",""section"":""招生专业计划""}"
FACTSRC-afabb919-bb94-539a-aecf-982c81d721cd,program_years,PY-b7c7f69a-06d9-5e7c-a417-8fd3b0b85b36,SRC-HFNU-2025-ZC,primary_evidence,"{""asset_id"":""ASSET-HFNU-2025-ZC-PDF"",""page"":1,""row_key"":""生物制药"",""section"":""招生专业计划""}"
FACTSRC-7b2f3c28-8dcc-51a0-a023-fa11a534f85c,program_years,PY-b8d32ee2-1f35-5e7c-9e2d-8f37ad59d33b,SRC-HFNU-2024-ZC,primary_evidence,"{""row_key"":""互联网金融"",""section"":""招生专业计划"",""table"":1,""url"":""https://zsb.hfnu.edu.cn/info/1003/2715.htm""}"
FACTSRC-48958f5c-f99d-5314-9813-be5a1fa13724,program_years,PY-c1006596-0bc4-5d2f-bae9-d702b42dbe56,SRC-HFNU-2024-ZC,primary_evidence,"{""row_key"":""计算机科学与技术"",""section"":""招生专业计划"",""table"":1,""url"":""https://zsb.hfnu.edu.cn/info/1003/2715.htm""}"
FACTSRC-dfd38964-9e7c-578f-94ad-fd8a80781a35,program_years,PY-c28929a5-00a7-5b2b-bacd-584ff8b5ef83,SRC-HFNU-2025-ZC,primary_evidence,"{""asset_id"":""ASSET-HFNU-2025-ZC-PDF"",""page"":1,""row_key"":""视觉传达设计"",""section"":""招生专业计划""}"
FACTSRC-e42664a1-6007-5863-9081-c772dbe2277c,program_years,PY-c3f5b3c6-1c16-5568-bd01-f6789ac17ca0,SRC-HFNU-2026-ZC,primary_evidence,"{""asset_id"":""ASSET-HFNU-2026-ZC-PDF"",""page"":2,""row_key"":""环境设计"",""section"":""招生专业计划""}"
FACTSRC-d66fccf3-b0b2-55f6-a527-b7812de5fc6a,program_years,PY-c544ae6e-925e-5611-ba09-a410dc123c8f,SRC-HFNU-2024-ZC,primary_evidence,"{""row_key"":""软件工程"",""section"":""招生专业计划"",""table"":1,""url"":""https://zsb.hfnu.edu.cn/info/1003/2715.htm""}"
FACTSRC-ffbff8cc-9258-5c13-8c50-395c904a2623,program_years,PY-c9b1de1d-1ce8-57a1-8bee-7eb6708ea2d0,SRC-HFNU-2025-ZC,primary_evidence,"{""asset_id"":""ASSET-HFNU-2025-ZC-PDF"",""page"":1,""row_key"":""市场营销"",""section"":""招生专业计划""}"
FACTSRC-81bcfc12-95f3-5c38-8cad-13c47432a5a0,program_years,PY-cce1b798-d909-5e3a-8e03-49751024827c,SRC-HFNU-2024-ZC,primary_evidence,"{""row_key"":""环境设计"",""section"":""招生专业计划"",""table"":1,""url"":""https://zsb.hfnu.edu.cn/info/1003/2715.htm""}"
FACTSRC-7a31cfee-c8a1-583d-9083-74c8b808676b,program_years,PY-d3e1e604-5dfe-5940-9aac-c7ed5481a96b,SRC-HFNU-2024-ZC,primary_evidence,"{""row_key"":""人力资源管理"",""section"":""招生专业计划"",""table"":1,""url"":""https://zsb.hfnu.edu.cn/info/1003/2715.htm""}"
FACTSRC-3427ffa0-4ba7-54ce-bc63-f91d1e75459b,program_years,PY-d4434b6a-3713-5285-ab53-08fe1ef5f251,SRC-HFNU-2025-ZC,primary_evidence,"{""asset_id"":""ASSET-HFNU-2025-ZC-PDF"",""page"":1,""row_key"":""药物制剂"",""section"":""招生专业计划""}"
FACTSRC-b1c927b8-9d98-5893-8bea-38ed1c4e887b,program_years,PY-db22c94f-7384-5d9f-8d28-d9d914655409,SRC-HFNU-2026-ZC,primary_evidence,"{""asset_id"":""ASSET-HFNU-2026-ZC-PDF"",""page"":1,""row_key"":""网络与新媒体"",""section"":""招生专业计划""}"
FACTSRC-3c93b57e-849c-50a9-898b-56d7fe7e73e4,program_years,PY-db7e9bd8-c8f9-53e8-82d9-50b849f6897b,SRC-HFNU-2025-ZC,primary_evidence,"{""asset_id"":""ASSET-HFNU-2025-ZC-PDF"",""page"":1,""row_key"":""商务英语"",""section"":""招生专业计划""}"
FACTSRC-72ab44ff-7b2a-5d4a-a35a-f984f9bbe3e6,program_years,PY-dd8c6616-cd6a-5b67-8db5-f4954648d30c,SRC-HFNU-2024-ZC,primary_evidence,"{""row_key"":""制药工程"",""section"":""招生专业计划"",""table"":1,""url"":""https://zsb.hfnu.edu.cn/info/1003/2715.htm""}"
FACTSRC-960f88ea-2499-5318-bc93-12fe778b5bdd,program_years,PY-e526e3b6-1188-52a6-b70e-683ba3c34f05,SRC-HFNU-2026-ZC,primary_evidence,"{""asset_id"":""ASSET-HFNU-2026-ZC-PDF"",""page"":1,""row_key"":""新能源材料与器件"",""section"":""招生专业计划""}"
FACTSRC-69bba11d-5435-540e-a4e8-8109055ea445,program_years,PY-e900d1c0-2088-5eb2-83aa-8405a19a7a2a,SRC-HFNU-2025-ZC,primary_evidence,"{""asset_id"":""ASSET-HFNU-2025-ZC-PDF"",""page"":1,""row_key"":""动画"",""section"":""招生专业计划""}"
FACTSRC-e899c565-8fa1-5e72-97af-07d8cc6197d0,program_years,PY-ecc9e3b1-60b6-5dc5-9ff3-533e80878b24,SRC-HFNU-2025-ZC,primary_evidence,"{""asset_id"":""ASSET-HFNU-2025-ZC-PDF"",""page"":1,""row_key"":""学前教育"",""section"":""招生专业计划""}"
FACTSRC-5f14cc17-1cfd-5103-9937-fbf4182d238a,program_years,PY-ed1c505d-c15f-5eb8-ac3e-fd6c0180066b,SRC-HFNU-2026-ZC,primary_evidence,"{""asset_id"":""ASSET-HFNU-2026-ZC-PDF"",""page"":1,""row_key"":""通信工程"",""section"":""招生专业计划""}"
FACTSRC-7223c021-fc99-5c84-9035-e29eb5fb4933,program_years,PY-ed1ef6fc-7ce4-50d1-ba14-9a1e1339c1ba,SRC-HFNU-2025-ZC,primary_evidence,"{""asset_id"":""ASSET-HFNU-2025-ZC-PDF"",""page"":1,""row_key"":""化学工程与工艺"",""section"":""招生专业计划""}"
FACTSRC-660d3a78-f9c2-5a72-a910-e6e933e1bb9b,program_years,PY-ef3ba7ca-8a35-567d-8e9b-5e9db870845d,SRC-HFNU-2024-ZC,primary_evidence,"{""row_key"":""经济统计学"",""section"":""招生专业计划"",""table"":1,""url"":""https://zsb.hfnu.edu.cn/info/1003/2715.htm""}"
FACTSRC-e7d66045-6bc8-503d-9b8e-b14be0c79c6e,program_years,PY-efd03451-30c9-5a3b-a3c0-c025f88814d9,SRC-HFNU-2024-ZC,primary_evidence,"{""row_key"":""电子信息工程"",""section"":""招生专业计划"",""table"":1,""url"":""https://zsb.hfnu.edu.cn/info/1003/2715.htm""}"
FACTSRC-c63b8071-2604-5ac2-b9a4-6c9dc81e157f,program_years,PY-f0469fae-303d-5f32-810f-4fc2c047798a,SRC-HFNU-2025-ZC,primary_evidence,"{""asset_id"":""ASSET-HFNU-2025-ZC-PDF"",""page"":2,""row_key"":""财务管理"",""section"":""招生专业计划""}"
FACTSRC-8f76d68c-0a13-50da-94e9-2dbd6fc70f63,program_years,PY-faa4df75-4caa-5caa-afbc-83d5d9f96562,SRC-HFNU-2024-ZC,primary_evidence,"{""row_key"":""电气工程及其自动化"",""section"":""招生专业计划"",""table"":1,""url"":""https://zsb.hfnu.edu.cn/info/1003/2715.htm""}"
FACTSRC-a436770e-e401-5ecc-819b-d64c62f830a8,program_years,PY-fd171dae-68a8-5ede-ac54-96b4ca9d7bbd,SRC-HFNU-2025-ZC,primary_evidence,"{""asset_id"":""ASSET-HFNU-2025-ZC-PDF"",""page"":1,""row_key"":""服装与服饰设计"",""section"":""招生专业计划""}"
FACTSRC-e258cab7-6615-57e5-ab56-fc44af1c44a6,reference_books,BOOK-01abc331-6302-57f8-98a0-b68425a7a98b,SRC-HFNU-2025-DG,primary_evidence,"{""asset_id"":""ASSET-HFNU-2025-DG-PDF"",""page"":34,""row_key"":""经济统计学|微观经济学|西方经济学"",""section"":""参考书目""}"
FACTSRC-8c166753-2d7c-55d0-9a60-6f3158989c06,reference_books,BOOK-01c445c5-13b1-564f-a566-8054b0b9a395,SRC-HFNU-2025-DG,primary_evidence,"{""asset_id"":""ASSET-HFNU-2025-DG-PDF"",""page"":18,""row_key"":""商务英语|旅游与酒店管理|酒店管理概论"",""section"":""参考书目""}"
FACTSRC-29b3a116-ea57-5d07-b956-1374a3f87824,reference_books,BOOK-086dfa4c-404c-5cb7-96db-9e488f76f024,SRC-HFNU-2024-DG,primary_evidence,"{""asset_id"":""ASSET-HFNU-2024-DG-PDF"",""page"":32,""row_key"":""材料科学与工程|无机化学|无机化学简明教程"",""section"":""参考书目""}"
FACTSRC-a38ba3f8-cccc-57b2-aed0-498c87701ed8,reference_books,BOOK-08814151-da13-51bb-8ae6-1498355a62d8,SRC-HFNU-2024-DG,primary_evidence,"{""asset_id"":""ASSET-HFNU-2024-DG-PDF"",""page"":29,""row_key"":""制药工程|基础分析化学|无机及分析化学(第五版)"",""section"":""参考书目""}"
FACTSRC-736e21c1-9424-573d-862d-8992c977be2c,reference_books,BOOK-0915494f-a4cc-5083-a961-45c53d987c7e,SRC-HFNU-2026-DG,primary_evidence,"{""asset_id"":""ASSET-HFNU-2026-DG-PDF"",""page"":39,""row_key"":""电气工程及其自动化|电路分析基础|电路"",""section"":""参考书目""}"
FACTSRC-7e3df003-8570-5e85-a22c-1053dee6a888,reference_books,BOOK-09fc3bdc-3c93-52b5-b8a8-7b95d95813b3,SRC-HFNU-2024-DG,primary_evidence,"{""asset_id"":""ASSET-HFNU-2024-DG-PDF"",""page"":56,""row_key"":""数据科学与大数据技术|C语言程序设计|C 语言程序设计"",""section"":""参考书目""}"
FACTSRC-e777b59f-6335-525c-b3b3-3cf48f65649a,reference_books,BOOK-0a000aad-ff98-5d54-ad3c-de3f585d86c1,SRC-HFNU-2025-DG,primary_evidence,"{""asset_id"":""ASSET-HFNU-2025-DG-PDF"",""page"":28,""row_key"":""药物制剂|基础无机化学|无机及分析化学(第五版)"",""section"":""参考书目""}"
FACTSRC-76a09a5c-a36c-5938-be33-ebc5d29410f1,reference_books,BOOK-0a53558d-77f3-5b34-a31f-70d864ecc65b,SRC-HFNU-2025-DG,primary_evidence,"{""asset_id"":""ASSET-HFNU-2025-DG-PDF"",""page"":41,""row_key"":""网络工程|数据结构|数据结构"",""section"":""参考书目""}"
FACTSRC-ca776565-432c-5e33-9f39-cf38c0edc3bc,reference_books,BOOK-0a54cf2b-3cf3-53e0-973f-09bf33c030b4,SRC-HFNU-2026-DG,primary_evidence,"{""asset_id"":""ASSET-HFNU-2026-DG-PDF"",""page"":15,""row_key"":""网络与新媒体|传播学概论|传播学概论(第二版)"",""section"":""参考书目""}"
FACTSRC-3d313fb5-bb9f-5361-babc-f6f9704a1264,reference_books,BOOK-0b9c74a2-049b-5ef6-ba19-d3e7cf3eca97,SRC-HFNU-2025-DG,primary_evidence,"{""asset_id"":""ASSET-HFNU-2025-DG-PDF"",""page"":38,""row_key"":""电气工程及其自动化|电路分析基础|电路"",""section"":""参考书目""}"
FACTSRC-a05c53cb-7a86-5940-9397-0342dc74b01c,reference_books,BOOK-0cff948d-d962-5671-a76e-8c008bedc7f5,SRC-HFNU-2025-DG,primary_evidence,"{""asset_id"":""ASSET-HFNU-2025-DG-PDF"",""page"":19,""row_key"":""服装与服饰设计|人物速写|速写"",""section"":""参考书目""}"
FACTSRC-01ffedf4-e488-54e6-827f-9d312af39e0e,reference_books,BOOK-0d23ff6c-6255-5f58-b413-5cc70e116823,SRC-HFNU-2024-DG,primary_evidence,"{""asset_id"":""ASSET-HFNU-2024-DG-PDF"",""page"":62,""row_key"":""食品质量与安全|微生物学|微生物学教程"",""section"":""参考书目""}"
FACTSRC-6f885fa3-dce4-5edf-ae16-61646a158b9d,reference_books,BOOK-0d787b50-8641-52bb-8380-c2ce292e1869,SRC-HFNU-2026-DG,primary_evidence,"{""asset_id"":""ASSET-HFNU-2026-DG-PDF"",""page"":8,""row_key"":""人力资源管理|管理学原理|管理学原理"",""section"":""参考书目""}"
FACTSRC-9cd4656c-522d-50df-aa72-dae5cedc73c7,reference_books,BOOK-0ec67acc-68cc-5efe-b170-47d6b611c738,SRC-HFNU-2024-DG,primary_evidence,"{""asset_id"":""ASSET-HFNU-2024-DG-PDF"",""page"":21,""row_key"":""商务英语|综合商务英语|商务英语综合教程 1"",""section"":""参考书目""}"
FACTSRC-820508ce-f025-5eb0-a2de-da64c39aba53,reference_books,BOOK-0f0cf204-118c-52f9-a30f-b5560900e4d4,SRC-HFNU-2024-DG,primary_evidence,"{""asset_id"":""ASSET-HFNU-2024-DG-PDF"",""page"":43,""row_key"":""电子信息工程|电路分析基础|电路"",""section"":""参考书目""}"
FACTSRC-74a7c02b-feb4-5b77-b1bf-25bef87931dd,reference_books,BOOK-0f74eba7-96f9-57d7-8555-b1ea20b55947,SRC-HFNU-2024-DG,primary_evidence,"{""asset_id"":""ASSET-HFNU-2024-DG-PDF"",""page"":38,""row_key"":""经济统计学|统计学|经济统计学"",""section"":""参考书目""}"
FACTSRC-67c1acff-5261-5fb0-abe7-5ebff04486dd,reference_books,BOOK-110836db-74b3-5f0b-9e29-f2b5eece7aaf,SRC-HFNU-2024-DG,primary_evidence,"{""asset_id"":""ASSET-HFNU-2024-DG-PDF"",""page"":13,""row_key"":""互联网金融|会计学原理|基础会计"",""section"":""参考书目""}"
FACTSRC-be6f0fd2-5bc6-5e65-a4b0-40cc6b2fcaca,reference_books,BOOK-11b6a7f3-2424-5081-a26c-bd4c2a00ac1d,SRC-HFNU-2026-DG,primary_evidence,"{""asset_id"":""ASSET-HFNU-2026-DG-PDF"",""page"":26,""row_key"":""运动康复|康复功能评定学|康复功能评定学"",""section"":""参考书目""}"
FACTSRC-9195e276-7318-5d11-9485-57d50e9738b2,reference_books,BOOK-1495fa1b-bd5d-58ec-9ad0-2f22cd3b7cb6,SRC-HFNU-2025-DG,primary_evidence,"{""asset_id"":""ASSET-HFNU-2025-DG-PDF"",""page"":19,""row_key"":""服装与服饰设计|插画设计|色彩表现"",""section"":""参考书目""}"
FACTSRC-08fe30c4-472a-5bb3-a203-81586a44a917,reference_books,BOOK-16540426-6694-57c4-be09-e13e84d99f0e,SRC-HFNU-2024-DG,primary_evidence,"{""asset_id"":""ASSET-HFNU-2024-DG-PDF"",""page"":62,""row_key"":""生物制药|生物化学|生物化学简明教程"",""section"":""参考书目""}"
FACTSRC-9ebede86-fe00-553e-87e1-980e69631268,reference_books,BOOK-1685f2ac-c43e-5657-baae-51214b1c849f,SRC-HFNU-2026-DG,primary_evidence,"{""asset_id"":""ASSET-HFNU-2026-DG-PDF"",""page"":19,""row_key"":""视觉传达设计|插画设计|插画设计"",""section"":""参考书目""}"
FACTSRC-5bfeec93-fa13-5afa-8554-59f8be05cd50,reference_books,BOOK-17405d59-ea4d-5006-97ed-e4f9b32937f4,SRC-HFNU-2025-DG,primary_evidence,"{""asset_id"":""ASSET-HFNU-2025-DG-PDF"",""page"":6,""row_key"":""小学教育|心理学|心理学"",""section"":""参考书目""}"
FACTSRC-b2e9fc99-47b4-5328-bc2f-4e2d85adab88,reference_books,BOOK-1a567653-80a8-505f-aaa9-3ba512d7e503,SRC-HFNU-2025-DG,primary_evidence,"{""asset_id"":""ASSET-HFNU-2025-DG-PDF"",""page"":38,""row_key"":""电子信息工程|电路分析基础|电路分析基础"",""section"":""参考书目""}"
FACTSRC-b1dbbad5-e1d7-5701-8d3e-5602294c6ec9,reference_books,BOOK-1ae18154-22cb-5c71-976a-d0c76f6882ac,SRC-HFNU-2025-DG,primary_evidence,"{""asset_id"":""ASSET-HFNU-2025-DG-PDF"",""page"":11,""row_key"":""互联网金融|微观经济学|西方经济学"",""section"":""参考书目""}"
FACTSRC-0ba16ccb-7877-5d66-af20-a56101931d7d,reference_books,BOOK-1af3b7e5-92e5-504b-b238-9e9baaf53525,SRC-HFNU-2025-DG,primary_evidence,"{""asset_id"":""ASSET-HFNU-2025-DG-PDF"",""page"":6,""row_key"":""学前教育|教育学|教育学原理"",""section"":""参考书目""}"
FACTSRC-3f11b6f0-5efe-5dd1-a0bf-057bcae0a577,reference_books,BOOK-1c02f055-5ec7-5cc2-93df-2c3e0c3c8837,SRC-HFNU-2025-DG,primary_evidence,"{""asset_id"":""ASSET-HFNU-2025-DG-PDF"",""page"":28,""row_key"":""药物制剂|基础分析化学|无机及分析化学(第五版)"",""section"":""参考书目""}"
FACTSRC-77cd6de6-d142-5a7b-b0a4-c68988ccbef4,reference_books,BOOK-1eff42f1-2c62-5ef2-a0cf-2314028fe8cd,SRC-HFNU-2024-DG,primary_evidence,"{""asset_id"":""ASSET-HFNU-2024-DG-PDF"",""page"":53,""row_key"":""电气工程及其自动化|自动控制原理|自动控制原理与系统"",""section"":""参考书目""}"
FACTSRC-78d4fb51-caaf-53d8-8a0e-a4c9bd7d83df,reference_books,BOOK-20d95a58-3573-57d5-b080-7469a9287663,SRC-HFNU-2025-DG,primary_evidence,"{""asset_id"":""ASSET-HFNU-2025-DG-PDF"",""page"":40,""row_key"":""软件工程|C语言程序设计|C语言程序设计"",""section"":""参考书目""}"
FACTSRC-b7111940-45ea-54c1-a1c5-6f2a19ac1678,reference_books,BOOK-21360f4f-7247-5bfc-81cd-e4d08cad2971,SRC-HFNU-2026-DG,primary_evidence,"{""asset_id"":""ASSET-HFNU-2026-DG-PDF"",""page"":19,""row_key"":""动画|插画设计|色彩表现"",""section"":""参考书目""}"
FACTSRC-55d49fd1-32e6-52bd-a623-1165dc022547,reference_books,BOOK-21c158b6-91ee-5a40-80e1-ba18ea7a7276,SRC-HFNU-2024-DG,primary_evidence,"{""asset_id"":""ASSET-HFNU-2024-DG-PDF"",""page"":43,""row_key"":""电子信息工程|电路分析基础|电路分析基础"",""section"":""参考书目""}"
FACTSRC-5b7de1d0-3b2e-5eaf-96d8-5d577fe53f7f,reference_books,BOOK-21d1b627-b463-5e7c-947d-3af7c8d23f2e,SRC-HFNU-2025-DG,primary_evidence,"{""asset_id"":""ASSET-HFNU-2025-DG-PDF"",""page"":38,""row_key"":""通信工程|数字电子技术基础|数字电子技术基础"",""section"":""参考书目""}"
FACTSRC-341026f3-27e9-5db8-93d9-99a123881c8c,reference_books,BOOK-2299a0ad-364d-536f-b831-2aebebeed4a5,SRC-HFNU-2026-DG,primary_evidence,"{""asset_id"":""ASSET-HFNU-2026-DG-PDF"",""page"":21,""row_key"":""音乐学|和声|和声学教程"",""section"":""参考书目""}"
FACTSRC-66e0d718-9e34-5cc3-a7cb-5238bb73b195,reference_books,BOOK-22b8f5fa-9e3d-5d29-a4d4-ff55654aa243,SRC-HFNU-2026-DG,primary_evidence,"{""asset_id"":""ASSET-HFNU-2026-DG-PDF"",""page"":8,""row_key"":""市场营销|会计学原理|基础会计"",""section"":""参考书目""}"
FACTSRC-e8d62cff-097d-5c3a-b551-c93273ea4c25,reference_books,BOOK-231291a3-06dc-584c-934c-1075f1c12a03,SRC-HFNU-2024-DG,primary_evidence,"{""asset_id"":""ASSET-HFNU-2024-DG-PDF"",""page"":23,""row_key"":""环境设计|建筑速写|建筑速写"",""section"":""参考书目""}"
FACTSRC-ae9800e9-9cbc-5139-ace6-f2b2b9f5ef3b,reference_books,BOOK-24d706ec-cb16-5526-b3a2-7f908cc7b034,SRC-HFNU-2025-DG,primary_evidence,"{""asset_id"":""ASSET-HFNU-2025-DG-PDF"",""page"":8,""row_key"":""人力资源管理|会计学原理|基础会计"",""section"":""参考书目""}"
FACTSRC-da0230a1-eccd-5f21-a2bd-e7bd0031eead,reference_books,BOOK-271ae940-f98a-550a-ac2e-057a080cef10,SRC-HFNU-2026-DG,primary_evidence,"{""asset_id"":""ASSET-HFNU-2026-DG-PDF"",""page"":6,""row_key"":""小学教育|心理学|心理学"",""section"":""参考书目""}"
FACTSRC-9ac103ff-de41-56a9-b4ad-bc60d1f56423,reference_books,BOOK-27263b30-9f25-561c-a636-b17d18f4057c,SRC-HFNU-2024-DG,primary_evidence,"{""asset_id"":""ASSET-HFNU-2024-DG-PDF"",""page"":13,""row_key"":""互联网金融|微观经济学|西方经济学"",""section"":""参考书目""}"
FACTSRC-699ca402-de57-5af8-8e58-d64f8784fdac,reference_books,BOOK-2776cdee-7410-51c0-8222-7a9767ec0af3,SRC-HFNU-2024-DG,primary_evidence,"{""asset_id"":""ASSET-HFNU-2024-DG-PDF"",""page"":57,""row_key"":""网络工程|数据结构|新编数据结构习题与解析"",""section"":""参考书目""}"
FACTSRC-3c5dbda2-f6c3-5637-a85f-f3478f1af503,reference_books,BOOK-2820cfe7-8ab1-5d99-95ab-29ad9db3188f,SRC-HFNU-2025-DG,primary_evidence,"{""asset_id"":""ASSET-HFNU-2025-DG-PDF"",""page"":18,""row_key"":""商务英语|旅游与酒店管理|导游业务"",""section"":""参考书目""}"
FACTSRC-8951480c-303a-5326-be87-2de184336032,reference_books,BOOK-291a3e2a-912e-5771-a616-3340b63f43a7,SRC-HFNU-2026-DG,primary_evidence,"{""asset_id"":""ASSET-HFNU-2026-DG-PDF"",""page"":8,""row_key"":""人力资源管理|会计学原理|基础会计"",""section"":""参考书目""}"
FACTSRC-62c289cc-4f79-50d4-904b-e37370f4a226,reference_books,BOOK-2bc05bd4-d571-5b51-aea8-c79aba5a367b,SRC-HFNU-2024-DG,primary_evidence,"{""asset_id"":""ASSET-HFNU-2024-DG-PDF"",""page"":22,""row_key"":""服装与服饰设计|插画设计|插画设计"",""section"":""参考书目""}"
FACTSRC-3c293615-db75-51d1-8066-b85a9431827e,reference_books,BOOK-2c6e627f-149b-51b7-956a-d27c59216170,SRC-HFNU-2024-DG,primary_evidence,"{""asset_id"":""ASSET-HFNU-2024-DG-PDF"",""page"":53,""row_key"":""电气工程及其自动化|电路分析基础|电路"",""section"":""参考书目""}"
FACTSRC-23734258-2818-57a9-a818-0b0e1ffda1f7,reference_books,BOOK-2c9066f3-cd32-500a-a555-76441b2e5f9b,SRC-HFNU-2026-DG,primary_evidence,"{""asset_id"":""ASSET-HFNU-2026-DG-PDF"",""page"":39,""row_key"":""电子信息工程|电路分析基础|电路"",""section"":""参考书目""}"
FACTSRC-f85a82c3-1fc6-5db4-91bf-ac3f35b67e0f,reference_books,BOOK-2fd28e35-8f97-59b4-9ab9-a711b97f6a7b,SRC-HFNU-2025-DG,primary_evidence,"{""asset_id"":""ASSET-HFNU-2025-DG-PDF"",""page"":38,""row_key"":""通信工程|电路分析基础|电路分析基础"",""section"":""参考书目""}"
FACTSRC-1fd66d0a-71e3-5908-93e2-ac7eb1d2a1f4,reference_books,BOOK-31df1d62-7d12-5405-a469-8ec39b0411ea,SRC-HFNU-2026-DG,primary_evidence,"{""asset_id"":""ASSET-HFNU-2026-DG-PDF"",""page"":6,""row_key"":""小学教育|教育学|教育学原理"",""section"":""参考书目""}"
FACTSRC-f50fee4e-1fd6-57c2-aeb8-81fbfd5811d1,reference_books,BOOK-32a7195f-4503-5d24-8cb0-a6235be64eed,SRC-HFNU-2024-DG,primary_evidence,"{""asset_id"":""ASSET-HFNU-2024-DG-PDF"",""page"":56,""row_key"":""计算机科学与技术|C语言程序设计|C 语言程序设计"",""section"":""参考书目""}"
FACTSRC-3aa29ddb-5716-52ad-a118-f827e66c867c,reference_books,BOOK-348d1420-5edc-5001-8e35-5150261f113e,SRC-HFNU-2025-DG,primary_evidence,"{""asset_id"":""ASSET-HFNU-2025-DG-PDF"",""page"":41,""row_key"":""数据科学与大数据技术|数据结构|新编数据结构习题与解析"",""section"":""参考书目""}"
FACTSRC-4b14cc03-68b1-5fcf-8446-2ab343584b4d,reference_books,BOOK-34f18901-b7f5-529c-90a4-74c1644b9513,SRC-HFNU-2026-DG,primary_evidence,"{""asset_id"":""ASSET-HFNU-2026-DG-PDF"",""page"":20,""row_key"":""环境设计|室内设计表现|室内设计手绘技法与快题表现"",""section"":""参考书目""}"
FACTSRC-f8bf337a-52b6-5b06-b43c-91eda09dee39,reference_books,BOOK-38a55aaa-ec77-5230-86d9-71154c16564c,SRC-HFNU-2025-DG,primary_evidence,"{""asset_id"":""ASSET-HFNU-2025-DG-PDF"",""page"":21,""row_key"":""音乐学|和声|和声学教程"",""section"":""参考书目""}"
FACTSRC-5cb51baf-482f-50be-97c8-c2cc41bd3321,reference_books,BOOK-3904595e-89a8-51e2-9938-2be5bb2b0bc0,SRC-HFNU-2026-DG,primary_evidence,"{""asset_id"":""ASSET-HFNU-2026-DG-PDF"",""page"":28,""row_key"":""化学工程与工艺|基础无机化学|无机及分析化学(第五版)"",""section"":""参考书目""}"
FACTSRC-0a4f7f47-1d2b-5ec1-8d53-066f77e6d6e8,reference_books,BOOK-39b68543-df4a-5499-b388-18294b55b3ab,SRC-HFNU-2026-DG,primary_evidence,"{""asset_id"":""ASSET-HFNU-2026-DG-PDF"",""page"":32,""row_key"":""新能源材料与器件|大学物理|普通物理学"",""section"":""参考书目""}"
FACTSRC-ba37aed7-8190-5943-821d-a301269500b8,reference_books,BOOK-3a46c779-c09e-5ae0-8109-e49b19d940e1,SRC-HFNU-2025-DG,primary_evidence,"{""asset_id"":""ASSET-HFNU-2025-DG-PDF"",""page"":15,""row_key"":""网络与新媒体|传播学概论|传播学概论(第二版)"",""section"":""参考书目""}"
FACTSRC-f83bf6b8-a955-5d97-93b9-87c404279a4e,reference_books,BOOK-3b11e944-3dca-5c9b-b1ec-1f8b69c8fae0,SRC-HFNU-2025-DG,primary_evidence,"{""asset_id"":""ASSET-HFNU-2025-DG-PDF"",""page"":38,""row_key"":""电气工程及其自动化|数字电子技术基础|数字电子技术基础"",""section"":""参考书目""}"
FACTSRC-d6f74bad-c61f-5afe-82f5-2bf16c866b31,reference_books,BOOK-3bad39c5-1023-5068-9dcc-1a0a393bbb24,SRC-HFNU-2024-DG,primary_evidence,"{""asset_id"":""ASSET-HFNU-2024-DG-PDF"",""page"":27,""row_key"":""运动康复|运动解剖生理学|运动生理学"",""section"":""参考书目""}"
FACTSRC-71c612ba-ba5c-582f-95e2-0e3d9823b90d,reference_books,BOOK-3cd50f8c-75b7-576b-b00f-14cc9fb7a90b,SRC-HFNU-2026-DG,primary_evidence,"{""asset_id"":""ASSET-HFNU-2026-DG-PDF"",""page"":15,""row_key"":""网络与新媒体|新闻学概论|新闻学概论(第六版)"",""section"":""参考书目""}"
FACTSRC-fecedd5d-e4d3-5b0a-8ed6-52091bd64323,reference_books,BOOK-3ebef427-b1f9-5937-8bfb-91133bb65e85,SRC-HFNU-2024-DG,primary_evidence,"{""asset_id"":""ASSET-HFNU-2024-DG-PDF"",""page"":22,""row_key"":""视觉传达设计|插画设计|色彩表现"",""section"":""参考书目""}"
FACTSRC-2a320bb7-1777-5c47-bee9-c75e44f7572f,reference_books,BOOK-3f518f23-5a53-5c97-9874-081c72677cb7,SRC-HFNU-2025-DG,primary_evidence,"{""asset_id"":""ASSET-HFNU-2025-DG-PDF"",""page"":41,""row_key"":""计算机科学与技术|数据结构|新编数据结构习题与解析"",""section"":""参考书目""}"
FACTSRC-d588bd0c-cf6e-5cdc-a537-0b8c3d8e6750,reference_books,BOOK-41f72a85-c58b-5f0d-a6d1-ecfff98cdfff,SRC-HFNU-2025-DG,primary_evidence,"{""asset_id"":""ASSET-HFNU-2025-DG-PDF"",""page"":22,""row_key"":""音乐学|中国音乐史|中国音乐史与名作赏析"",""section"":""参考书目""}"
FACTSRC-1af7ef9f-9d73-5ef9-8fbb-d5b02fac2605,reference_books,BOOK-4325b94e-c8bb-5a7b-8b67-c4a4f3bed049,SRC-HFNU-2025-DG,primary_evidence,"{""asset_id"":""ASSET-HFNU-2025-DG-PDF"",""page"":20,""row_key"":""环境设计|室内设计表现|室内设计手绘技法与快题表现"",""section"":""参考书目""}"
FACTSRC-fd74de99-5b76-540a-8d4e-126c4ae79800,reference_books,BOOK-4457e9a9-e784-55d2-afba-404097fe72bc,SRC-HFNU-2024-DG,primary_evidence,"{""asset_id"":""ASSET-HFNU-2024-DG-PDF"",""page"":32,""row_key"":""新能源材料与器件|无机化学|无机化学简明教程"",""section"":""参考书目""}"
FACTSRC-fa1648a3-ec2a-5e57-b58e-628727652858,reference_books,BOOK-451eb433-15ef-5539-88de-ea455db07b48,SRC-HFNU-2025-DG,primary_evidence,"{""asset_id"":""ASSET-HFNU-2025-DG-PDF"",""page"":8,""row_key"":""财务管理|会计学原理|基础会计"",""section"":""参考书目""}"
FACTSRC-6fa0d97b-bcc1-5f18-a52a-bbf0d5dab4b3,reference_books,BOOK-45ece049-88bc-58b0-999b-b8aba199e920,SRC-HFNU-2024-DG,primary_evidence,"{""asset_id"":""ASSET-HFNU-2024-DG-PDF"",""page"":23,""row_key"":""环境设计|室内设计表现|色彩表现"",""section"":""参考书目""}"
FACTSRC-43d13c6c-8516-54c3-a0c1-9fae423bd55d,reference_books,BOOK-45eec236-3dcd-59d0-8b19-083e4abc4ce6,SRC-HFNU-2026-DG,primary_evidence,"{""asset_id"":""ASSET-HFNU-2026-DG-PDF"",""page"":19,""row_key"":""服装与服饰设计|插画设计|色彩表现"",""section"":""参考书目""}"
FACTSRC-2bd48a81-4e0b-5b05-bef8-5e3a617bf633,reference_books,BOOK-4aa7d859-a5c0-5e5e-94fa-8bfb2244f79a,SRC-HFNU-2024-DG,primary_evidence,"{""asset_id"":""ASSET-HFNU-2024-DG-PDF"",""page"":6,""row_key"":""小学教育|教育学|教育学原理"",""section"":""参考书目""}"
FACTSRC-c2832601-c68f-56bc-8b35-1ae3b145f25b,reference_books,BOOK-4ccd5f07-293b-5460-9828-45712abe2ce0,SRC-HFNU-2024-DG,primary_evidence,"{""asset_id"":""ASSET-HFNU-2024-DG-PDF"",""page"":57,""row_key"":""数据科学与大数据技术|数据结构|数据结构"",""section"":""参考书目""}"
FACTSRC-aacdf5f3-2b17-5fe4-8d50-e1c75ed36948,reference_books,BOOK-4e0b5954-1064-5201-8f9e-48e896b8d69f,SRC-HFNU-2026-DG,primary_evidence,"{""asset_id"":""ASSET-HFNU-2026-DG-PDF"",""page"":41,""row_key"":""软件工程|C语言程序设计|C语言程序设计"",""section"":""参考书目""}"
FACTSRC-41c5d42d-2324-5d74-add3-657236564a50,reference_books,BOOK-4f833765-bc98-5867-b9db-0c95d3ab7c21,SRC-HFNU-2024-DG,primary_evidence,"{""asset_id"":""ASSET-HFNU-2024-DG-PDF"",""page"":56,""row_key"":""软件工程|C语言程序设计|C 语言程序设计"",""section"":""参考书目""}"
FACTSRC-4dbf28db-4968-54a9-ab1c-820ceb91848b,reference_books,BOOK-536852ce-b0da-58e9-8d11-8458960db6fb,SRC-HFNU-2024-DG,primary_evidence,"{""asset_id"":""ASSET-HFNU-2024-DG-PDF"",""page"":9,""row_key"":""人力资源管理|会计学原理|基础会计"",""section"":""参考书目""}"
FACTSRC-a94f9411-ea51-5b32-bb52-49c2ca6a6482,reference_books,BOOK-56851332-b472-52e6-b226-7b96cb93e814,SRC-HFNU-2026-DG,primary_evidence,"{""asset_id"":""ASSET-HFNU-2026-DG-PDF"",""page"":8,""row_key"":""市场营销|管理学原理|管理学原理"",""section"":""参考书目""}"
FACTSRC-c48ea32f-b798-5ae7-b685-3a53d4955482,reference_books,BOOK-56b67d89-acbf-585b-a1d5-9e5f757b2dc7,SRC-HFNU-2025-DG,primary_evidence,"{""asset_id"":""ASSET-HFNU-2025-DG-PDF"",""page"":44,""row_key"":""食品质量与安全|微生物学|微生物学教程"",""section"":""参考书目""}"
FACTSRC-f5c9ae45-1256-5e8d-8da3-8bb85dd81774,reference_books,BOOK-57a09ee6-a53c-56b4-a090-985e931e8823,SRC-HFNU-2025-DG,primary_evidence,"{""asset_id"":""ASSET-HFNU-2025-DG-PDF"",""page"":38,""row_key"":""电气工程及其自动化|电路分析基础|电路分析基础"",""section"":""参考书目""}"
FACTSRC-e6070788-0392-5ff1-86f8-149012501586,reference_books,BOOK-58281692-4386-593a-b3ba-7c72c7dab543,SRC-HFNU-2025-DG,primary_evidence,"{""asset_id"":""ASSET-HFNU-2025-DG-PDF"",""page"":41,""row_key"":""软件工程|数据结构|新编数据结构习题与解析"",""section"":""参考书目""}"
FACTSRC-5c1c8e71-6236-515a-9ffc-34f9d5fbab7c,reference_books,BOOK-58933438-7c7b-5d37-a2e2-aa31bdd9ad5f,SRC-HFNU-2026-DG,primary_evidence,"{""asset_id"":""ASSET-HFNU-2026-DG-PDF"",""page"":28,""row_key"":""药物制剂|基础无机化学|无机及分析化学(第五版)"",""section"":""参考书目""}"
FACTSRC-44a0228a-e453-52fc-8f8a-cc473099ed6b,reference_books,BOOK-5949fb18-7eca-5bea-b34f-9090857c55ed,SRC-HFNU-2025-DG,primary_evidence,"{""asset_id"":""ASSET-HFNU-2025-DG-PDF"",""page"":40,""row_key"":""网络工程|C语言程序设计|C语言程序设计"",""section"":""参考书目""}"
FACTSRC-1982107a-b6aa-5b23-a2b2-d4a733b7ed0a,reference_books,BOOK-59cf8b9f-dd30-5b48-b92b-aafbc1929610,SRC-HFNU-2025-DG,primary_evidence,"{""asset_id"":""ASSET-HFNU-2025-DG-PDF"",""page"":19,""row_key"":""服装与服饰设计|插画设计|插画设计"",""section"":""参考书目""}"
FACTSRC-b7eaee34-4cf5-5834-85a3-4c5ff57186b9,reference_books,BOOK-5b52cd99-0132-5739-be27-ffad34b6af6b,SRC-HFNU-2026-DG,primary_evidence,"{""asset_id"":""ASSET-HFNU-2026-DG-PDF"",""page"":34,""row_key"":""经济统计学|统计学|经济统计学"",""section"":""参考书目""}"
FACTSRC-ca36ebdb-4f54-5bc4-8335-873b74a9a7a6,reference_books,BOOK-5e4e8234-a393-513f-a29d-894c37a47561,SRC-HFNU-2025-DG,primary_evidence,"{""asset_id"":""ASSET-HFNU-2025-DG-PDF"",""page"":19,""row_key"":""动画|插画设计|插画设计"",""section"":""参考书目""}"
FACTSRC-daee57cd-8ab5-5416-a16b-772b2224edb6,reference_books,BOOK-5f68bbfe-cc34-59ca-aa1a-8e786aed3edf,SRC-HFNU-2024-DG,primary_evidence,"{""asset_id"":""ASSET-HFNU-2024-DG-PDF"",""page"":29,""row_key"":""药物制剂|基础无机化学|无机及分析化学(第五版)"",""section"":""参考书目""}"
FACTSRC-97615e40-69b7-58ab-9831-656ad43356a8,reference_books,BOOK-60d436cb-6a0d-537b-abaf-d7a0ca4b825a,SRC-HFNU-2024-DG,primary_evidence,"{""asset_id"":""ASSET-HFNU-2024-DG-PDF"",""page"":56,""row_key"":""网络工程|C语言程序设计|C 语言程序设计"",""section"":""参考书目""}"
FACTSRC-6ff103cb-b400-5a30-b5cf-12fe38a283ad,reference_books,BOOK-6179e30a-8ed1-580f-a244-d8227d8ee9e0,SRC-HFNU-2026-DG,primary_evidence,"{""asset_id"":""ASSET-HFNU-2026-DG-PDF"",""page"":19,""row_key"":""服装与服饰设计|人物速写|速写"",""section"":""参考书目""}"
FACTSRC-b72eb163-fd74-5aec-b1b8-9d7e4f6893c9,reference_books,BOOK-61c5dc36-1f1f-59ce-bbc1-5864cd8f0b74,SRC-HFNU-2024-DG,primary_evidence,"{""asset_id"":""ASSET-HFNU-2024-DG-PDF"",""page"":22,""row_key"":""服装与服饰设计|人物速写|速写"",""section"":""参考书目""}"
FACTSRC-fc2e5860-0c2c-5f26-ae30-139866302a2e,reference_books,BOOK-620abc81-dadc-5b20-9c20-17d489d6d5ea,SRC-HFNU-2025-DG,primary_evidence,"{""asset_id"":""ASSET-HFNU-2025-DG-PDF"",""page"":26,""row_key"":""运动康复|康复功能评定学|康复功能评定学"",""section"":""参考书目""}"
FACTSRC-136fd3d2-194b-5d93-a8c2-ae93fe58542c,reference_books,BOOK-6543fd66-74f1-576d-ad37-0f6e6e118995,SRC-HFNU-2025-DG,primary_evidence,"{""asset_id"":""ASSET-HFNU-2025-DG-PDF"",""page"":21,""row_key"":""音乐学|和声|和声学教程"",""section"":""参考书目""}"
FACTSRC-97c09678-7eda-5856-9c6a-a120666d915e,reference_books,BOOK-661b8d48-2bd3-58a9-8f11-c7584d67dcb0,SRC-HFNU-2026-DG,primary_evidence,"{""asset_id"":""ASSET-HFNU-2026-DG-PDF"",""page"":20,""row_key"":""环境设计|建筑速写|建筑速写"",""section"":""参考书目""}"
FACTSRC-9bd7dccc-a3d6-5e4f-850d-11bde9e02e87,reference_books,BOOK-668b43fa-38d9-50c5-98c6-10e0696d6665,SRC-HFNU-2026-DG,primary_evidence,"{""asset_id"":""ASSET-HFNU-2026-DG-PDF"",""page"":22,""row_key"":""音乐学|中国音乐史|中国音乐史"",""section"":""参考书目""}"
FACTSRC-b591745c-ddc2-5127-9c07-fefb4d428572,reference_books,BOOK-6c334ba0-1e40-52b1-8288-16e6c6dfe3d1,SRC-HFNU-2026-DG,primary_evidence,"{""asset_id"":""ASSET-HFNU-2026-DG-PDF"",""page"":34,""row_key"":""经济统计学|微观经济学|西方经济学"",""section"":""参考书目""}"
FACTSRC-c08b7d7b-0e15-5ed8-9512-7b8fbd93daa3,reference_books,BOOK-6d0d05ab-6a03-531b-bc94-6e7079cfc49b,SRC-HFNU-2025-DG,primary_evidence,"{""asset_id"":""ASSET-HFNU-2025-DG-PDF"",""page"":22,""row_key"":""音乐学|中国音乐史|中国音乐史"",""section"":""参考书目""}"
FACTSRC-3d7ce9f9-bd16-5f7c-8e18-f08ccd39fee5,reference_books,BOOK-6d586927-1c2e-5e98-90d9-c28b966bf39e,SRC-HFNU-2024-DG,primary_evidence,"{""asset_id"":""ASSET-HFNU-2024-DG-PDF"",""page"":62,""row_key"":""生物制药|微生物学|微生物学教程"",""section"":""参考书目""}"
FACTSRC-c9837822-a377-5294-aa83-0f3cd12af551,reference_books,BOOK-6ed722d4-4fcd-5aa9-9214-43821828c329,SRC-HFNU-2025-DG,primary_evidence,"{""asset_id"":""ASSET-HFNU-2025-DG-PDF"",""page"":18,""row_key"":""商务英语|综合商务英语|商务英语综合教程1"",""section"":""参考书目""}"
FACTSRC-54b19fb4-e08d-564e-b2f8-1002c6a24df9,reference_books,BOOK-6f3698d9-8bdf-5f1e-8cd9-4f95af90794b,SRC-HFNU-2025-DG,primary_evidence,"{""asset_id"":""ASSET-HFNU-2025-DG-PDF"",""page"":32,""row_key"":""新能源材料与器件|大学物理|普通物理学"",""section"":""参考书目""}"
FACTSRC-118c2d6a-33cc-5ca7-93c3-7c3810b1e388,reference_books,BOOK-70ec8d8b-1779-5580-bce0-8dc12870ed18,SRC-HFNU-2025-DG,primary_evidence,"{""asset_id"":""ASSET-HFNU-2025-DG-PDF"",""page"":19,""row_key"":""动画|插画设计|色彩表现"",""section"":""参考书目""}"
FACTSRC-07892f6f-254c-55fe-bf9e-38dfd80940e4,reference_books,BOOK-70fae3d9-e09d-5d7b-a53c-d3afa32d3dab,SRC-HFNU-2024-DG,primary_evidence,"{""asset_id"":""ASSET-HFNU-2024-DG-PDF"",""page"":9,""row_key"":""财务管理|管理学原理|管理学原理"",""section"":""参考书目""}"
FACTSRC-fe8c8a87-b198-59b3-844b-cb4f16c345a5,reference_books,BOOK-7109a621-84e9-5db2-a2e8-842562924b50,SRC-HFNU-2025-DG,primary_evidence,"{""asset_id"":""ASSET-HFNU-2025-DG-PDF"",""page"":28,""row_key"":""化学工程与工艺|基础分析化学|无机及分析化学(第五版)"",""section"":""参考书目""}"
FACTSRC-149c48af-c4e9-5b0e-823b-10a1f1e1ff38,reference_books,BOOK-73c766d1-8caa-5670-a31e-31b86e1b6752,SRC-HFNU-2024-DG,primary_evidence,"{""asset_id"":""ASSET-HFNU-2024-DG-PDF"",""page"":57,""row_key"":""数据科学与大数据技术|数据结构|新编数据结构习题与解析"",""section"":""参考书目""}"
FACTSRC-4ed06310-22a8-5c94-9820-49bf8a38b622,reference_books,BOOK-740f979c-fc89-577d-8734-bf6c813b0817,SRC-HFNU-2025-DG,primary_evidence,"{""asset_id"":""ASSET-HFNU-2025-DG-PDF"",""page"":44,""row_key"":""生物制药|微生物学|微生物学教程"",""section"":""参考书目""}"
FACTSRC-b9a2ca48-1bb4-511d-9175-094cc3641c48,reference_books,BOOK-74ab7e17-2831-5b76-912b-6a0ada9e6e24,SRC-HFNU-2025-DG,primary_evidence,"{""asset_id"":""ASSET-HFNU-2025-DG-PDF"",""page"":38,""row_key"":""电子信息工程|数字电子技术基础|数字电子技术基础"",""section"":""参考书目""}"
FACTSRC-3b7013a2-2646-5f96-af7e-3eeb4728ee29,reference_books,BOOK-758c7ba7-9192-5576-a05f-6a020411013a,SRC-HFNU-2024-DG,primary_evidence,"{""asset_id"":""ASSET-HFNU-2024-DG-PDF"",""page"":57,""row_key"":""软件工程|数据结构|新编数据结构习题与解析"",""section"":""参考书目""}"
FACTSRC-989d432f-1ced-5feb-baea-425223576c16,reference_books,BOOK-75985bc3-344a-5918-8b4e-df1b75d53631,SRC-HFNU-2026-DG,primary_evidence,"{""asset_id"":""ASSET-HFNU-2026-DG-PDF"",""page"":18,""row_key"":""商务英语|旅游与酒店管理|酒店管理概论"",""section"":""参考书目""}"
FACTSRC-ac826de0-4032-5be4-9377-c7be613e7cf7,reference_books,BOOK-75c7c9cf-36a2-57af-85d8-4ef88b2868a2,SRC-HFNU-2024-DG,primary_evidence,"{""asset_id"":""ASSET-HFNU-2024-DG-PDF"",""page"":29,""row_key"":""制药工程|基础无机化学|无机及分析化学(第五版)"",""section"":""参考书目""}"
FACTSRC-9ec6a5c8-d8e4-5ab1-b607-3c19970ee9ee,reference_books,BOOK-76e20556-1c4b-515a-9501-6c2253bf989e,SRC-HFNU-2026-DG,primary_evidence,"{""asset_id"":""ASSET-HFNU-2026-DG-PDF"",""page"":11,""row_key"":""互联网金融|微观经济学|西方经济学"",""section"":""参考书目""}"
FACTSRC-0dc60790-765f-5c97-9b64-72243ce663f4,reference_books,BOOK-7a114968-0fea-5676-9e5f-c637c7d30e9a,SRC-HFNU-2024-DG,primary_evidence,"{""asset_id"":""ASSET-HFNU-2024-DG-PDF"",""page"":23,""row_key"":""环境设计|室内设计表现|室内设计手绘技法与快题表现"",""section"":""参考书目""}"
FACTSRC-e117fa67-dcb0-5b0a-9782-8fd49a911ca6,reference_books,BOOK-7bb4b1f3-cc04-5671-bb54-cd73246105f2,SRC-HFNU-2026-DG,primary_evidence,"{""asset_id"":""ASSET-HFNU-2026-DG-PDF"",""page"":19,""row_key"":""动画|插画设计|插画设计"",""section"":""参考书目""}"
FACTSRC-1d83b8d5-d0a1-5759-b8a7-61e7549315b5,reference_books,BOOK-7cf2c8f7-c4bc-5669-983a-c5915341933b,SRC-HFNU-2026-DG,primary_evidence,"{""asset_id"":""ASSET-HFNU-2026-DG-PDF"",""page"":6,""row_key"":""学前教育|教育学|教育学原理"",""section"":""参考书目""}"
FACTSRC-8c579fcf-a05c-50e1-b2b7-eb41fef1efb2,reference_books,BOOK-7d857b35-e108-5b81-ab3d-f850263c06eb,SRC-HFNU-2024-DG,primary_evidence,"{""asset_id"":""ASSET-HFNU-2024-DG-PDF"",""page"":29,""row_key"":""药物制剂|基础分析化学|无机及分析化学(第五版)"",""section"":""参考书目""}"
FACTSRC-f76e0252-ee62-51df-970e-bc5f5d21126f,reference_books,BOOK-7ef13c58-00f9-5c8f-ac3f-626ef9accf24,SRC-HFNU-2024-DG,primary_evidence,"{""asset_id"":""ASSET-HFNU-2024-DG-PDF"",""page"":22,""row_key"":""服装与服饰设计|插画设计|色彩表现"",""section"":""参考书目""}"
FACTSRC-dc4aa6b3-2a27-5114-9204-0d04cf44f155,reference_books,BOOK-82f37b4e-5933-5bdb-95e7-2bf950e5f83c,SRC-HFNU-2025-DG,primary_evidence,"{""asset_id"":""ASSET-HFNU-2025-DG-PDF"",""page"":41,""row_key"":""计算机科学与技术|数据结构|数据结构"",""section"":""参考书目""}"
FACTSRC-162d8974-184b-539e-82e4-4258d92cc90f,reference_books,BOOK-8409cd47-4fa8-5c00-a8fd-08eea9d242d8,SRC-HFNU-2026-DG,primary_evidence,"{""asset_id"":""ASSET-HFNU-2026-DG-PDF"",""page"":21,""row_key"":""音乐学|和声|和声学教程"",""section"":""参考书目""}"
FACTSRC-bf6f64bb-b3a4-5245-9503-f2fa8f4558aa,reference_books,BOOK-84740450-c1cb-5021-9bca-ec691b09ceba,SRC-HFNU-2024-DG,primary_evidence,"{""asset_id"":""ASSET-HFNU-2024-DG-PDF"",""page"":29,""row_key"":""化学工程与工艺|基础无机化学|无机及分析化学(第五版)"",""section"":""参考书目""}"
FACTSRC-c997359b-57c7-518e-b69f-4a4ec5176f0f,reference_books,BOOK-84f7f799-6a6a-5df7-be92-f3a03e8aaeb5,SRC-HFNU-2026-DG,primary_evidence,"{""asset_id"":""ASSET-HFNU-2026-DG-PDF"",""page"":19,""row_key"":""服装与服饰设计|插画设计|插画设计"",""section"":""参考书目""}"
FACTSRC-d42f1d5c-b5b0-5ddf-bfb6-853f73878755,reference_books,BOOK-854546a0-34ab-575e-8e2c-d3c41b19d696,SRC-HFNU-2025-DG,primary_evidence,"{""asset_id"":""ASSET-HFNU-2025-DG-PDF"",""page"":20,""row_key"":""环境设计|建筑速写|建筑速写"",""section"":""参考书目""}"
FACTSRC-76b6eed2-993a-595e-8737-efa4b3beb6ff,reference_books,BOOK-85e8fdb9-498d-5e51-9cda-a8d6a210c83b,SRC-HFNU-2024-DG,primary_evidence,"{""asset_id"":""ASSET-HFNU-2024-DG-PDF"",""page"":48,""row_key"":""通信工程|电路分析基础|电路"",""section"":""参考书目""}"
FACTSRC-590824a6-8a33-5e19-b165-30f1de78d2a7,reference_books,BOOK-864e8eb1-f47c-5e74-8eea-e41d792817fc,SRC-HFNU-2025-DG,primary_evidence,"{""asset_id"":""ASSET-HFNU-2025-DG-PDF"",""page"":6,""row_key"":""小学教育|教育学|教育学原理"",""section"":""参考书目""}"
FACTSRC-ded2fedf-2ef9-5669-a448-9e39760c9305,reference_books,BOOK-8b36bbef-71dd-55ab-8e5d-6df9d743ff93,SRC-HFNU-2026-DG,primary_evidence,"{""asset_id"":""ASSET-HFNU-2026-DG-PDF"",""page"":39,""row_key"":""电子信息工程|数字电子技术基础|数字电子技术基础"",""section"":""参考书目""}"
FACTSRC-0b4a4e4d-40b6-567e-9128-6bdd00ac3d07,reference_books,BOOK-8c0b90f0-a6c0-5df7-85ab-0f930f754cf2,SRC-HFNU-2026-DG,primary_evidence,"{""asset_id"":""ASSET-HFNU-2026-DG-PDF"",""page"":11,""row_key"":""互联网金融|会计学原理|基础会计"",""section"":""参考书目""}"
FACTSRC-c046effb-5a67-5705-a62b-019cdccc1622,reference_books,BOOK-8f10a2a5-b154-5c48-8d7e-2d0768ee4f91,SRC-HFNU-2025-DG,primary_evidence,"{""asset_id"":""ASSET-HFNU-2025-DG-PDF"",""page"":34,""row_key"":""经济统计学|统计学|经济统计学"",""section"":""参考书目""}"
FACTSRC-3570f105-f9c3-5eff-9f23-5ed0fb7583ad,reference_books,BOOK-91040079-5b0f-5b29-824d-05bddbcc3bb1,SRC-HFNU-2024-DG,primary_evidence,"{""asset_id"":""ASSET-HFNU-2024-DG-PDF"",""page"":27,""row_key"":""运动康复|运动解剖生理学|运动解剖学"",""section"":""参考书目""}"
FACTSRC-2b9b021c-11a7-59f7-858a-af9ee69517f9,reference_books,BOOK-91dd1eea-27f2-52b4-8ccc-0418a1ee9932,SRC-HFNU-2025-DG,primary_evidence,"{""asset_id"":""ASSET-HFNU-2025-DG-PDF"",""page"":19,""row_key"":""视觉传达设计|插画设计|色彩表现"",""section"":""参考书目""}"
FACTSRC-b3eee8b2-aa50-59d3-bdef-bcff65a67345,reference_books,BOOK-92797400-7030-5b6d-9b91-efcd40e11093,SRC-HFNU-2024-DG,primary_evidence,"{""asset_id"":""ASSET-HFNU-2024-DG-PDF"",""page"":21,""row_key"":""商务英语|旅游与酒店管理|导游业务"",""section"":""参考书目""}"
FACTSRC-e83ab42c-e5c5-5de5-a724-909398ea17eb,reference_books,BOOK-92ea9def-fed4-5db2-ae33-07255cd20895,SRC-HFNU-2025-DG,primary_evidence,"{""asset_id"":""ASSET-HFNU-2025-DG-PDF"",""page"":6,""row_key"":""学前教育|心理学|心理学"",""section"":""参考书目""}"
FACTSRC-edb1b2f4-2c4f-5830-af65-78b0f753ebad,reference_books,BOOK-94c7eb72-903d-5c61-b564-58a6ad567cb9,SRC-HFNU-2024-DG,primary_evidence,"{""asset_id"":""ASSET-HFNU-2024-DG-PDF"",""page"":35,""row_key"":""材料科学与工程|大学物理|普通物理学"",""section"":""参考书目""}"
FACTSRC-7959d388-f020-525f-b238-4c92b4b001c8,reference_books,BOOK-9517b62a-c868-527d-a330-f00dca276659,SRC-HFNU-2024-DG,primary_evidence,"{""asset_id"":""ASSET-HFNU-2024-DG-PDF"",""page"":53,""row_key"":""电气工程及其自动化|自动控制原理|自动控制原理"",""section"":""参考书目""}"
FACTSRC-a4b5389a-9d89-53fa-8fde-0e498453b574,reference_books,BOOK-952a8b40-0f01-50e5-9d3c-9dbbccc1b810,SRC-HFNU-2025-DG,primary_evidence,"{""asset_id"":""ASSET-HFNU-2025-DG-PDF"",""page"":28,""row_key"":""制药工程|基础分析化学|无机及分析化学(第五版)"",""section"":""参考书目""}"
FACTSRC-315e324a-b603-518c-9a69-691797e41e23,reference_books,BOOK-95f3b7fd-3a75-5920-ba9a-4c47b6fe0b67,SRC-HFNU-2024-DG,primary_evidence,"{""asset_id"":""ASSET-HFNU-2024-DG-PDF"",""page"":6,""row_key"":""学前教育|教育学|教育学原理"",""section"":""参考书目""}"
FACTSRC-db48624f-ca52-511c-8b60-aa54066bb1ee,reference_books,BOOK-992f8cf8-bfbc-5688-9bac-1311bb4134c2,SRC-HFNU-2024-DG,primary_evidence,"{""asset_id"":""ASSET-HFNU-2024-DG-PDF"",""page"":22,""row_key"":""视觉传达设计|插画设计|插画设计"",""section"":""参考书目""}"
FACTSRC-595f7ace-9968-52e4-8bb3-c280c23b1cdc,reference_books,BOOK-9b2cc5fd-e1f1-5fa4-a95a-e523b8570666,SRC-HFNU-2026-DG,primary_evidence,"{""asset_id"":""ASSET-HFNU-2026-DG-PDF"",""page"":19,""row_key"":""视觉传达设计|人物速写|速写"",""section"":""参考书目""}"
FACTSRC-ed4d6b1c-5322-5f1a-b12f-1e827252b8fd,reference_books,BOOK-a0e2d55c-305f-53b1-87d0-b7470994f6f7,SRC-HFNU-2024-DG,primary_evidence,"{""asset_id"":""ASSET-HFNU-2024-DG-PDF"",""page"":57,""row_key"":""软件工程|数据结构|数据结构"",""section"":""参考书目""}"
FACTSRC-779541a7-01c4-51d9-acf1-49ee0471aac8,reference_books,BOOK-a0fbd8ea-fc7e-5588-a2c6-6240f8df55e8,SRC-HFNU-2026-DG,primary_evidence,"{""asset_id"":""ASSET-HFNU-2026-DG-PDF"",""page"":41,""row_key"":""计算机科学与技术|C语言程序设计|C语言程序设计"",""section"":""参考书目""}"
FACTSRC-bc49cf5a-7b75-54c1-aec2-b3294eff3cf8,reference_books,BOOK-a1d51b8c-903d-5732-8e68-1431b4e1e341,SRC-HFNU-2024-DG,primary_evidence,"{""asset_id"":""ASSET-HFNU-2024-DG-PDF"",""page"":22,""row_key"":""动画|插画设计|插画设计"",""section"":""参考书目""}"
FACTSRC-7fe901d8-3fa7-5132-8018-00d5c37222f2,reference_books,BOOK-a21dafcf-f8cc-541d-8843-2bb84d71e688,SRC-HFNU-2025-DG,primary_evidence,"{""asset_id"":""ASSET-HFNU-2025-DG-PDF"",""page"":8,""row_key"":""市场营销|会计学原理|基础会计"",""section"":""参考书目""}"
FACTSRC-15a53a2b-01dd-5c00-8eed-151908c07662,reference_books,BOOK-a578d6ea-8ea5-5a0e-a8f3-ea4b6459ebd5,SRC-HFNU-2024-DG,primary_evidence,"{""asset_id"":""ASSET-HFNU-2024-DG-PDF"",""page"":22,""row_key"":""动画|人物速写|速写"",""section"":""参考书目""}"
FACTSRC-0efc25d5-208a-50e2-b932-9a2a078d1093,reference_books,BOOK-a681ba53-0fec-525d-9e06-a17425f6a4a3,SRC-HFNU-2026-DG,primary_evidence,"{""asset_id"":""ASSET-HFNU-2026-DG-PDF"",""page"":30,""row_key"":""新能源材料与器件|无机化学|无机化学简明教程"",""section"":""参考书目""}"
FACTSRC-eb039773-0723-55f5-9917-3da9bb37ceed,reference_books,BOOK-a71ac350-bc6a-5a44-af36-dde26a1f1913,SRC-HFNU-2026-DG,primary_evidence,"{""asset_id"":""ASSET-HFNU-2026-DG-PDF"",""page"":22,""row_key"":""音乐学|中国音乐史|中国音乐史与名作赏析"",""section"":""参考书目""}"
FACTSRC-3406c97a-3855-5325-a66f-b0ab6bc75814,reference_books,BOOK-a9748980-49e1-5b0e-8315-19a726f1caf9,SRC-HFNU-2024-DG,primary_evidence,"{""asset_id"":""ASSET-HFNU-2024-DG-PDF"",""page"":57,""row_key"":""计算机科学与技术|数据结构|新编数据结构习题与解析"",""section"":""参考书目""}"
FACTSRC-7cefdc5f-04be-530e-b8bf-647d64a2df38,reference_books,BOOK-aa4bae5e-fbb1-5797-b92f-789e5a12b7cd,SRC-HFNU-2026-DG,primary_evidence,"{""asset_id"":""ASSET-HFNU-2026-DG-PDF"",""page"":26,""row_key"":""运动康复|运动解剖生理学|运动解剖生理学"",""section"":""参考书目""}"
FACTSRC-e4a31358-23f4-52c1-b442-ce054ec6c498,reference_books,BOOK-ac6b437a-d5b2-50c3-b50a-3692a4fe4784,SRC-HFNU-2025-DG,primary_evidence,"{""asset_id"":""ASSET-HFNU-2025-DG-PDF"",""page"":41,""row_key"":""软件工程|数据结构|数据结构"",""section"":""参考书目""}"
FACTSRC-d7fb8bff-9770-52b7-b03b-d406853de3d7,reference_books,BOOK-aedd570d-3b34-57e6-8ed2-8c474c1bdbc0,SRC-HFNU-2025-DG,primary_evidence,"{""asset_id"":""ASSET-HFNU-2025-DG-PDF"",""page"":38,""row_key"":""电子信息工程|电路分析基础|电路"",""section"":""参考书目""}"
FACTSRC-59447771-47f2-54e1-9d46-e1dc8565d5bc,reference_books,BOOK-af202caf-7f01-557b-9895-674ddc938799,SRC-HFNU-2026-DG,primary_evidence,"{""asset_id"":""ASSET-HFNU-2026-DG-PDF"",""page"":41,""row_key"":""网络工程|C语言程序设计|C语言程序设计"",""section"":""参考书目""}"
FACTSRC-9d86c3cb-8c5c-5bab-9b6e-7ed3da6fca2b,reference_books,BOOK-b1496459-4cf7-50a5-b67e-da14612b359f,SRC-HFNU-2025-DG,primary_evidence,"{""asset_id"":""ASSET-HFNU-2025-DG-PDF"",""page"":28,""row_key"":""制药工程|基础无机化学|无机及分析化学(第五版)"",""section"":""参考书目""}"
FACTSRC-144f253c-dc77-50ed-8aa0-3cec08126225,reference_books,BOOK-b1bb5c04-43ee-59b7-baac-25ea8a02b099,SRC-HFNU-2026-DG,primary_evidence,"{""asset_id"":""ASSET-HFNU-2026-DG-PDF"",""page"":42,""row_key"":""软件工程|数据结构|数据结构"",""section"":""参考书目""}"
FACTSRC-243165b5-8921-53cd-b928-3fe1b8957448,reference_books,BOOK-b26b86ba-0ad5-59eb-b8c2-3801e5f69729,SRC-HFNU-2025-DG,primary_evidence,"{""asset_id"":""ASSET-HFNU-2025-DG-PDF"",""page"":41,""row_key"":""数据科学与大数据技术|数据结构|数据结构"",""section"":""参考书目""}"
FACTSRC-1ec9effd-d951-57db-8280-8a5522d6d2a7,reference_books,BOOK-b33fc819-8b74-5630-b7c5-3c4b93cc198d,SRC-HFNU-2024-DG,primary_evidence,"{""asset_id"":""ASSET-HFNU-2024-DG-PDF"",""page"":53,""row_key"":""电气工程及其自动化|电路分析基础|电路分析基础"",""section"":""参考书目""}"
FACTSRC-1411443e-6431-58e0-a362-b99c3334d010,reference_books,BOOK-b4c1d7c7-7479-57d2-852a-db6644b2469d,SRC-HFNU-2026-DG,primary_evidence,"{""asset_id"":""ASSET-HFNU-2026-DG-PDF"",""page"":45,""row_key"":""食品质量与安全|生物化学|生物化学简明教程"",""section"":""参考书目""}"
FACTSRC-a9470c42-6483-5c26-a9d1-67c4abf02524,reference_books,BOOK-b5238fac-559f-53f1-9618-51c94bd50ae3,SRC-HFNU-2024-DG,primary_evidence,"{""asset_id"":""ASSET-HFNU-2024-DG-PDF"",""page"":27,""row_key"":""运动康复|康复功能评定学|康复功能评定学"",""section"":""参考书目""}"
FACTSRC-6eef4d41-6834-5572-b78e-892b1f828eae,reference_books,BOOK-b69fcc38-869d-5bee-b2f5-ea5bbeccfd77,SRC-HFNU-2025-DG,primary_evidence,"{""asset_id"":""ASSET-HFNU-2025-DG-PDF"",""page"":20,""row_key"":""环境设计|室内设计表现|色彩表现"",""section"":""参考书目""}"
FACTSRC-3f89ea5f-6ea3-54f0-a543-33d84fa08ee5,reference_books,BOOK-b70c34cd-32b3-5e20-b598-1521dab9d1ad,SRC-HFNU-2025-DG,primary_evidence,"{""asset_id"":""ASSET-HFNU-2025-DG-PDF"",""page"":19,""row_key"":""视觉传达设计|人物速写|速写"",""section"":""参考书目""}"
FACTSRC-e1b649f7-db24-533d-8c05-4724da4b9462,reference_books,BOOK-b8fc62a0-5608-5ccd-b3f3-7124968c7433,SRC-HFNU-2024-DG,primary_evidence,"{""asset_id"":""ASSET-HFNU-2024-DG-PDF"",""page"":17,""row_key"":""网络与新媒体|传播学概论|传播学概论 (第二版)"",""section"":""参考书目""}"
FACTSRC-002057c7-a864-5b63-a154-803ae512cc1a,reference_books,BOOK-b971135c-b6d4-5d72-a719-d686cf5a843a,SRC-HFNU-2024-DG,primary_evidence,"{""asset_id"":""ASSET-HFNU-2024-DG-PDF"",""page"":22,""row_key"":""动画|插画设计|色彩表现"",""section"":""参考书目""}"
FACTSRC-ae74dd9b-16a7-58d9-a2cf-bbf63e5d5fb5,reference_books,BOOK-ba4b792e-4b17-53a4-a421-7a98bbcbde07,SRC-HFNU-2024-DG,primary_evidence,"{""asset_id"":""ASSET-HFNU-2024-DG-PDF"",""page"":6,""row_key"":""小学教育|心理学|心理学"",""section"":""参考书目""}"
FACTSRC-6a05e670-c6d2-5a5c-99bb-a7423dc2b3cb,reference_books,BOOK-bab83437-c686-5fc8-a6c9-8c0436ee0513,SRC-HFNU-2026-DG,primary_evidence,"{""asset_id"":""ASSET-HFNU-2026-DG-PDF"",""page"":18,""row_key"":""商务英语|综合商务英语|商务英语综合教程1"",""section"":""参考书目""}"
FACTSRC-faa627cf-1290-532f-8b6c-848b4e0a44c9,reference_books,BOOK-bbb3fcc2-a8e8-56be-80b3-0f0dd5eee18c,SRC-HFNU-2025-DG,primary_evidence,"{""asset_id"":""ASSET-HFNU-2025-DG-PDF"",""page"":38,""row_key"":""通信工程|电路分析基础|电路"",""section"":""参考书目""}"
FACTSRC-744cae78-7f03-5adc-bcf0-7466441a5018,reference_books,BOOK-bbd758a8-422e-5df2-91a3-82f04b05f2ff,SRC-HFNU-2024-DG,primary_evidence,"{""asset_id"":""ASSET-HFNU-2024-DG-PDF"",""page"":57,""row_key"":""网络工程|数据结构|数据结构"",""section"":""参考书目""}"
FACTSRC-60abaf26-f85d-5643-b11f-5a8069b3d87c,reference_books,BOOK-bf50f709-7bcd-5186-b570-4b12841f3df4,SRC-HFNU-2025-DG,primary_evidence,"{""asset_id"":""ASSET-HFNU-2025-DG-PDF"",""page"":11,""row_key"":""互联网金融|会计学原理|基础会计"",""section"":""参考书目""}"
FACTSRC-67091f6a-a528-5175-8d6c-1c9b2297335a,reference_books,BOOK-bfd030a7-0514-5f53-9f25-0525b13ab9d9,SRC-HFNU-2024-DG,primary_evidence,"{""asset_id"":""ASSET-HFNU-2024-DG-PDF"",""page"":21,""row_key"":""商务英语|旅游与酒店管理|酒店管理概论"",""section"":""参考书目""}"
FACTSRC-c25c9637-c64d-50d7-b29f-b12682f149e4,reference_books,BOOK-c0bfe779-a2f4-5ea3-ba18-529dda9dd279,SRC-HFNU-2024-DG,primary_evidence,"{""asset_id"":""ASSET-HFNU-2024-DG-PDF"",""page"":38,""row_key"":""经济统计学|微观经济学|西方经济学"",""section"":""参考书目""}"
FACTSRC-2e5c5dd8-e775-5f34-84fd-db9a4ff39b21,reference_books,BOOK-c2e00e96-6354-5478-9b56-a106efd007ea,SRC-HFNU-2024-DG,primary_evidence,"{""asset_id"":""ASSET-HFNU-2024-DG-PDF"",""page"":48,""row_key"":""通信工程|电路分析基础|电路分析基础"",""section"":""参考书目""}"
FACTSRC-43a189e1-5ebe-5834-87e5-4614b46e8ae3,reference_books,BOOK-c4b31d81-67fb-5f2d-823f-0af003afaa6c,SRC-HFNU-2026-DG,primary_evidence,"{""asset_id"":""ASSET-HFNU-2026-DG-PDF"",""page"":39,""row_key"":""通信工程|数字电子技术基础|数字电子技术基础"",""section"":""参考书目""}"
FACTSRC-4972f736-ffee-5026-8b2b-c1f038690ed2,reference_books,BOOK-c63353f2-f167-52b0-baed-c396daa61f76,SRC-HFNU-2024-DG,primary_evidence,"{""asset_id"":""ASSET-HFNU-2024-DG-PDF"",""page"":9,""row_key"":""市场营销|管理学原理|管理学原理"",""section"":""参考书目""}"
FACTSRC-0a2947dd-4897-5092-9881-252e781d9b0d,reference_books,BOOK-c6385fc2-f9a9-5e9e-83e1-fde0c4cd9060,SRC-HFNU-2026-DG,primary_evidence,"{""asset_id"":""ASSET-HFNU-2026-DG-PDF"",""page"":42,""row_key"":""网络工程|数据结构|数据结构"",""section"":""参考书目""}"
FACTSRC-7fc55100-cde4-5d21-9607-9d26fb3339c0,reference_books,BOOK-c843ca0c-888c-5810-8a6c-7679ab4aacbd,SRC-HFNU-2024-DG,primary_evidence,"{""asset_id"":""ASSET-HFNU-2024-DG-PDF"",""page"":62,""row_key"":""食品质量与安全|生物化学|生物化学简明教程"",""section"":""参考书目""}"
FACTSRC-ae25908e-8b50-5b24-b5ea-622c8b509a12,reference_books,BOOK-c92b7563-0329-527e-8c4f-adc4f5ca4c92,SRC-HFNU-2024-DG,primary_evidence,"{""asset_id"":""ASSET-HFNU-2024-DG-PDF"",""page"":9,""row_key"":""人力资源管理|管理学原理|管理学原理"",""section"":""参考书目""}"
FACTSRC-76d7b46f-5b45-59d3-99ab-58d0220c0528,reference_books,BOOK-c9775388-4db3-53c8-9372-be44ee01dc91,SRC-HFNU-2024-DG,primary_evidence,"{""asset_id"":""ASSET-HFNU-2024-DG-PDF"",""page"":17,""row_key"":""网络与新媒体|新闻学概论|新闻学概论"",""section"":""参考书目""}"
FACTSRC-ef4f570a-4d49-537d-92b4-4b4ffa2dcd28,reference_books,BOOK-ca9ffe20-1adc-53be-907b-906cbc35d1e8,SRC-HFNU-2024-DG,primary_evidence,"{""asset_id"":""ASSET-HFNU-2024-DG-PDF"",""page"":43,""row_key"":""电子信息工程|数字电子技术基础|数字电子技术基础"",""section"":""参考书目""}"
FACTSRC-8a8a4969-9eea-53fe-a4c7-ff5d650f90de,reference_books,BOOK-cd274631-ab30-53f8-a2ee-4c905b69fff7,SRC-HFNU-2024-DG,primary_evidence,"{""asset_id"":""ASSET-HFNU-2024-DG-PDF"",""page"":29,""row_key"":""化学工程与工艺|基础分析化学|无机及分析化学(第五版)"",""section"":""参考书目""}"
FACTSRC-e29ff03e-1ea1-59fa-9e86-1e9deb7c0b45,reference_books,BOOK-cd46ac0f-7276-5655-be58-7aab51c46f53,SRC-HFNU-2025-DG,primary_evidence,"{""asset_id"":""ASSET-HFNU-2025-DG-PDF"",""page"":30,""row_key"":""新能源材料与器件|无机化学|无机化学简明教程"",""section"":""参考书目""}"
FACTSRC-a211ac7b-d3a5-566d-8694-be1b858007da,reference_books,BOOK-cde67f40-1fde-5a4e-8abf-4515fac2afca,SRC-HFNU-2026-DG,primary_evidence,"{""asset_id"":""ASSET-HFNU-2026-DG-PDF"",""page"":6,""row_key"":""学前教育|心理学|心理学"",""section"":""参考书目""}"
FACTSRC-3fb2af78-1b88-5728-8ef4-e6d611aa288d,reference_books,BOOK-cf821173-2c55-533f-adcc-188cf99c8bd0,SRC-HFNU-2026-DG,primary_evidence,"{""asset_id"":""ASSET-HFNU-2026-DG-PDF"",""page"":45,""row_key"":""食品质量与安全|微生物学|微生物学教程"",""section"":""参考书目""}"
FACTSRC-a73147ba-d38e-55c4-9a63-ba681ec26536,reference_books,BOOK-d1859ac4-d7e4-51fa-b2ab-4e99585162cf,SRC-HFNU-2025-DG,primary_evidence,"{""asset_id"":""ASSET-HFNU-2025-DG-PDF"",""page"":8,""row_key"":""人力资源管理|管理学原理|管理学原理"",""section"":""参考书目""}"
FACTSRC-b82464d7-f4d7-5049-8347-9e6f45e7b38d,reference_books,BOOK-d1a0b5f2-74ec-5b2c-bf59-64fff23eb239,SRC-HFNU-2025-DG,primary_evidence,"{""asset_id"":""ASSET-HFNU-2025-DG-PDF"",""page"":19,""row_key"":""视觉传达设计|插画设计|插画设计"",""section"":""参考书目""}"
FACTSRC-ed0b4468-2a08-5f42-a877-451c31c29268,reference_books,BOOK-d27524bb-77fa-5b26-9d97-dc1559c91b2b,SRC-HFNU-2026-DG,primary_evidence,"{""asset_id"":""ASSET-HFNU-2026-DG-PDF"",""page"":19,""row_key"":""动画|人物速写|速写"",""section"":""参考书目""}"
FACTSRC-105a378a-1853-5620-8492-8e4bd1610761,reference_books,BOOK-d35d33aa-bf55-5371-8ba6-01e3a9cbbf63,SRC-HFNU-2024-DG,primary_evidence,"{""asset_id"":""ASSET-HFNU-2024-DG-PDF"",""page"":57,""row_key"":""计算机科学与技术|数据结构|数据结构"",""section"":""参考书目""}"
FACTSRC-718fd8ab-e053-5c3d-abb6-b5ecfde76da2,reference_books,BOOK-d52aeec4-101a-56cf-9366-9dc074d39867,SRC-HFNU-2024-DG,primary_evidence,"{""asset_id"":""ASSET-HFNU-2024-DG-PDF"",""page"":9,""row_key"":""财务管理|会计学原理|基础会计"",""section"":""参考书目""}"
FACTSRC-a35117f4-996a-59a4-a859-5ef65a10740e,reference_books,BOOK-d8a41609-bcb6-531e-8bfc-a78a8b3847ae,SRC-HFNU-2025-DG,primary_evidence,"{""asset_id"":""ASSET-HFNU-2025-DG-PDF"",""page"":44,""row_key"":""食品质量与安全|生物化学|生物化学简明教程"",""section"":""参考书目""}"
FACTSRC-4b9e97fc-54ea-56a7-a93a-3343bd97f3af,reference_books,BOOK-da35e6b2-0b54-54e6-a60e-058680d7db8b,SRC-HFNU-2025-DG,primary_evidence,"{""asset_id"":""ASSET-HFNU-2025-DG-PDF"",""page"":44,""row_key"":""生物制药|生物化学|生物化学简明教程"",""section"":""参考书目""}"
FACTSRC-b8b19125-9232-5394-baa5-41210a3ed9ba,reference_books,BOOK-dcee36c7-59b8-5806-b48b-dfe29dbe0c7e,SRC-HFNU-2026-DG,primary_evidence,"{""asset_id"":""ASSET-HFNU-2026-DG-PDF"",""page"":20,""row_key"":""环境设计|室内设计表现|色彩表现"",""section"":""参考书目""}"
FACTSRC-ba5dc789-ce45-54b8-a343-7aca76a04afd,reference_books,BOOK-dd067a5a-1537-57f2-8095-34e258508ed9,SRC-HFNU-2025-DG,primary_evidence,"{""asset_id"":""ASSET-HFNU-2025-DG-PDF"",""page"":19,""row_key"":""动画|人物速写|速写"",""section"":""参考书目""}"
FACTSRC-62d91192-6cff-5e71-a666-8da08263ebba,reference_books,BOOK-dd75b81f-5b9a-560f-bdf1-742b14a6601d,SRC-HFNU-2026-DG,primary_evidence,"{""asset_id"":""ASSET-HFNU-2026-DG-PDF"",""page"":39,""row_key"":""通信工程|电路分析基础|电路"",""section"":""参考书目""}"
FACTSRC-a6dd4d83-a194-52ac-89e1-2ecfe3fdfb9f,reference_books,BOOK-df21ec03-3111-5185-b9c2-eb1f5a6be832,SRC-HFNU-2026-DG,primary_evidence,"{""asset_id"":""ASSET-HFNU-2026-DG-PDF"",""page"":18,""row_key"":""商务英语|旅游与酒店管理|导游业务"",""section"":""参考书目""}"
FACTSRC-be326ae1-ef3f-5d25-b724-c3014f915448,reference_books,BOOK-df5bf0af-f0bb-5bf6-ae01-8fcf514edcd7,SRC-HFNU-2026-DG,primary_evidence,"{""asset_id"":""ASSET-HFNU-2026-DG-PDF"",""page"":39,""row_key"":""电气工程及其自动化|数字电子技术基础|数字电子技术基础"",""section"":""参考书目""}"
FACTSRC-98a0ac72-9e9c-52e1-bbfa-0fdb58850d87,reference_books,BOOK-df6e8271-fcbd-5b70-aabb-d1964bf0b6d1,SRC-HFNU-2024-DG,primary_evidence,"{""asset_id"":""ASSET-HFNU-2024-DG-PDF"",""page"":9,""row_key"":""市场营销|会计学原理|基础会计"",""section"":""参考书目""}"
FACTSRC-98cf285e-6a2d-5801-9f11-c0495c576f70,reference_books,BOOK-dfec2ea0-8d2d-5e01-9c63-bbf353ac7d4a,SRC-HFNU-2025-DG,primary_evidence,"{""asset_id"":""ASSET-HFNU-2025-DG-PDF"",""page"":15,""row_key"":""网络与新媒体|新闻学概论|新闻学概论(第六版)"",""section"":""参考书目""}"
FACTSRC-3d901763-b088-53a7-b6be-298cd023ce47,reference_books,BOOK-e03db001-5473-5d14-a71e-1a9f52f46765,SRC-HFNU-2026-DG,primary_evidence,"{""asset_id"":""ASSET-HFNU-2026-DG-PDF"",""page"":8,""row_key"":""财务管理|会计学原理|基础会计"",""section"":""参考书目""}"
FACTSRC-625969af-35be-56ba-bdc1-a17815c907db,reference_books,BOOK-e1e7261f-63d8-5e80-a99a-86a73e081681,SRC-HFNU-2025-DG,primary_evidence,"{""asset_id"":""ASSET-HFNU-2025-DG-PDF"",""page"":8,""row_key"":""财务管理|管理学原理|管理学原理"",""section"":""参考书目""}"
FACTSRC-20fafae6-bb80-5c14-9f3e-88d4954ed394,reference_books,BOOK-e34a01c9-7962-52d1-acfa-1ea3b61327ad,SRC-HFNU-2025-DG,primary_evidence,"{""asset_id"":""ASSET-HFNU-2025-DG-PDF"",""page"":41,""row_key"":""网络工程|数据结构|新编数据结构习题与解析"",""section"":""参考书目""}"
FACTSRC-b4457572-94da-5e04-9d98-74eda6618eeb,reference_books,BOOK-e3e229c3-3dfc-5106-bdd7-9a549a303a73,SRC-HFNU-2025-DG,primary_evidence,"{""asset_id"":""ASSET-HFNU-2025-DG-PDF"",""page"":40,""row_key"":""数据科学与大数据技术|C语言程序设计|C语言程序设计"",""section"":""参考书目""}"
FACTSRC-45a62d10-0d51-59c2-a4b6-ab969a3dd427,reference_books,BOOK-e516fe12-c6e2-5038-a65c-749a44c219d5,SRC-HFNU-2026-DG,primary_evidence,"{""asset_id"":""ASSET-HFNU-2026-DG-PDF"",""page"":28,""row_key"":""化学工程与工艺|基础分析化学|无机及分析化学(第五版)"",""section"":""参考书目""}"
FACTSRC-af370681-d943-571a-a8e0-8801a50bfb44,reference_books,BOOK-e7d238b1-50bd-5b49-af77-9c9b5f1397b1,SRC-HFNU-2024-DG,primary_evidence,"{""asset_id"":""ASSET-HFNU-2024-DG-PDF"",""page"":35,""row_key"":""新能源材料与器件|大学物理|普通物理学"",""section"":""参考书目""}"
FACTSRC-2bd771aa-5981-5e91-a20c-da32d0277aaf,reference_books,BOOK-eb356213-6e6b-5ee0-bc5d-47e917df9161,SRC-HFNU-2025-DG,primary_evidence,"{""asset_id"":""ASSET-HFNU-2025-DG-PDF"",""page"":28,""row_key"":""化学工程与工艺|基础无机化学|无机及分析化学(第五版)"",""section"":""参考书目""}"
FACTSRC-1a86b76b-6d09-515e-9844-eeaf14a4e498,reference_books,BOOK-ebe422af-1250-5c74-8ade-7258d66479ac,SRC-HFNU-2024-DG,primary_evidence,"{""asset_id"":""ASSET-HFNU-2024-DG-PDF"",""page"":48,""row_key"":""通信工程|数字电子技术基础|数字电子技术基础"",""section"":""参考书目""}"
FACTSRC-285d8740-5904-5e91-9da8-13c744b1f6a4,reference_books,BOOK-ed5726f8-2da9-53a0-9c52-903ac81811c6,SRC-HFNU-2025-DG,primary_evidence,"{""asset_id"":""ASSET-HFNU-2025-DG-PDF"",""page"":40,""row_key"":""计算机科学与技术|C语言程序设计|C语言程序设计"",""section"":""参考书目""}"
FACTSRC-114736f9-75c6-5f23-bee3-389c3e2d5a97,reference_books,BOOK-ef554ed8-2969-5f63-9c1c-02b9c649fe3c,SRC-HFNU-2024-DG,primary_evidence,"{""asset_id"":""ASSET-HFNU-2024-DG-PDF"",""page"":6,""row_key"":""学前教育|心理学|心理学"",""section"":""参考书目""}"
FACTSRC-bde7d444-ea69-587f-9852-2dfdad3c6ea3,reference_books,BOOK-f2238f5f-a9de-5625-ae22-b3f3b6dd7933,SRC-HFNU-2026-DG,primary_evidence,"{""asset_id"":""ASSET-HFNU-2026-DG-PDF"",""page"":28,""row_key"":""药物制剂|基础分析化学|无机及分析化学(第五版)"",""section"":""参考书目""}"
FACTSRC-00e3e95c-524f-5249-b699-2cfc284a790e,reference_books,BOOK-f285a68e-df34-5f48-89ce-82387f385b9f,SRC-HFNU-2026-DG,primary_evidence,"{""asset_id"":""ASSET-HFNU-2026-DG-PDF"",""page"":42,""row_key"":""计算机科学与技术|数据结构|数据结构"",""section"":""参考书目""}"
FACTSRC-94dbf22b-b876-5ec4-a8d1-85774d408018,reference_books,BOOK-f2b13410-9ca9-51db-86a3-b58f74d6e353,SRC-HFNU-2025-DG,primary_evidence,"{""asset_id"":""ASSET-HFNU-2025-DG-PDF"",""page"":8,""row_key"":""市场营销|管理学原理|管理学原理"",""section"":""参考书目""}"
FACTSRC-52ca9238-20a3-5a0b-9191-a3b8ee0324f9,reference_books,BOOK-f3cfcca4-222f-5b4a-931d-05d00648a4ce,SRC-HFNU-2026-DG,primary_evidence,"{""asset_id"":""ASSET-HFNU-2026-DG-PDF"",""page"":8,""row_key"":""财务管理|管理学原理|管理学原理"",""section"":""参考书目""}"
FACTSRC-26915304-c6c6-5754-9db1-201eb0392c7d,reference_books,BOOK-f5ff7d4b-6090-57bf-a3a0-8ff2d2a24ce8,SRC-HFNU-2024-DG,primary_evidence,"{""asset_id"":""ASSET-HFNU-2024-DG-PDF"",""page"":22,""row_key"":""视觉传达设计|人物速写|速写"",""section"":""参考书目""}"
FACTSRC-2ccf5a84-d321-5abf-9657-5457aaf64053,reference_books,BOOK-f8e3a38a-4fbd-55a0-bbd9-b5023cab41ac,SRC-HFNU-2026-DG,primary_evidence,"{""asset_id"":""ASSET-HFNU-2026-DG-PDF"",""page"":19,""row_key"":""视觉传达设计|插画设计|色彩表现"",""section"":""参考书目""}"
FACTSRC-a09275d0-a37a-5bb5-882d-290077e5b396,reference_books,BOOK-fb1c2990-378a-56d8-922f-9c29a9942a1e,SRC-HFNU-2026-DG,primary_evidence,"{""asset_id"":""ASSET-HFNU-2026-DG-PDF"",""page"":45,""row_key"":""生物制药|微生物学|微生物学教程"",""section"":""参考书目""}"
FACTSRC-1be0fb18-a260-545f-8326-426a266e6181,reference_books,BOOK-fb27ded4-44c4-5788-a495-03119313b681,SRC-HFNU-2025-DG,primary_evidence,"{""asset_id"":""ASSET-HFNU-2025-DG-PDF"",""page"":26,""row_key"":""运动康复|运动解剖生理学|运动解剖生理学"",""section"":""参考书目""}"
FACTSRC-a830b527-d67c-5ea6-a52c-0be5abd8427e,reference_books,BOOK-fff93b6d-f785-501d-a909-cf0a95747e3a,SRC-HFNU-2026-DG,primary_evidence,"{""asset_id"":""ASSET-HFNU-2026-DG-PDF"",""page"":45,""row_key"":""生物制药|生物化学|生物化学简明教程"",""section"":""参考书目""}"
FACTSRC-3eead834-53e7-544c-9802-380b978be253,syllabus,SYLL-00d2b663-34e7-5092-b2b6-edc8bcaf731c,SRC-HFNU-2025-DG,primary_evidence,"{""asset_id"":""ASSET-HFNU-2025-DG-PDF"",""page"":20,""row_key"":""环境设计|建筑速写"",""section"":""建筑速写""}"
FACTSRC-2ab3b1f5-9fc9-5008-a268-233bfe67d4dc,syllabus,SYLL-028647b0-e784-52f7-a8db-8435e6739864,SRC-HFNU-2026-DG,primary_evidence,"{""asset_id"":""ASSET-HFNU-2026-DG-PDF"",""page"":""7-8"",""row_key"":""人力资源管理|管理学原理"",""section"":""管理学原理""}"
FACTSRC-a994bc00-cc3e-570e-bcb2-ffb3467bd514,syllabus,SYLL-02b94636-7639-5192-9cea-e29d39cdf583,SRC-HFNU-2024-DG,primary_evidence,"{""asset_id"":""ASSET-HFNU-2024-DG-PDF"",""page"":""19-21"",""row_key"":""商务英语|旅游与酒店管理"",""section"":""旅游与酒店管理""}"
FACTSRC-e7487a5c-4b5b-5465-b73c-8dad6ffa3106,syllabus,SYLL-073808e5-48e3-5789-a205-16d9c800f8e2,SRC-HFNU-2024-DG,primary_evidence,"{""asset_id"":""ASSET-HFNU-2024-DG-PDF"",""page"":""8-9"",""row_key"":""财务管理|会计学原理"",""section"":""会计学原理""}"
FACTSRC-f28d4b3f-5753-5198-93bc-2b148cfdbe35,syllabus,SYLL-07fd6105-c60d-547a-913f-b7e3917fc1c8,SRC-HFNU-2026-DG,primary_evidence,"{""asset_id"":""ASSET-HFNU-2026-DG-PDF"",""page"":""38-39"",""row_key"":""通信工程|数字电子技术基础"",""section"":""数字电子技术基础""}"
FACTSRC-b0f3fdb9-ba5f-542f-8836-22d4566c0918,syllabus,SYLL-09132358-e306-54ba-b22e-6b577577e1a5,SRC-HFNU-2024-DG,primary_evidence,"{""asset_id"":""ASSET-HFNU-2024-DG-PDF"",""page"":""12-13"",""row_key"":""互联网金融|会计学原理"",""section"":""会计学原理""}"
FACTSRC-256a57c0-1c5c-5969-abb8-df90ceaa9f38,syllabus,SYLL-09f2d515-161f-5f81-9130-8257bc165ec3,SRC-HFNU-2024-DG,primary_evidence,"{""asset_id"":""ASSET-HFNU-2024-DG-PDF"",""page"":22,""row_key"":""动画|插画设计"",""section"":""插画设计""}"
FACTSRC-13d8c337-3ef7-5e9d-94b4-35476bee6810,syllabus,SYLL-0a31ebeb-6960-5ead-ba82-c13f03b53e30,SRC-HFNU-2025-DG,primary_evidence,"{""asset_id"":""ASSET-HFNU-2025-DG-PDF"",""page"":19,""row_key"":""服装与服饰设计|人物速写"",""section"":""人物速写""}"
FACTSRC-3a9c9d2e-b828-55c3-9972-9bd4a04cc5c7,syllabus,SYLL-0dabcdac-cf48-5500-b1ba-1d13bb3c80c2,SRC-HFNU-2025-DG,primary_evidence,"{""asset_id"":""ASSET-HFNU-2025-DG-PDF"",""page"":""7-8"",""row_key"":""财务管理|管理学原理"",""section"":""管理学原理""}"
FACTSRC-c526f367-525c-5850-a99a-bd1f5e420b75,syllabus,SYLL-0ef19215-4de0-52c3-ab70-0abcef1dbe4a,SRC-HFNU-2024-DG,primary_evidence,"{""asset_id"":""ASSET-HFNU-2024-DG-PDF"",""page"":""41-43"",""row_key"":""电子信息工程|数字电子技术基础"",""section"":""数字电子技术基础""}"
FACTSRC-94633a82-e34d-5800-9f8f-8f3b435d8b99,syllabus,SYLL-0fd575cc-f817-54ff-b423-3b7142855d2f,SRC-HFNU-2026-DG,primary_evidence,"{""asset_id"":""ASSET-HFNU-2026-DG-PDF"",""page"":28,""row_key"":""化学工程与工艺|基础分析化学"",""section"":""基础分析化学""}"
FACTSRC-17bc81f4-d694-550c-913e-7130467fa590,syllabus,SYLL-11236ef1-d161-57b8-a269-58a288d13cd4,SRC-HFNU-2025-DG,primary_evidence,"{""asset_id"":""ASSET-HFNU-2025-DG-PDF"",""page"":""29-31"",""row_key"":""新能源材料与器件|无机化学"",""section"":""无机化学""}"
FACTSRC-0cdd85fb-b9a3-5b20-a543-0a3028d014c3,syllabus,SYLL-12b6edcc-a8f7-58b0-a8dd-e42efacf8ab8,SRC-HFNU-2025-DG,primary_evidence,"{""asset_id"":""ASSET-HFNU-2025-DG-PDF"",""page"":19,""row_key"":""服装与服饰设计|插画设计"",""section"":""插画设计""}"
FACTSRC-f1d6a902-7ff3-52f8-9bd4-75bc6e620eb1,syllabus,SYLL-1379b1d7-4a63-55b5-a1c3-396eef2e2dfe,SRC-HFNU-2024-DG,primary_evidence,"{""asset_id"":""ASSET-HFNU-2024-DG-PDF"",""page"":""4-5"",""row_key"":""学前教育|教育学"",""section"":""教育学""}"
FACTSRC-0718c1f2-a1a8-51b3-b111-9b2b5f95b67f,syllabus,SYLL-1446c178-ef4d-5509-b29a-98e8221b2f90,SRC-HFNU-2026-DG,primary_evidence,"{""asset_id"":""ASSET-HFNU-2026-DG-PDF"",""page"":""40-41"",""row_key"":""软件工程|C语言程序设计"",""section"":""C语言程序设计""}"
FACTSRC-f7cdb6c1-df11-5b59-86a8-2af02b3cc65f,syllabus,SYLL-1507f257-5397-54d5-9b40-ef0c6f45bd10,SRC-HFNU-2024-DG,primary_evidence,"{""asset_id"":""ASSET-HFNU-2024-DG-PDF"",""page"":22,""row_key"":""服装与服饰设计|人物速写"",""section"":""人物速写""}"
FACTSRC-67ead8da-301f-5b9f-a6b1-43f9be67d106,syllabus,SYLL-1945e83f-d844-5916-a516-1b88f504c78f,SRC-HFNU-2024-DG,primary_evidence,"{""asset_id"":""ASSET-HFNU-2024-DG-PDF"",""page"":""7-8"",""row_key"":""人力资源管理|管理学原理"",""section"":""管理学原理""}"
FACTSRC-6c5e471c-00f2-5d16-962e-662cbfa4ba96,syllabus,SYLL-1a68a60c-69d3-5c7f-b556-c89eac1f72be,SRC-HFNU-2026-DG,primary_evidence,"{""asset_id"":""ASSET-HFNU-2026-DG-PDF"",""page"":""33-34"",""row_key"":""经济统计学|统计学"",""section"":""统计学""}"
FACTSRC-4ebc8df7-4619-5ce9-8c8b-30f2135d2285,syllabus,SYLL-1b66339c-d1aa-5d69-a650-c8a323e4c2e3,SRC-HFNU-2026-DG,primary_evidence,"{""asset_id"":""ASSET-HFNU-2026-DG-PDF"",""page"":8,""row_key"":""市场营销|会计学原理"",""section"":""会计学原理""}"
FACTSRC-d678529d-9ab0-54c4-a7ba-02423d8b3b6d,syllabus,SYLL-1bff424a-aa8c-5efb-a833-632d952c091b,SRC-HFNU-2024-DG,primary_evidence,"{""asset_id"":""ASSET-HFNU-2024-DG-PDF"",""page"":""7-8"",""row_key"":""财务管理|管理学原理"",""section"":""管理学原理""}"
FACTSRC-5b5fbbb8-08c4-5184-9742-5ed4987931c8,syllabus,SYLL-1ebc1f30-7cf4-553d-9c92-10ea438cb4de,SRC-HFNU-2026-DG,primary_evidence,"{""asset_id"":""ASSET-HFNU-2026-DG-PDF"",""page"":""9-11"",""row_key"":""互联网金融|微观经济学"",""section"":""微观经济学""}"
FACTSRC-a06ef725-4ebc-5864-b287-a06332d56e1f,syllabus,SYLL-1fb220c2-fb53-5f05-8007-3c7ed25e84d9,SRC-HFNU-2025-DG,primary_evidence,"{""asset_id"":""ASSET-HFNU-2025-DG-PDF"",""page"":""27-28"",""row_key"":""药物制剂|基础无机化学"",""section"":""基础无机化学""}"
FACTSRC-87caa5b6-d9e6-50d8-b606-b191d0022664,syllabus,SYLL-20450f84-7436-589c-83cf-41329ff3cabc,SRC-HFNU-2026-DG,primary_evidence,"{""asset_id"":""ASSET-HFNU-2026-DG-PDF"",""page"":""41-42"",""row_key"":""软件工程|数据结构"",""section"":""数据结构""}"
FACTSRC-2f00bd89-1efc-5e27-97d5-4f98540bab9b,syllabus,SYLL-252be317-e978-59fb-819b-89b0a8e1d78e,SRC-HFNU-2024-DG,primary_evidence,"{""asset_id"":""ASSET-HFNU-2024-DG-PDF"",""page"":28,""row_key"":""药物制剂|基础无机化学"",""section"":""基础无机化学""}"
FACTSRC-cfdc81d7-57aa-5ef5-9eb1-fc119bdc4e3f,syllabus,SYLL-26673027-029c-56c7-ad78-5b73e81cb9c8,SRC-HFNU-2024-DG,primary_evidence,"{""asset_id"":""ASSET-HFNU-2024-DG-PDF"",""page"":""58-59"",""row_key"":""生物制药|生物化学"",""section"":""生物化学""}"
FACTSRC-9c7a191e-8118-557d-a34d-65e14d4ba7ba,syllabus,SYLL-29e25583-428a-56ef-8846-93e64fee77c1,SRC-HFNU-2026-DG,primary_evidence,"{""asset_id"":""ASSET-HFNU-2026-DG-PDF"",""page"":""16-17"",""row_key"":""商务英语|综合商务英语"",""section"":""综合商务英语""}"
FACTSRC-40925d0f-f233-53b2-bd50-1cabfb9b769b,syllabus,SYLL-2b4f6b37-2662-5dc4-80b2-43f17dde078e,SRC-HFNU-2025-DG,primary_evidence,"{""asset_id"":""ASSET-HFNU-2025-DG-PDF"",""page"":""31-32"",""row_key"":""新能源材料与器件|大学物理"",""section"":""大学物理""}"
FACTSRC-1966ecfc-7040-5028-ab1a-48645b0fb1c8,syllabus,SYLL-2e46930c-9983-5072-8e4b-ba8f14a025bc,SRC-HFNU-2025-DG,primary_evidence,"{""asset_id"":""ASSET-HFNU-2025-DG-PDF"",""page"":""39-40"",""row_key"":""网络工程|C语言程序设计"",""section"":""C语言程序设计""}"
FACTSRC-cc8fa423-7dec-589c-a335-ec3c43354faf,syllabus,SYLL-308ba091-be8c-5e9a-91e3-5f21dabcf8d3,SRC-HFNU-2026-DG,primary_evidence,"{""asset_id"":""ASSET-HFNU-2026-DG-PDF"",""page"":34,""row_key"":""经济统计学|微观经济学"",""section"":""微观经济学""}"
FACTSRC-8326a88f-ea29-559e-bfb9-cee2e1cbf6a3,syllabus,SYLL-32bbbd70-3459-5a8c-bb55-a7e8be859591,SRC-HFNU-2025-DG,primary_evidence,"{""asset_id"":""ASSET-HFNU-2025-DG-PDF"",""page"":19,""row_key"":""视觉传达设计|插画设计"",""section"":""插画设计""}"
FACTSRC-94c220ba-2522-5171-85f2-51a7ff49170a,syllabus,SYLL-343bc55d-eaf3-5688-a327-aeb5331555a1,SRC-HFNU-2024-DG,primary_evidence,"{""asset_id"":""ASSET-HFNU-2024-DG-PDF"",""page"":""58-59"",""row_key"":""食品质量与安全|生物化学"",""section"":""生物化学""}"
FACTSRC-12ff81a4-86a3-50ce-943d-1277b94d850a,syllabus,SYLL-398a6c37-4d46-55c7-b351-018c7377bdb7,SRC-HFNU-2026-DG,primary_evidence,"{""asset_id"":""ASSET-HFNU-2026-DG-PDF"",""page"":""35-38"",""row_key"":""电气工程及其自动化|电路分析基础"",""section"":""电路分析基础""}"
FACTSRC-c6c8736a-2de4-5915-842c-7641890f67f6,syllabus,SYLL-3aeb6355-9b40-5680-90be-7a3d0cd3b7dd,SRC-HFNU-2025-DG,primary_evidence,"{""asset_id"":""ASSET-HFNU-2025-DG-PDF"",""page"":""7-8"",""row_key"":""人力资源管理|管理学原理"",""section"":""管理学原理""}"
FACTSRC-7a6e6ea0-8523-5b7d-b5fe-c385cb51aab1,syllabus,SYLL-3f4b0a94-9d1f-50e2-8e3c-cdd04e357cf1,SRC-HFNU-2025-DG,primary_evidence,"{""asset_id"":""ASSET-HFNU-2025-DG-PDF"",""page"":""7-8"",""row_key"":""市场营销|管理学原理"",""section"":""管理学原理""}"
FACTSRC-048b3d49-146c-5ef5-acdc-e6a994f2e494,syllabus,SYLL-407db071-c937-5dc5-97e3-42caa0b4671b,SRC-HFNU-2025-DG,primary_evidence,"{""asset_id"":""ASSET-HFNU-2025-DG-PDF"",""page"":""21-22"",""row_key"":""音乐学|和声"",""section"":""和声""}"
FACTSRC-35ca3733-5c15-5265-abdc-ec8124fdeaeb,syllabus,SYLL-40f36427-15b5-56b3-808b-7097ad6b17e5,SRC-HFNU-2024-DG,primary_evidence,"{""asset_id"":""ASSET-HFNU-2024-DG-PDF"",""page"":22,""row_key"":""动画|人物速写"",""section"":""人物速写""}"
FACTSRC-97c74afd-13aa-5098-8f42-953143393db9,syllabus,SYLL-41ac0ff2-038d-5fbd-a9e3-a59d094bc20b,SRC-HFNU-2024-DG,primary_evidence,"{""asset_id"":""ASSET-HFNU-2024-DG-PDF"",""page"":23,""row_key"":""环境设计|建筑速写"",""section"":""建筑速写""}"
FACTSRC-8a21cb05-514c-5283-9cd9-0d103d7828ab,syllabus,SYLL-41d6fe3a-00c2-588f-a706-6c541c835b75,SRC-HFNU-2024-DG,primary_evidence,"{""asset_id"":""ASSET-HFNU-2024-DG-PDF"",""page"":""59-62"",""row_key"":""生物制药|微生物学"",""section"":""微生物学""}"
FACTSRC-a302f7fa-43df-54e3-812c-d2766a9573fa,syllabus,SYLL-436c273e-dd41-551d-aa2c-7f8d96399196,SRC-HFNU-2026-DG,primary_evidence,"{""asset_id"":""ASSET-HFNU-2026-DG-PDF"",""page"":""35-38"",""row_key"":""通信工程|电路分析基础"",""section"":""电路分析基础""}"
FACTSRC-f48ad5a0-80c4-5f64-ab88-a43acaa2f99b,syllabus,SYLL-48ba208a-8682-5789-aa08-157acaad087f,SRC-HFNU-2024-DG,primary_evidence,"{""asset_id"":""ASSET-HFNU-2024-DG-PDF"",""page"":""54-55"",""row_key"":""数据科学与大数据技术|C语言程序设计"",""section"":""C语言程序设计""}"
FACTSRC-1a3c54e4-f2a4-5f0e-a3a2-6d66eff5783e,syllabus,SYLL-4905cc46-e22d-5c18-8754-64609335d69d,SRC-HFNU-2026-DG,primary_evidence,"{""asset_id"":""ASSET-HFNU-2026-DG-PDF"",""page"":""27-28"",""row_key"":""药物制剂|基础无机化学"",""section"":""基础无机化学""}"
FACTSRC-494fd1f0-9620-5634-b448-7a2edd3439f9,syllabus,SYLL-49b4e07b-efb6-5593-a714-2d473fd4111a,SRC-HFNU-2026-DG,primary_evidence,"{""asset_id"":""ASSET-HFNU-2026-DG-PDF"",""page"":""23-25"",""row_key"":""运动康复|运动解剖生理学"",""section"":""运动解剖生理学""}"
FACTSRC-0e58578d-2abd-5790-a05a-2a4cb114e08f,syllabus,SYLL-4a5c3447-a69b-5b29-bea9-feb99d1aece8,SRC-HFNU-2025-DG,primary_evidence,"{""asset_id"":""ASSET-HFNU-2025-DG-PDF"",""page"":""27-28"",""row_key"":""制药工程|基础无机化学"",""section"":""基础无机化学""}"
FACTSRC-a455704e-f67c-59d8-baa2-f7ac242d318c,syllabus,SYLL-4a7b9289-fc94-5354-9e1d-25250abf95df,SRC-HFNU-2026-DG,primary_evidence,"{""asset_id"":""ASSET-HFNU-2026-DG-PDF"",""page"":20,""row_key"":""环境设计|室内设计表现"",""section"":""室内设计表现""}"
FACTSRC-9e638f29-4e12-51c2-8660-37270fe585df,syllabus,SYLL-4e7a2f5e-f6ff-5d8a-849a-6f3a73b18f03,SRC-HFNU-2026-DG,primary_evidence,"{""asset_id"":""ASSET-HFNU-2026-DG-PDF"",""page"":20,""row_key"":""环境设计|建筑速写"",""section"":""建筑速写""}"
FACTSRC-1b4082f7-6503-544b-8717-51e4303e4e9c,syllabus,SYLL-5048978c-bf3f-5a00-9f27-c951ee2305a9,SRC-HFNU-2024-DG,primary_evidence,"{""asset_id"":""ASSET-HFNU-2024-DG-PDF"",""page"":""54-55"",""row_key"":""网络工程|C语言程序设计"",""section"":""C语言程序设计""}"
FACTSRC-39fbb156-cd0d-5f27-a7a4-4a033b82a542,syllabus,SYLL-51917bfb-3e3b-56bd-a6d6-af31013c7ddb,SRC-HFNU-2025-DG,primary_evidence,"{""asset_id"":""ASSET-HFNU-2025-DG-PDF"",""page"":""40-41"",""row_key"":""网络工程|数据结构"",""section"":""数据结构""}"
FACTSRC-415916cd-8052-56a2-b0e9-a412ae5597bc,syllabus,SYLL-555feee0-c23f-581a-8ea4-23464bcf30b1,SRC-HFNU-2026-DG,primary_evidence,"{""asset_id"":""ASSET-HFNU-2026-DG-PDF"",""page"":""43-44"",""row_key"":""食品质量与安全|生物化学"",""section"":""生物化学""}"
FACTSRC-9228945b-247d-57e2-922e-fb8825614e60,syllabus,SYLL-56ac32a9-e65c-5933-86bc-5c98bea3dd3d,SRC-HFNU-2025-DG,primary_evidence,"{""asset_id"":""ASSET-HFNU-2025-DG-PDF"",""page"":19,""row_key"":""视觉传达设计|人物速写"",""section"":""人物速写""}"
FACTSRC-3836a9a1-7f1b-5e33-ab79-703b53e5e615,syllabus,SYLL-5a2379ef-34c1-5179-93dd-2c2080ce91a3,SRC-HFNU-2025-DG,primary_evidence,"{""asset_id"":""ASSET-HFNU-2025-DG-PDF"",""page"":""39-40"",""row_key"":""计算机科学与技术|C语言程序设计"",""section"":""C语言程序设计""}"
FACTSRC-eae3294e-08b9-5bc6-b0e1-878c62ddfeec,syllabus,SYLL-5be37e27-0f1e-5068-9226-90bc6bb5dcfd,SRC-HFNU-2026-DG,primary_evidence,"{""asset_id"":""ASSET-HFNU-2026-DG-PDF"",""page"":""35-38"",""row_key"":""电子信息工程|电路分析基础"",""section"":""电路分析基础""}"
FACTSRC-6c9698d8-4955-5871-b3d0-1ea0b414dabf,syllabus,SYLL-5ccad1af-b4c6-54e6-85bb-d25b5f363169,SRC-HFNU-2024-DG,primary_evidence,"{""asset_id"":""ASSET-HFNU-2024-DG-PDF"",""page"":""54-55"",""row_key"":""软件工程|C语言程序设计"",""section"":""C语言程序设计""}"
FACTSRC-03550c74-01c1-5523-bc54-a4a5fe4e1634,syllabus,SYLL-5d09d2eb-8d53-536b-a9ff-c307e7489a2f,SRC-HFNU-2026-DG,primary_evidence,"{""asset_id"":""ASSET-HFNU-2026-DG-PDF"",""page"":""40-41"",""row_key"":""网络工程|C语言程序设计"",""section"":""C语言程序设计""}"
FACTSRC-097be5a7-f3ad-51b7-87dd-5be9455520a3,syllabus,SYLL-5db7372b-cbba-59bf-ad3c-8e3fcce3d101,SRC-HFNU-2024-DG,primary_evidence,"{""asset_id"":""ASSET-HFNU-2024-DG-PDF"",""page"":28,""row_key"":""化学工程与工艺|基础无机化学"",""section"":""基础无机化学""}"
FACTSRC-16a8a9ba-5f9a-57fd-ad8f-69bf94413300,syllabus,SYLL-5e5d8d45-97d1-5488-a769-1482197fd1fb,SRC-HFNU-2025-DG,primary_evidence,"{""asset_id"":""ASSET-HFNU-2025-DG-PDF"",""page"":20,""row_key"":""环境设计|室内设计表现"",""section"":""室内设计表现""}"
FACTSRC-5ab568e9-fafd-5192-902d-47955475d570,syllabus,SYLL-5fc59938-b130-5600-8f9d-210ce4287b74,SRC-HFNU-2025-DG,primary_evidence,"{""asset_id"":""ASSET-HFNU-2025-DG-PDF"",""page"":""40-41"",""row_key"":""数据科学与大数据技术|数据结构"",""section"":""数据结构""}"
FACTSRC-a761227f-735b-58f0-9dca-c3db217e6c62,syllabus,SYLL-60d860ae-428b-58f8-addb-41769041ce63,SRC-HFNU-2024-DG,primary_evidence,"{""asset_id"":""ASSET-HFNU-2024-DG-PDF"",""page"":""54-55"",""row_key"":""计算机科学与技术|C语言程序设计"",""section"":""C语言程序设计""}"
FACTSRC-c3e9c90e-9647-5419-bda4-c070d13732df,syllabus,SYLL-6375d460-2950-5157-9e3b-623ddebc03ad,SRC-HFNU-2025-DG,primary_evidence,"{""asset_id"":""ASSET-HFNU-2025-DG-PDF"",""page"":""12-14"",""row_key"":""网络与新媒体|传播学概论"",""section"":""传播学概论""}"
FACTSRC-e8085c1e-a109-5f70-9aea-dc05b7b52634,syllabus,SYLL-644339ec-a0af-5735-a26e-78a7caa090c7,SRC-HFNU-2024-DG,primary_evidence,"{""asset_id"":""ASSET-HFNU-2024-DG-PDF"",""page"":""5-6"",""row_key"":""小学教育|心理学"",""section"":""心理学""}"
FACTSRC-5c0d7cdf-97d2-5506-80e7-46c902c6958a,syllabus,SYLL-67974779-f218-5264-82f2-6eddd94dcc28,SRC-HFNU-2026-DG,primary_evidence,"{""asset_id"":""ASSET-HFNU-2026-DG-PDF"",""page"":19,""row_key"":""动画|插画设计"",""section"":""插画设计""}"
FACTSRC-935fd2c9-a398-5983-a3f5-30517b7a6054,syllabus,SYLL-6a28ea3e-b685-5bf8-855d-2e457eb8e2af,SRC-HFNU-2025-DG,primary_evidence,"{""asset_id"":""ASSET-HFNU-2025-DG-PDF"",""page"":34,""row_key"":""经济统计学|微观经济学"",""section"":""微观经济学""}"
FACTSRC-b946ce68-8e9b-5ba6-9583-1d086e41f1a9,syllabus,SYLL-6ade5059-4a16-565f-a357-aa4134054dec,SRC-HFNU-2024-DG,primary_evidence,"{""asset_id"":""ASSET-HFNU-2024-DG-PDF"",""page"":""44-46"",""row_key"":""通信工程|电路分析基础"",""section"":""电路分析基础""}"
FACTSRC-c0dcd125-3a9a-5deb-869e-55d507fbc83b,syllabus,SYLL-6cd68e98-46ee-5ee9-9556-413646aadfda,SRC-HFNU-2025-DG,primary_evidence,"{""asset_id"":""ASSET-HFNU-2025-DG-PDF"",""page"":""27-28"",""row_key"":""化学工程与工艺|基础无机化学"",""section"":""基础无机化学""}"
FACTSRC-4b3ce33f-5a21-5f40-9065-90e7d04cfda0,syllabus,SYLL-6db0e338-5333-5ca2-a9b2-ceefc7298ad8,SRC-HFNU-2025-DG,primary_evidence,"{""asset_id"":""ASSET-HFNU-2025-DG-PDF"",""page"":""42-43"",""row_key"":""生物制药|生物化学"",""section"":""生物化学""}"
FACTSRC-55651d7d-7cc1-571f-9a71-a57ddd0a2f52,syllabus,SYLL-6eff014e-f4f6-54f5-843b-9e968cee80b4,SRC-HFNU-2024-DG,primary_evidence,"{""asset_id"":""ASSET-HFNU-2024-DG-PDF"",""page"":""26-27"",""row_key"":""运动康复|康复功能评定学"",""section"":""康复功能评定学""}"
FACTSRC-71903fbd-20a9-5167-b61b-b42968dac072,syllabus,SYLL-7062d248-ff51-5d90-b85e-713ca22f6304,SRC-HFNU-2026-DG,primary_evidence,"{""asset_id"":""ASSET-HFNU-2026-DG-PDF"",""page"":19,""row_key"":""视觉传达设计|人物速写"",""section"":""人物速写""}"
FACTSRC-18df13f9-9f9b-5964-8b58-e9a381289f8c,syllabus,SYLL-721d0cf0-39ba-5173-b6c8-6d86e6505f08,SRC-HFNU-2025-DG,primary_evidence,"{""asset_id"":""ASSET-HFNU-2025-DG-PDF"",""page"":8,""row_key"":""市场营销|会计学原理"",""section"":""会计学原理""}"
FACTSRC-d571312a-5a08-5dea-a379-de18d2be9b1e,syllabus,SYLL-7357295d-3544-5132-9ce8-2cfaf7556469,SRC-HFNU-2025-DG,primary_evidence,"{""asset_id"":""ASSET-HFNU-2025-DG-PDF"",""page"":6,""row_key"":""小学教育|心理学"",""section"":""心理学""}"
FACTSRC-0582ece3-e715-5258-9aa2-dd9fc8e9af03,syllabus,SYLL-73d17936-f960-5988-8526-6231bb9721ae,SRC-HFNU-2026-DG,primary_evidence,"{""asset_id"":""ASSET-HFNU-2026-DG-PDF"",""page"":""7-8"",""row_key"":""财务管理|管理学原理"",""section"":""管理学原理""}"
FACTSRC-2a01317f-1993-52aa-9238-5aa5c87f4567,syllabus,SYLL-74033f78-5c11-59d4-8946-d094818875f6,SRC-HFNU-2026-DG,primary_evidence,"{""asset_id"":""ASSET-HFNU-2026-DG-PDF"",""page"":8,""row_key"":""财务管理|会计学原理"",""section"":""会计学原理""}"
FACTSRC-fab19ba7-4e28-58a4-b6ce-660beb748894,syllabus,SYLL-753eab42-a71a-5314-adae-ea14fcdbaf9d,SRC-HFNU-2026-DG,primary_evidence,"{""asset_id"":""ASSET-HFNU-2026-DG-PDF"",""page"":6,""row_key"":""学前教育|心理学"",""section"":""心理学""}"
FACTSRC-05a43479-341d-5be7-abb9-dce5a8cdf254,syllabus,SYLL-7a2c2e61-a689-50ca-9fac-554c41b82bd5,SRC-HFNU-2024-DG,primary_evidence,"{""asset_id"":""ASSET-HFNU-2024-DG-PDF"",""page"":""55-57"",""row_key"":""软件工程|数据结构"",""section"":""数据结构""}"
FACTSRC-0196f4f8-ccf4-5cd6-8f10-771b7f6c6a62,syllabus,SYLL-7b27fb79-2e19-5a7e-9a83-d6fc406052ed,SRC-HFNU-2024-DG,primary_evidence,"{""asset_id"":""ASSET-HFNU-2024-DG-PDF"",""page"":""55-57"",""row_key"":""网络工程|数据结构"",""section"":""数据结构""}"
FACTSRC-91bcdd9e-a8f3-5fd6-90d3-973815f36883,syllabus,SYLL-7b6c74a0-680a-530a-9315-4ecdad2a7abe,SRC-HFNU-2026-DG,primary_evidence,"{""asset_id"":""ASSET-HFNU-2026-DG-PDF"",""page"":19,""row_key"":""动画|人物速写"",""section"":""人物速写""}"
FACTSRC-9c60c5e4-8e00-57c3-afa7-e2eee1b04ca5,syllabus,SYLL-7bfbd4a2-dd04-5c57-aa1c-32124adde3f9,SRC-HFNU-2025-DG,primary_evidence,"{""asset_id"":""ASSET-HFNU-2025-DG-PDF"",""page"":""39-40"",""row_key"":""软件工程|C语言程序设计"",""section"":""C语言程序设计""}"
FACTSRC-2e176b9e-ccf0-5b5d-83b2-d01876c7d873,syllabus,SYLL-7c1c446d-ada3-5be2-ad28-b9a1f424f384,SRC-HFNU-2026-DG,primary_evidence,"{""asset_id"":""ASSET-HFNU-2026-DG-PDF"",""page"":""38-39"",""row_key"":""电气工程及其自动化|数字电子技术基础"",""section"":""数字电子技术基础""}"
FACTSRC-14a18d55-d758-5297-b759-79df23b4f91c,syllabus,SYLL-7cea83bf-7c2c-5a72-bae7-292099b36f1e,SRC-HFNU-2025-DG,primary_evidence,"{""asset_id"":""ASSET-HFNU-2025-DG-PDF"",""page"":28,""row_key"":""化学工程与工艺|基础分析化学"",""section"":""基础分析化学""}"
FACTSRC-95c85cc9-11d6-50a1-9132-7911e610f0aa,syllabus,SYLL-7dff1bb3-50ac-5b70-a6ec-8dc0c56de17b,SRC-HFNU-2026-DG,primary_evidence,"{""asset_id"":""ASSET-HFNU-2026-DG-PDF"",""page"":""14-15"",""row_key"":""网络与新媒体|新闻学概论"",""section"":""新闻学概论""}"
FACTSRC-28b7bd0b-27cd-5fb4-a26f-1de3ab44bd47,syllabus,SYLL-850e509b-49a6-5b67-b0e3-947572ee1a62,SRC-HFNU-2025-DG,primary_evidence,"{""asset_id"":""ASSET-HFNU-2025-DG-PDF"",""page"":6,""row_key"":""学前教育|心理学"",""section"":""心理学""}"
FACTSRC-1dd92011-e9c4-5b76-be0e-492f94b88128,syllabus,SYLL-8671742d-b5fe-505c-8b0f-177dcae759f1,SRC-HFNU-2025-DG,primary_evidence,"{""asset_id"":""ASSET-HFNU-2025-DG-PDF"",""page"":""25-26"",""row_key"":""运动康复|康复功能评定学"",""section"":""康复功能评定学""}"
FACTSRC-9970d545-2ed9-5ac5-8d10-4d329080f85c,syllabus,SYLL-87a584c3-a67c-5e79-a05d-6bd9d1f29f6d,SRC-HFNU-2025-DG,primary_evidence,"{""asset_id"":""ASSET-HFNU-2025-DG-PDF"",""page"":19,""row_key"":""动画|人物速写"",""section"":""人物速写""}"
FACTSRC-bd054db6-30bd-5c19-adbc-ee6b26504be2,syllabus,SYLL-87bbb9a0-05cd-5315-9cbc-80d669de0d0e,SRC-HFNU-2026-DG,primary_evidence,"{""asset_id"":""ASSET-HFNU-2026-DG-PDF"",""page"":6,""row_key"":""小学教育|心理学"",""section"":""心理学""}"
FACTSRC-bfb1e75f-fb7d-5bde-bedd-14b4945a9c04,syllabus,SYLL-88c8e5c0-96fd-5ead-aff0-074353e29ce0,SRC-HFNU-2026-DG,primary_evidence,"{""asset_id"":""ASSET-HFNU-2026-DG-PDF"",""page"":""31-32"",""row_key"":""新能源材料与器件|大学物理"",""section"":""大学物理""}"
FACTSRC-d5935a2a-6de7-503a-be49-a903328b22a0,syllabus,SYLL-892cc597-d9c4-5e09-9ce5-3376a90f3669,SRC-HFNU-2025-DG,primary_evidence,"{""asset_id"":""ASSET-HFNU-2025-DG-PDF"",""page"":""4-6"",""row_key"":""学前教育|教育学"",""section"":""教育学""}"
FACTSRC-c35640fb-bf79-58aa-b5b7-c0dfc889b368,syllabus,SYLL-8a510fff-bc32-512e-b360-e8ae51b5ac04,SRC-HFNU-2025-DG,primary_evidence,"{""asset_id"":""ASSET-HFNU-2025-DG-PDF"",""page"":""4-6"",""row_key"":""小学教育|教育学"",""section"":""教育学""}"
FACTSRC-f11c4715-be06-5331-aad8-cae279f2cc14,syllabus,SYLL-8a6fa10b-afa0-58ba-acec-76fb103bdd3d,SRC-HFNU-2026-DG,primary_evidence,"{""asset_id"":""ASSET-HFNU-2026-DG-PDF"",""page"":""7-8"",""row_key"":""市场营销|管理学原理"",""section"":""管理学原理""}"
FACTSRC-a90b8dd7-e1f7-5d45-bcf5-5b79232fbde0,syllabus,SYLL-8d281213-d7ac-5a60-853c-47aa3a378c04,SRC-HFNU-2024-DG,primary_evidence,"{""asset_id"":""ASSET-HFNU-2024-DG-PDF"",""page"":""7-8"",""row_key"":""市场营销|管理学原理"",""section"":""管理学原理""}"
FACTSRC-e65ae9a4-b199-54f8-9750-ecbc326519de,syllabus,SYLL-8d42a416-e8b4-5a0a-a222-ef5f91643b9a,SRC-HFNU-2024-DG,primary_evidence,"{""asset_id"":""ASSET-HFNU-2024-DG-PDF"",""page"":""37-38"",""row_key"":""经济统计学|微观经济学"",""section"":""微观经济学""}"
FACTSRC-4ea92914-e53a-5673-88be-714aba8a29d5,syllabus,SYLL-8ef89c32-4b83-56a1-a77a-9f99a6b03099,SRC-HFNU-2026-DG,primary_evidence,"{""asset_id"":""ASSET-HFNU-2026-DG-PDF"",""page"":""44-45"",""row_key"":""食品质量与安全|微生物学"",""section"":""微生物学""}"
FACTSRC-08eedf7e-80d9-5def-95e3-81994fa35581,syllabus,SYLL-94b01993-68a1-50fe-ac0a-fa913934b63a,SRC-HFNU-2026-DG,primary_evidence,"{""asset_id"":""ASSET-HFNU-2026-DG-PDF"",""page"":19,""row_key"":""视觉传达设计|插画设计"",""section"":""插画设计""}"
FACTSRC-d09ed849-acc9-5b2d-ab2a-a7cf67e79166,syllabus,SYLL-94cac158-5023-59e9-a22c-477338afe8c0,SRC-HFNU-2025-DG,primary_evidence,"{""asset_id"":""ASSET-HFNU-2025-DG-PDF"",""page"":11,""row_key"":""互联网金融|会计学原理"",""section"":""会计学原理""}"
FACTSRC-af63c937-2fad-51ba-8280-fd4c76036899,syllabus,SYLL-981fab2d-52fa-59b4-a7b7-e4ca182b03d0,SRC-HFNU-2024-DG,primary_evidence,"{""asset_id"":""ASSET-HFNU-2024-DG-PDF"",""page"":""28-29"",""row_key"":""化学工程与工艺|基础分析化学"",""section"":""基础分析化学""}"
FACTSRC-025f818b-964e-579d-a443-2b10de949342,syllabus,SYLL-9a1281c0-6a7c-5620-8d83-9321fcfd5a93,SRC-HFNU-2024-DG,primary_evidence,"{""asset_id"":""ASSET-HFNU-2024-DG-PDF"",""page"":""5-6"",""row_key"":""学前教育|心理学"",""section"":""心理学""}"
FACTSRC-d36c4719-3be0-5d74-86d6-768bee5a4330,syllabus,SYLL-9b3a0142-c192-5bde-a980-15a7c412bf94,SRC-HFNU-2024-DG,primary_evidence,"{""asset_id"":""ASSET-HFNU-2024-DG-PDF"",""page"":""18-19"",""row_key"":""商务英语|综合商务英语"",""section"":""综合商务英语""}"
FACTSRC-2564a3f8-9ff6-58a9-b8ed-4f09bccc0ad1,syllabus,SYLL-9ebb4356-6437-52bc-9472-1982072dbbfd,SRC-HFNU-2024-DG,primary_evidence,"{""asset_id"":""ASSET-HFNU-2024-DG-PDF"",""page"":""8-9"",""row_key"":""市场营销|会计学原理"",""section"":""会计学原理""}"
FACTSRC-c501bae3-062b-51f4-8969-d9eb4a35c3cb,syllabus,SYLL-9f448233-e0cb-5391-bcf9-849e335ef0dc,SRC-HFNU-2024-DG,primary_evidence,"{""asset_id"":""ASSET-HFNU-2024-DG-PDF"",""page"":""28-29"",""row_key"":""制药工程|基础分析化学"",""section"":""基础分析化学""}"
FACTSRC-9b57cd76-3615-5d81-a8ce-bd65c67c8a6a,syllabus,SYLL-9fc6c8e3-02c7-5ef5-8f13-b159ca1093ac,SRC-HFNU-2025-DG,primary_evidence,"{""asset_id"":""ASSET-HFNU-2025-DG-PDF"",""page"":""9-11"",""row_key"":""互联网金融|微观经济学"",""section"":""微观经济学""}"
FACTSRC-300be170-93d9-576d-92e1-b12e841917d9,syllabus,SYLL-a0301e61-b36c-54dd-9e5e-5a2edb652a7f,SRC-HFNU-2024-DG,primary_evidence,"{""asset_id"":""ASSET-HFNU-2024-DG-PDF"",""page"":""10-12"",""row_key"":""互联网金融|微观经济学"",""section"":""微观经济学""}"
FACTSRC-30b08155-f887-5aa3-974e-108475aec37d,syllabus,SYLL-a5c4af9e-1351-5180-9e3b-76bded571c22,SRC-HFNU-2026-DG,primary_evidence,"{""asset_id"":""ASSET-HFNU-2026-DG-PDF"",""page"":""4-6"",""row_key"":""小学教育|教育学"",""section"":""教育学""}"
FACTSRC-f7679858-f0ee-5c72-b495-9b038a4ee76b,syllabus,SYLL-a5e442b3-669e-5e47-927e-79be277b6782,SRC-HFNU-2024-DG,primary_evidence,"{""asset_id"":""ASSET-HFNU-2024-DG-PDF"",""page"":""8-9"",""row_key"":""人力资源管理|会计学原理"",""section"":""会计学原理""}"
FACTSRC-61705b8f-e721-5af4-82b9-a534a0c8f073,syllabus,SYLL-a7868e06-db72-59b6-be39-37d64f640e45,SRC-HFNU-2026-DG,primary_evidence,"{""asset_id"":""ASSET-HFNU-2026-DG-PDF"",""page"":""40-41"",""row_key"":""计算机科学与技术|C语言程序设计"",""section"":""C语言程序设计""}"
FACTSRC-1b00f3ca-69fa-5010-ac78-17a2710f26b5,syllabus,SYLL-a83e6dd2-fc29-5c73-8954-8d146d721698,SRC-HFNU-2024-DG,primary_evidence,"{""asset_id"":""ASSET-HFNU-2024-DG-PDF"",""page"":22,""row_key"":""服装与服饰设计|插画设计"",""section"":""插画设计""}"
FACTSRC-4e14cbe1-1b86-5bb6-8fa8-17ea35056a60,syllabus,SYLL-aa41238d-2458-5089-b948-f9ed5ad6f225,SRC-HFNU-2024-DG,primary_evidence,"{""asset_id"":""ASSET-HFNU-2024-DG-PDF"",""page"":""15-17"",""row_key"":""网络与新媒体|新闻学概论"",""section"":""新闻学概论""}"
FACTSRC-5120bbce-0bf4-5f61-917d-c6a3282416cf,syllabus,SYLL-aaaec411-d802-5f2f-a161-4d18608adc5f,SRC-HFNU-2024-DG,primary_evidence,"{""asset_id"":""ASSET-HFNU-2024-DG-PDF"",""page"":""30-33"",""row_key"":""材料科学与工程|无机化学"",""section"":""无机化学""}"
FACTSRC-9db9617e-2bfe-5d11-98ba-95b85257a6da,syllabus,SYLL-abba502e-8a15-5d9f-851a-50fcbf579fde,SRC-HFNU-2025-DG,primary_evidence,"{""asset_id"":""ASSET-HFNU-2025-DG-PDF"",""page"":38,""row_key"":""通信工程|数字电子技术基础"",""section"":""数字电子技术基础""}"
FACTSRC-462a1b32-1313-5285-a31b-d4a3e7f74716,syllabus,SYLL-acd39721-2261-597c-bb26-83b2e23ba89b,SRC-HFNU-2026-DG,primary_evidence,"{""asset_id"":""ASSET-HFNU-2026-DG-PDF"",""page"":""4-6"",""row_key"":""学前教育|教育学"",""section"":""教育学""}"
FACTSRC-b33b887d-fe34-55fa-9600-0d0d720e5e71,syllabus,SYLL-ad083e8f-5e1e-5afa-b9ac-43b4d8d8e5f2,SRC-HFNU-2026-DG,primary_evidence,"{""asset_id"":""ASSET-HFNU-2026-DG-PDF"",""page"":""25-26"",""row_key"":""运动康复|康复功能评定学"",""section"":""康复功能评定学""}"
FACTSRC-afc55bc1-f9dd-5f77-93c5-5e76ac358f8a,syllabus,SYLL-ad5fe66a-8fe3-55c3-b749-d78da2e277f7,SRC-HFNU-2025-DG,primary_evidence,"{""asset_id"":""ASSET-HFNU-2025-DG-PDF"",""page"":""43-44"",""row_key"":""生物制药|微生物学"",""section"":""微生物学""}"
FACTSRC-b4e51c4c-ec28-5da9-b0fd-59d5c51e7057,syllabus,SYLL-ad664539-637c-5b36-a04e-ad11e0c44e6e,SRC-HFNU-2025-DG,primary_evidence,"{""asset_id"":""ASSET-HFNU-2025-DG-PDF"",""page"":19,""row_key"":""动画|插画设计"",""section"":""插画设计""}"
FACTSRC-98ac1ed0-71ae-59cd-a1fb-b33e3e5cdc38,syllabus,SYLL-ae8efac1-c0e0-5c18-a3db-62d4ec44faeb,SRC-HFNU-2025-DG,primary_evidence,"{""asset_id"":""ASSET-HFNU-2025-DG-PDF"",""page"":8,""row_key"":""人力资源管理|会计学原理"",""section"":""会计学原理""}"
FACTSRC-af4a41ce-d91d-585c-a42a-6ede7126d644,syllabus,SYLL-aed6e990-6dcc-557a-916a-dbb2ccff6cd7,SRC-HFNU-2025-DG,primary_evidence,"{""asset_id"":""ASSET-HFNU-2025-DG-PDF"",""page"":""35-38"",""row_key"":""电气工程及其自动化|电路分析基础"",""section"":""电路分析基础""}"
FACTSRC-c24fff63-949a-5eb2-a6e3-1a9e787d44a7,syllabus,SYLL-aefb5f6a-919f-5b08-a04e-b05fbea4ace2,SRC-HFNU-2024-DG,primary_evidence,"{""asset_id"":""ASSET-HFNU-2024-DG-PDF"",""page"":23,""row_key"":""环境设计|室内设计表现"",""section"":""室内设计表现""}"
FACTSRC-fee7b5df-d82f-5744-a501-61f0a9de4c39,syllabus,SYLL-af0599c9-6b25-55d2-bb4f-4e10439ae8b6,SRC-HFNU-2024-DG,primary_evidence,"{""asset_id"":""ASSET-HFNU-2024-DG-PDF"",""page"":""49-52"",""row_key"":""电气工程及其自动化|电路分析基础"",""section"":""电路分析基础""}"
FACTSRC-3cbd4a37-e20e-5cea-af62-116d4165be12,syllabus,SYLL-b10d35b5-9c7f-5ea4-9c9c-f6876be55853,SRC-HFNU-2024-DG,primary_evidence,"{""asset_id"":""ASSET-HFNU-2024-DG-PDF"",""page"":22,""row_key"":""视觉传达设计|插画设计"",""section"":""插画设计""}"
FACTSRC-147f555e-83f9-5213-ae7c-ba84d2b8d421,syllabus,SYLL-b1c06a1e-7a83-55bf-908a-083dadff26fb,SRC-HFNU-2025-DG,primary_evidence,"{""asset_id"":""ASSET-HFNU-2025-DG-PDF"",""page"":""17-18"",""row_key"":""商务英语|旅游与酒店管理"",""section"":""旅游与酒店管理""}"
FACTSRC-b5229afd-7a9b-5291-928a-aefa19fd0e76,syllabus,SYLL-b1f4af0b-e14a-5371-9e6b-2c23ef681bb8,SRC-HFNU-2026-DG,primary_evidence,"{""asset_id"":""ASSET-HFNU-2026-DG-PDF"",""page"":28,""row_key"":""药物制剂|基础分析化学"",""section"":""基础分析化学""}"
FACTSRC-7978fde4-8f0d-5962-bcf7-f8eac1ea6a09,syllabus,SYLL-b993c342-3b29-5ec2-a28a-e993a6250819,SRC-HFNU-2025-DG,primary_evidence,"{""asset_id"":""ASSET-HFNU-2025-DG-PDF"",""page"":""33-34"",""row_key"":""经济统计学|统计学"",""section"":""统计学""}"
FACTSRC-76b40335-3c8c-5f0b-a5ba-b46009c8fcb4,syllabus,SYLL-b9e91a12-1409-596d-a7aa-86bb303562ec,SRC-HFNU-2026-DG,primary_evidence,"{""asset_id"":""ASSET-HFNU-2026-DG-PDF"",""page"":""21-22"",""row_key"":""音乐学|和声"",""section"":""和声""}"
FACTSRC-b9d91fb1-56e4-5de1-9cbf-ef3d4a3f0db5,syllabus,SYLL-ba865316-bbb9-5afd-b4a0-1ceed2c8818e,SRC-HFNU-2026-DG,primary_evidence,"{""asset_id"":""ASSET-HFNU-2026-DG-PDF"",""page"":11,""row_key"":""互联网金融|会计学原理"",""section"":""会计学原理""}"
FACTSRC-074384c0-a803-5e50-9c58-82f15a362999,syllabus,SYLL-bb8e06d0-1c60-5c45-9b4f-2af3d3ed90cc,SRC-HFNU-2024-DG,primary_evidence,"{""asset_id"":""ASSET-HFNU-2024-DG-PDF"",""page"":""36-37"",""row_key"":""经济统计学|统计学"",""section"":""统计学""}"
FACTSRC-f64972c7-0337-5e8a-99aa-3e2a2de271ea,syllabus,SYLL-bcffc803-9b46-5e07-bafd-1186882ae23a,SRC-HFNU-2024-DG,primary_evidence,"{""asset_id"":""ASSET-HFNU-2024-DG-PDF"",""page"":""28-29"",""row_key"":""药物制剂|基础分析化学"",""section"":""基础分析化学""}"
FACTSRC-874e9ce7-1850-5818-b3bf-a7e321d37abd,syllabus,SYLL-bf19a39a-ef56-52ec-8ec6-543760074192,SRC-HFNU-2025-DG,primary_evidence,"{""asset_id"":""ASSET-HFNU-2025-DG-PDF"",""page"":38,""row_key"":""电气工程及其自动化|数字电子技术基础"",""section"":""数字电子技术基础""}"
FACTSRC-6b257738-edfa-54bb-854c-01b8ad7f6460,syllabus,SYLL-bf91bf02-1db8-5e72-aebb-47ee53a89094,SRC-HFNU-2024-DG,primary_evidence,"{""asset_id"":""ASSET-HFNU-2024-DG-PDF"",""page"":""59-62"",""row_key"":""食品质量与安全|微生物学"",""section"":""微生物学""}"
FACTSRC-2e7bf7cc-e54b-5ac0-989c-607cd939caab,syllabus,SYLL-c2be5034-cb58-508b-9d36-94b9898274bc,SRC-HFNU-2025-DG,primary_evidence,"{""asset_id"":""ASSET-HFNU-2025-DG-PDF"",""page"":""40-41"",""row_key"":""计算机科学与技术|数据结构"",""section"":""数据结构""}"
FACTSRC-01d658c2-5abf-55c8-82ba-ac2892ba15df,syllabus,SYLL-c313c1f2-13da-5227-9fb7-538acfacf5d5,SRC-HFNU-2026-DG,primary_evidence,"{""asset_id"":""ASSET-HFNU-2026-DG-PDF"",""page"":""17-18"",""row_key"":""商务英语|旅游与酒店管理"",""section"":""旅游与酒店管理""}"
FACTSRC-25c1d4f1-da6d-5dae-8439-3bd2a36495ab,syllabus,SYLL-c6ab0de0-5467-5de9-b92a-3c5b85a24939,SRC-HFNU-2026-DG,primary_evidence,"{""asset_id"":""ASSET-HFNU-2026-DG-PDF"",""page"":22,""row_key"":""音乐学|中国音乐史"",""section"":""中国音乐史""}"
FACTSRC-bf143636-d9e4-5566-b815-f45cbeeabe0f,syllabus,SYLL-c73a6515-1235-58d4-aed1-d38ea502d7df,SRC-HFNU-2024-DG,primary_evidence,"{""asset_id"":""ASSET-HFNU-2024-DG-PDF"",""page"":""4-5"",""row_key"":""小学教育|教育学"",""section"":""教育学""}"
FACTSRC-d21ac76c-90e1-55b7-a1b2-b6eedd7f542f,syllabus,SYLL-c79dd06b-ac75-51a9-9925-3cd87117dd4d,SRC-HFNU-2024-DG,primary_evidence,"{""asset_id"":""ASSET-HFNU-2024-DG-PDF"",""page"":""55-57"",""row_key"":""数据科学与大数据技术|数据结构"",""section"":""数据结构""}"
FACTSRC-b9a1bf95-bae1-5874-a2ca-ac958a142faa,syllabus,SYLL-c847dfbf-cba2-5e1d-9168-6fb9b40b0fa4,SRC-HFNU-2026-DG,primary_evidence,"{""asset_id"":""ASSET-HFNU-2026-DG-PDF"",""page"":""43-44"",""row_key"":""生物制药|生物化学"",""section"":""生物化学""}"
FACTSRC-dada84ee-7010-57dd-a1f0-e38597e4bedc,syllabus,SYLL-ca799067-6f3a-5d6e-89d0-e1cc37cfa9e4,SRC-HFNU-2024-DG,primary_evidence,"{""asset_id"":""ASSET-HFNU-2024-DG-PDF"",""page"":""30-33"",""row_key"":""新能源材料与器件|无机化学"",""section"":""无机化学""}"
FACTSRC-4bc34d3f-c89d-5193-84aa-9a48e6615680,syllabus,SYLL-cbb7bf24-4bbf-5e8d-8d51-af56995c811b,SRC-HFNU-2024-DG,primary_evidence,"{""asset_id"":""ASSET-HFNU-2024-DG-PDF"",""page"":""33-35"",""row_key"":""材料科学与工程|大学物理"",""section"":""大学物理""}"
FACTSRC-34b809a0-acd8-5103-bb13-899bc8aa0d16,syllabus,SYLL-cce348cb-9f86-571a-a2cf-189cae7620b0,SRC-HFNU-2025-DG,primary_evidence,"{""asset_id"":""ASSET-HFNU-2025-DG-PDF"",""page"":""39-40"",""row_key"":""数据科学与大数据技术|C语言程序设计"",""section"":""C语言程序设计""}"
FACTSRC-287345a5-9d71-59a9-a7bf-05363e1d6e17,syllabus,SYLL-cdbcd39b-69c7-56cf-a4c2-238a225cca7d,SRC-HFNU-2026-DG,primary_evidence,"{""asset_id"":""ASSET-HFNU-2026-DG-PDF"",""page"":""41-42"",""row_key"":""网络工程|数据结构"",""section"":""数据结构""}"
FACTSRC-6ad18d22-b35f-5bbe-b35f-c7dd7e1fb3c9,syllabus,SYLL-cdc36638-fcd6-5600-9f18-dca2ac9c684a,SRC-HFNU-2026-DG,primary_evidence,"{""asset_id"":""ASSET-HFNU-2026-DG-PDF"",""page"":19,""row_key"":""服装与服饰设计|人物速写"",""section"":""人物速写""}"
FACTSRC-232a7f7d-374a-5084-8be7-08818fc4fcdb,syllabus,SYLL-cdd9ee58-1a04-522e-be99-757866a592d7,SRC-HFNU-2025-DG,primary_evidence,"{""asset_id"":""ASSET-HFNU-2025-DG-PDF"",""page"":""35-38"",""row_key"":""通信工程|电路分析基础"",""section"":""电路分析基础""}"
FACTSRC-22cd9f5e-feaa-5525-9189-bf60d4f4c05c,syllabus,SYLL-cea8a39a-ed76-54cc-8703-e01c47a2d0cd,SRC-HFNU-2025-DG,primary_evidence,"{""asset_id"":""ASSET-HFNU-2025-DG-PDF"",""page"":28,""row_key"":""制药工程|基础分析化学"",""section"":""基础分析化学""}"
FACTSRC-5679af6a-1bc9-56b5-8c1b-0bb1ad5ae409,syllabus,SYLL-cf8d5036-e03f-57a4-9444-b7db255a1f03,SRC-HFNU-2024-DG,primary_evidence,"{""asset_id"":""ASSET-HFNU-2024-DG-PDF"",""page"":28,""row_key"":""制药工程|基础无机化学"",""section"":""基础无机化学""}"
FACTSRC-38dfbf93-ad3c-5fa1-8bd6-e709226e9878,syllabus,SYLL-d089210b-0a47-5129-81b9-2d0879e3a366,SRC-HFNU-2024-DG,primary_evidence,"{""asset_id"":""ASSET-HFNU-2024-DG-PDF"",""page"":""24-26"",""row_key"":""运动康复|运动解剖生理学"",""section"":""运动解剖生理学""}"
FACTSRC-07aa18b1-9170-54db-a133-e860325e1fd9,syllabus,SYLL-d0a45d5d-04a1-520f-a9aa-43487bcb8c86,SRC-HFNU-2025-DG,primary_evidence,"{""asset_id"":""ASSET-HFNU-2025-DG-PDF"",""page"":""42-43"",""row_key"":""食品质量与安全|生物化学"",""section"":""生物化学""}"
FACTSRC-aa7d4e2b-63e5-5f4f-9631-e250cbdd7df8,syllabus,SYLL-d18f27d6-ed16-5fd2-9b79-fb6b36e95d6a,SRC-HFNU-2025-DG,primary_evidence,"{""asset_id"":""ASSET-HFNU-2025-DG-PDF"",""page"":8,""row_key"":""财务管理|会计学原理"",""section"":""会计学原理""}"
FACTSRC-bad08c00-e5fb-56c7-98d7-c534e0860a5d,syllabus,SYLL-d40c78e2-c7a0-5c1e-bf50-eb29d2f3ee84,SRC-HFNU-2025-DG,primary_evidence,"{""asset_id"":""ASSET-HFNU-2025-DG-PDF"",""page"":38,""row_key"":""电子信息工程|数字电子技术基础"",""section"":""数字电子技术基础""}"
FACTSRC-7545bb64-4244-5651-a063-0098589a75b1,syllabus,SYLL-d6b9778e-4570-58d6-bfe1-273eadf70928,SRC-HFNU-2024-DG,primary_evidence,"{""asset_id"":""ASSET-HFNU-2024-DG-PDF"",""page"":""39-41"",""row_key"":""电子信息工程|电路分析基础"",""section"":""电路分析基础""}"
FACTSRC-86d00852-a7dd-50f9-b613-dd77666f0136,syllabus,SYLL-d701daf6-88e7-5260-a023-a8e557fe56ec,SRC-HFNU-2025-DG,primary_evidence,"{""asset_id"":""ASSET-HFNU-2025-DG-PDF"",""page"":""16-17"",""row_key"":""商务英语|综合商务英语"",""section"":""综合商务英语""}"
FACTSRC-10ba415b-83ca-5d08-aa7b-f82e54040890,syllabus,SYLL-d8036b1d-1190-5b9e-a590-22c78d6b6113,SRC-HFNU-2024-DG,primary_evidence,"{""asset_id"":""ASSET-HFNU-2024-DG-PDF"",""page"":""52-53"",""row_key"":""电气工程及其自动化|自动控制原理"",""section"":""自动控制原理""}"
FACTSRC-d89f9b33-a844-526a-9a62-ebf1334ac6b0,syllabus,SYLL-de9429eb-a38b-5c7a-8505-1ed4a27b03ae,SRC-HFNU-2025-DG,primary_evidence,"{""asset_id"":""ASSET-HFNU-2025-DG-PDF"",""page"":""14-15"",""row_key"":""网络与新媒体|新闻学概论"",""section"":""新闻学概论""}"
FACTSRC-02b66543-aee4-58ca-9f2e-53b0ff05fd1b,syllabus,SYLL-dfaa5ef8-6c27-5adc-99c8-38a1807ad817,SRC-HFNU-2024-DG,primary_evidence,"{""asset_id"":""ASSET-HFNU-2024-DG-PDF"",""page"":""46-48"",""row_key"":""通信工程|数字电子技术基础"",""section"":""数字电子技术基础""}"
FACTSRC-3f5dfd9a-bfb4-527f-9b6e-43bf56c324dc,syllabus,SYLL-dfcb084e-cfd0-5106-8180-610e32fdc34b,SRC-HFNU-2024-DG,primary_evidence,"{""asset_id"":""ASSET-HFNU-2024-DG-PDF"",""page"":""55-57"",""row_key"":""计算机科学与技术|数据结构"",""section"":""数据结构""}"
FACTSRC-76db87f5-7874-5d63-8294-d7889524add4,syllabus,SYLL-e28b3c76-e575-5066-9644-3af6b06ef668,SRC-HFNU-2025-DG,primary_evidence,"{""asset_id"":""ASSET-HFNU-2025-DG-PDF"",""page"":22,""row_key"":""音乐学|中国音乐史"",""section"":""中国音乐史""}"
FACTSRC-c0a5aa84-d504-582a-9af3-544ab2c2269f,syllabus,SYLL-e320fa3a-80ba-5e23-8a58-e1d58d14501e,SRC-HFNU-2026-DG,primary_evidence,"{""asset_id"":""ASSET-HFNU-2026-DG-PDF"",""page"":""41-42"",""row_key"":""计算机科学与技术|数据结构"",""section"":""数据结构""}"
FACTSRC-088e06f8-2b27-5aba-872e-4d83697ca9c2,syllabus,SYLL-ea51cc6a-85ed-5973-9780-f51f01f3a032,SRC-HFNU-2026-DG,primary_evidence,"{""asset_id"":""ASSET-HFNU-2026-DG-PDF"",""page"":""29-31"",""row_key"":""新能源材料与器件|无机化学"",""section"":""无机化学""}"
FACTSRC-51422d7d-ecff-5551-8a5f-3419f6c19366,syllabus,SYLL-f06f5e7c-71bd-5ef9-9482-154e0e012b94,SRC-HFNU-2025-DG,primary_evidence,"{""asset_id"":""ASSET-HFNU-2025-DG-PDF"",""page"":""23-25"",""row_key"":""运动康复|运动解剖生理学"",""section"":""运动解剖生理学""}"
FACTSRC-e29f9270-975e-5c47-be5b-4a883e57bc04,syllabus,SYLL-f093ae2a-7dab-56db-ade3-02f99d1805d6,SRC-HFNU-2026-DG,primary_evidence,"{""asset_id"":""ASSET-HFNU-2026-DG-PDF"",""page"":19,""row_key"":""服装与服饰设计|插画设计"",""section"":""插画设计""}"
FACTSRC-59d0e3d7-98dc-5476-8bf6-4fc0fc171506,syllabus,SYLL-f41192fa-61e7-5eff-8edc-5c776c8cb731,SRC-HFNU-2025-DG,primary_evidence,"{""asset_id"":""ASSET-HFNU-2025-DG-PDF"",""page"":""43-44"",""row_key"":""食品质量与安全|微生物学"",""section"":""微生物学""}"
FACTSRC-cbe0e3cd-8685-54ee-93ef-e6b1c990c2be,syllabus,SYLL-f4425ad8-c0dd-52d2-ba9d-a59f774489cd,SRC-HFNU-2026-DG,primary_evidence,"{""asset_id"":""ASSET-HFNU-2026-DG-PDF"",""page"":""12-14"",""row_key"":""网络与新媒体|传播学概论"",""section"":""传播学概论""}"
FACTSRC-0d691f0a-5cb0-539e-98a6-bc00630f7b35,syllabus,SYLL-f8a92dd3-92e7-598e-9b82-d6bf5dbdbdd8,SRC-HFNU-2026-DG,primary_evidence,"{""asset_id"":""ASSET-HFNU-2026-DG-PDF"",""page"":8,""row_key"":""人力资源管理|会计学原理"",""section"":""会计学原理""}"
FACTSRC-2ccb2e40-26c5-56ac-b26f-151f88b77fef,syllabus,SYLL-f92a0002-a0e8-5659-a0df-2b384404aadf,SRC-HFNU-2026-DG,primary_evidence,"{""asset_id"":""ASSET-HFNU-2026-DG-PDF"",""page"":""27-28"",""row_key"":""化学工程与工艺|基础无机化学"",""section"":""基础无机化学""}"
FACTSRC-e3592f8d-1091-5914-b4f1-f0e530b6c5b7,syllabus,SYLL-fa2ab990-c9b7-5372-9d52-6bc7ecebae2e,SRC-HFNU-2025-DG,primary_evidence,"{""asset_id"":""ASSET-HFNU-2025-DG-PDF"",""page"":""35-38"",""row_key"":""电子信息工程|电路分析基础"",""section"":""电路分析基础""}"
FACTSRC-39d2cd2d-446e-5f64-b730-2e29c1aeca03,syllabus,SYLL-fd8debab-4e9d-5284-b49f-8a65045984e1,SRC-HFNU-2025-DG,primary_evidence,"{""asset_id"":""ASSET-HFNU-2025-DG-PDF"",""page"":28,""row_key"":""药物制剂|基础分析化学"",""section"":""基础分析化学""}"
FACTSRC-8dfa5848-c954-5c6c-b0be-adb36c1844f0,syllabus,SYLL-fd901b3e-03cb-5148-9ff4-fbc0310d63a5,SRC-HFNU-2026-DG,primary_evidence,"{""asset_id"":""ASSET-HFNU-2026-DG-PDF"",""page"":""44-45"",""row_key"":""生物制药|微生物学"",""section"":""微生物学""}"
FACTSRC-75300961-dccf-56fc-a983-d4b9a10cf757,syllabus,SYLL-fdeb126d-1207-5c22-9fe4-5276ca1fcdc8,SRC-HFNU-2024-DG,primary_evidence,"{""asset_id"":""ASSET-HFNU-2024-DG-PDF"",""page"":""14-15"",""row_key"":""网络与新媒体|传播学概论"",""section"":""传播学概论""}"
FACTSRC-ae06e426-951b-57c7-a628-683baaf51f7e,syllabus,SYLL-fe52132b-b1b7-53a2-b8af-a874dbcfe135,SRC-HFNU-2026-DG,primary_evidence,"{""asset_id"":""ASSET-HFNU-2026-DG-PDF"",""page"":""38-39"",""row_key"":""电子信息工程|数字电子技术基础"",""section"":""数字电子技术基础""}"
FACTSRC-c9802966-8329-52d7-aee9-8ebf00158da1,syllabus,SYLL-fe7660fb-79a3-5b26-9833-92a03f9628b9,SRC-HFNU-2025-DG,primary_evidence,"{""asset_id"":""ASSET-HFNU-2025-DG-PDF"",""page"":""40-41"",""row_key"":""软件工程|数据结构"",""section"":""数据结构""}"
FACTSRC-01abf3a4-9c85-54ac-a276-5621b775b2a0,syllabus,SYLL-feb8da2c-e7a8-5275-be54-df576502fcca,SRC-HFNU-2024-DG,primary_evidence,"{""asset_id"":""ASSET-HFNU-2024-DG-PDF"",""page"":""33-35"",""row_key"":""新能源材料与器件|大学物理"",""section"":""大学物理""}"
FACTSRC-24ab2e3d-fbfd-598c-8228-3bfbede6d347,syllabus,SYLL-ffb9f6eb-b12e-583b-b0ff-51c3b0552ff7,SRC-HFNU-2024-DG,primary_evidence,"{""asset_id"":""ASSET-HFNU-2024-DG-PDF"",""page"":22,""row_key"":""视觉传达设计|人物速写"",""section"":""人物速写""}"
